"codigo_contrato","numero_contrato","codigo_cliente","codigo_veiculo","codigo_grupo_contrato","valor_tarifa","codigo_empresa","data_hora_inicio","data_hora_termino","codigo_status","inserido_em","modificado_em"
"597310","45","36441","7764","7887",5862.94,"167",2026-06-30 20:00:00.000 -0400,2026-07-31 19:59:00.000 -0400,"1",2026-06-30 11:14:53.000 -0400,2026-07-08 05:01:10.447 -0400
"595032","171","36426","10386","2250",2952.00,"167",2026-06-30 20:00:00.000 -0400,2026-07-31 19:59:00.000 -0400,"1",2026-06-29 08:54:11.000 -0400,2026-06-29 08:54:11.000 -0400
"122152","317","36317","8830","2214",2232.00,"167",2025-06-30 20:00:00.000 -0400,2025-07-31 19:59:00.000 -0400,"5",2025-06-27 10:18:54.000 -0400,2025-07-28 08:23:16.000 -0400
"133174","324","36317","8830","2214",2232.00,"167",2025-07-31 20:00:00.000 -0400,2025-08-31 19:59:00.000 -0400,"5",2025-07-28 08:23:16.000 -0400,2025-08-27 17:39:31.740 -0400
"148996","331","36317","8830","2214",2232.00,"167",2025-08-31 20:00:00.000 -0400,2025-09-30 19:59:00.000 -0400,"5",2025-08-27 14:39:31.000 -0400,2025-09-29 09:24:05.573 -0400
"160439","338","36317","8830","2214",2232.00,"167",2025-09-30 20:00:00.000 -0400,2025-10-31 19:59:00.000 -0400,"5",2025-09-29 06:24:05.000 -0400,2025-10-28 11:27:50.773 -0400
"174516","345","36317","8830","2214",2232.00,"167",2025-10-31 20:00:00.000 -0400,2025-11-30 19:59:00.000 -0400,"5",2025-10-28 08:27:50.000 -0400,2025-11-28 12:05:47.223 -0400
"186840","352","36317","8830","2214",2232.00,"167",2025-11-30 20:00:00.000 -0400,2025-12-31 19:59:00.000 -0400,"5",2025-11-28 09:05:47.000 -0400,2025-12-26 08:29:07.503 -0400
"215612","359","36317","8830","2214",2232.00,"167",2025-12-31 20:00:00.000 -0400,2026-01-31 19:59:00.000 -0400,"5",2025-12-26 05:29:07.000 -0400,2026-01-26 09:44:40.897 -0400
"238048","366","36317","8830","2214",2232.00,"167",2026-01-31 20:00:00.000 -0400,2026-02-28 19:59:00.000 -0400,"5",2026-01-26 06:44:40.000 -0400,2026-02-27 07:55:03.000 -0400
"267912","373","36317","8830","2214",2232.00,"167",2026-02-28 20:00:00.000 -0400,2026-03-31 19:59:00.000 -0400,"5",2026-02-27 07:55:03.000 -0400,2026-03-30 08:00:54.920 -0400
"338539","381","36317","8830","2214",2232.00,"167",2026-03-31 20:00:00.000 -0400,2026-04-30 19:59:00.000 -0400,"5",2026-03-30 05:00:54.000 -0400,2026-04-30 08:01:09.783 -0400
"531898","388","36317","8830","2214",2232.00,"167",2026-04-30 20:00:00.000 -0400,2026-05-31 19:59:00.000 -0400,"5",2026-04-30 05:01:09.000 -0400,2026-05-30 08:01:11.413 -0400
"579154","397","36317","8830","2214",2232.00,"167",2026-05-31 20:00:00.000 -0400,2026-06-30 19:59:00.000 -0400,"5",2026-05-30 05:01:11.000 -0400,2026-06-30 09:55:52.943 -0400
"595527","404","36317","8830","2214",2232.00,"167",2026-06-30 20:00:00.000 -0400,2026-07-31 19:59:00.000 -0400,"1",2026-06-30 06:55:52.000 -0400,2026-07-17 05:01:24.883 -0400
"588884","62","36318","27465","2212",1992.00,"167",2026-05-31 20:00:00.000 -0400,2026-06-30 19:59:00.000 -0400,"5",2026-06-16 12:19:26.000 -0400,2026-06-30 06:59:46.000 -0400
"595583","63","36318","27465","2212",1992.00,"167",2026-06-30 20:00:00.000 -0400,2026-07-31 19:59:00.000 -0400,"1",2026-06-30 06:59:46.000 -0400,2026-07-17 05:04:16.670 -0400
"282430","11","36320","26691","4708",2700.00,"167",2026-02-28 19:59:00.000 -0400,2026-03-28 19:59:00.000 -0400,"5",2026-03-12 06:45:55.000 -0400,2026-03-30 08:02:05.657 -0400
"338576","12","36320","26691","4708",2700.00,"167",2026-03-28 19:59:00.000 -0400,2026-04-28 10:49:00.000 -0400,"5",2026-03-30 05:02:05.000 -0400,2026-04-28 11:51:00.000 -0400
"534887","1","36320","26691","21446",2850.00,"167",2026-05-01 19:59:00.000 -0400,2026-06-01 19:59:00.000 -0400,"5",2026-05-02 08:01:15.000 -0400,2026-06-01 11:38:31.710 -0400
"581410","2","36320","26691","21446",2850.00,"167",2026-06-01 19:59:00.000 -0400,2026-07-01 19:59:00.000 -0400,"5",2026-06-01 08:38:31.000 -0400,2026-07-03 09:02:08.000 -0400
"600279","3","36320","26691","21446",2850.00,"167",2026-07-01 19:59:00.000 -0400,2026-08-01 19:59:00.000 -0400,"1",2026-07-03 09:02:08.000 -0400,2026-07-17 05:03:52.080 -0400
"127092","1","36506","12572","7689",3790.00,"167",2025-07-04 07:16:00.000 -0400,2025-08-04 19:59:00.000 -0400,"5",2025-07-04 10:13:22.000 -0400,2025-07-30 05:29:57.000 -0400
"133739","2","36506","12572","7689",3790.00,"167",2025-08-04 19:59:00.000 -0400,2025-09-04 19:59:00.000 -0400,"5",2025-07-30 05:29:57.000 -0400,2025-08-28 07:33:41.000 -0400
"149122","3","36506","12572","7689",3790.00,"167",2025-09-04 19:59:00.000 -0400,2025-10-04 19:59:00.000 -0400,"5",2025-08-28 07:33:41.000 -0400,2025-09-29 10:22:16.570 -0400
"160481","4","36506","12572","7689",3790.00,"167",2025-10-04 19:59:00.000 -0400,2025-11-04 19:59:00.000 -0400,"5",2025-09-29 07:22:16.000 -0400,2025-10-30 06:14:28.000 -0400
"175405","5","36506","12572","7689",3790.00,"167",2025-11-04 19:59:00.000 -0400,2025-12-04 19:59:00.000 -0400,"5",2025-10-30 06:14:28.000 -0400,2025-11-28 09:35:04.000 -0400
"186861","6","36506","12572","7689",3790.00,"167",2025-12-04 19:59:00.000 -0400,2026-01-04 19:59:00.000 -0400,"5",2025-11-28 09:35:04.000 -0400,2025-12-29 06:43:21.000 -0400
"338543","385","36317","27461","2214",1992.00,"167",2026-03-31 20:00:00.000 -0400,2026-04-30 19:59:00.000 -0400,"5",2026-03-30 05:00:57.000 -0400,2026-04-30 08:01:10.960 -0400
"531902","392","36317","27461","2214",1992.00,"167",2026-04-30 20:00:00.000 -0400,2026-05-31 19:59:00.000 -0400,"5",2026-04-30 05:01:10.000 -0400,2026-05-30 05:01:12.000 -0400
"579156","399","36317","27461","2214",1992.00,"167",2026-05-31 20:00:00.000 -0400,2026-06-30 19:59:00.000 -0400,"5",2026-05-30 05:01:12.000 -0400,2026-06-30 06:55:55.000 -0400
"595533","406","36317","27461","2214",1992.00,"167",2026-06-30 20:00:00.000 -0400,2026-07-31 19:59:00.000 -0400,"1",2026-06-30 06:55:55.000 -0400,2026-07-17 05:03:48.477 -0400
"293458","377","36317","26688","2214",1992.00,"167",2026-02-28 20:00:00.000 -0400,2026-03-31 19:59:00.000 -0400,"5",2026-03-18 08:04:23.000 -0400,2026-03-30 05:00:56.000 -0400
"338542","384","36317","26688","2214",1992.00,"167",2026-03-31 20:00:00.000 -0400,2026-04-30 19:59:00.000 -0400,"5",2026-03-30 05:00:56.000 -0400,2026-04-30 08:01:10.620 -0400
"531901","391","36317","26688","2214",1992.00,"167",2026-04-30 20:00:00.000 -0400,2026-05-31 19:59:00.000 -0400,"5",2026-04-30 05:01:10.000 -0400,2026-05-30 08:01:10.650 -0400
"579152","395","36317","26688","2214",1992.00,"167",2026-05-31 20:00:00.000 -0400,2026-06-30 19:59:00.000 -0400,"5",2026-05-30 05:01:10.000 -0400,2026-06-30 06:55:50.000 -0400
"595523","402","36317","26688","2214",1992.00,"167",2026-06-30 20:00:00.000 -0400,2026-07-31 19:59:00.000 -0400,"1",2026-06-30 06:55:49.000 -0400,2026-07-17 05:03:56.677 -0400
"524743","386","36317","27934","2214",2152.00,"167",2026-03-31 20:00:00.000 -0400,2026-04-30 19:59:00.000 -0400,"5",2026-04-14 11:56:31.000 -0400,2026-04-30 08:01:11.243 -0400
"531903","393","36317","27934","2214",2152.00,"167",2026-04-30 20:00:00.000 -0400,2026-05-31 19:59:00.000 -0400,"5",2026-04-30 05:01:11.000 -0400,2026-05-30 08:01:12.597 -0400
"579157","400","36317","27934","2214",2152.00,"167",2026-05-31 20:00:00.000 -0400,2026-06-30 19:59:00.000 -0400,"5",2026-05-30 05:01:12.000 -0400,2026-06-30 09:55:56.790 -0400
"595536","407","36317","27934","2214",2152.00,"167",2026-06-30 20:00:00.000 -0400,2026-07-31 19:59:00.000 -0400,"1",2026-06-30 06:55:56.000 -0400,2026-07-17 05:04:24.777 -0400
"85147","282","36317","8828","2214",2232.00,"167",2025-01-31 20:00:00.000 -0400,2025-02-28 19:59:00.000 -0400,"5",2025-02-22 06:27:29.000 -0400,2025-02-28 11:51:33.780 -0400
"87023","289","36317","8828","2214",2232.00,"167",2025-02-28 20:00:00.000 -0400,2025-03-31 19:59:00.000 -0400,"5",2025-02-28 08:51:33.000 -0400,2025-03-29 10:49:30.770 -0400
"97644","296","36317","8828","2214",2232.00,"167",2025-03-31 20:00:00.000 -0400,2025-04-30 19:59:00.000 -0400,"5",2025-03-29 07:49:30.000 -0400,2025-04-30 13:50:45.003 -0400
"105836","303","36317","8828","2214",2232.00,"167",2025-04-30 20:00:00.000 -0400,2025-05-31 19:59:00.000 -0400,"5",2025-04-30 10:50:44.000 -0400,2025-05-29 10:40:10.323 -0400
"114387","310","36317","8828","2214",2232.00,"167",2025-05-31 20:00:00.000 -0400,2025-06-30 19:59:00.000 -0400,"5",2025-05-29 07:40:10.000 -0400,2025-06-27 13:18:53.560 -0400
"122151","316","36317","8828","2214",2232.00,"167",2025-06-30 20:00:00.000 -0400,2025-07-31 19:59:00.000 -0400,"5",2025-06-27 10:18:53.000 -0400,2025-07-28 11:23:15.770 -0400
"133173","323","36317","8828","2214",2232.00,"167",2025-07-31 20:00:00.000 -0400,2025-08-31 19:59:00.000 -0400,"5",2025-07-28 08:23:15.000 -0400,2025-08-27 17:39:31.430 -0400
"148995","330","36317","8828","2214",2232.00,"167",2025-08-31 20:00:00.000 -0400,2025-09-30 19:59:00.000 -0400,"5",2025-08-27 14:39:31.000 -0400,2025-09-29 09:24:05.257 -0400
"160438","337","36317","8828","2214",2232.00,"167",2025-09-30 20:00:00.000 -0400,2025-10-31 19:59:00.000 -0400,"5",2025-09-29 06:24:05.000 -0400,2025-10-28 11:27:50.463 -0400
"174515","344","36317","8828","2214",2232.00,"167",2025-10-31 20:00:00.000 -0400,2025-11-30 19:59:00.000 -0400,"5",2025-10-28 08:27:50.000 -0400,2025-11-28 12:05:46.927 -0400
"186839","351","36317","8828","2214",2232.00,"167",2025-11-30 20:00:00.000 -0400,2025-12-31 19:59:00.000 -0400,"5",2025-11-28 09:05:46.000 -0400,2025-12-26 05:29:07.000 -0400
"215611","358","36317","8828","2214",2232.00,"167",2025-12-31 20:00:00.000 -0400,2026-01-31 19:59:00.000 -0400,"5",2025-12-26 05:29:07.000 -0400,2026-01-26 09:44:40.420 -0400
"238047","365","36317","8828","2214",2232.00,"167",2026-01-31 20:00:00.000 -0400,2026-02-28 19:59:00.000 -0400,"5",2026-01-26 06:44:40.000 -0400,2026-02-27 10:55:02.717 -0400
"267911","372","36317","8828","2214",2232.00,"167",2026-02-28 20:00:00.000 -0400,2026-03-31 19:59:00.000 -0400,"5",2026-02-27 07:55:02.000 -0400,2026-03-30 08:00:54.500 -0400
"338538","380","36317","8828","2214",2232.00,"167",2026-03-31 20:00:00.000 -0400,2026-04-30 19:59:00.000 -0400,"5",2026-03-30 05:00:54.000 -0400,2026-04-30 08:01:09.427 -0400
"531897","387","36317","8828","2214",2232.00,"167",2026-04-30 20:00:00.000 -0400,2026-05-31 19:59:00.000 -0400,"5",2026-04-30 05:01:09.000 -0400,2026-05-30 05:01:11.000 -0400
"579153","396","36317","8828","2214",2232.00,"167",2026-05-31 20:00:00.000 -0400,2026-06-30 19:59:00.000 -0400,"5",2026-05-30 05:01:10.000 -0400,2026-06-30 06:55:51.000 -0400
"595525","403","36317","8828","2214",2232.00,"167",2026-06-30 20:00:00.000 -0400,2026-07-31 19:59:00.000 -0400,"1",2026-06-30 06:55:51.000 -0400,2026-07-17 05:01:22.600 -0400
"85880","283","36317","8830","2214",2232.00,"167",2025-01-31 20:00:00.000 -0400,2025-02-28 19:59:00.000 -0400,"5",2025-02-25 12:22:04.000 -0400,2025-02-28 11:51:33.920 -0400
"87024","290","36317","8830","2214",2232.00,"167",2025-02-28 20:00:00.000 -0400,2025-03-31 19:59:00.000 -0400,"5",2025-02-28 08:51:33.000 -0400,2025-03-29 10:49:30.970 -0400
"97645","297","36317","8830","2214",2232.00,"167",2025-03-31 20:00:00.000 -0400,2025-04-30 19:59:00.000 -0400,"5",2025-03-29 07:49:30.000 -0400,2025-04-30 13:50:45.217 -0400
"105837","304","36317","8830","2214",2232.00,"167",2025-04-30 20:00:00.000 -0400,2025-05-31 19:59:00.000 -0400,"5",2025-04-30 10:50:45.000 -0400,2025-05-29 10:40:10.570 -0400
"114388","311","36317","8830","2214",2232.00,"167",2025-05-31 20:00:00.000 -0400,2025-06-30 19:59:00.000 -0400,"5",2025-05-29 07:40:10.000 -0400,2025-06-27 10:18:54.000 -0400
"216222","7","36506","12572","7689",3790.00,"167",2026-01-04 19:59:00.000 -0400,2026-02-04 19:59:00.000 -0400,"5",2025-12-29 06:43:21.000 -0400,2026-01-28 10:02:37.370 -0400
"239173","8","36506","12572","7689",3790.00,"167",2026-02-04 19:59:00.000 -0400,2026-03-04 19:59:00.000 -0400,"5",2026-01-28 07:02:37.000 -0400,2026-02-27 15:51:59.737 -0400
"595016","155","36316","10066","2209",1992.00,"167",2026-06-30 20:00:00.000 -0400,2026-07-31 19:59:00.000 -0400,"1",2026-06-29 08:50:34.000 -0400,2026-07-17 05:02:17.963 -0400
"527302","147","36316","27933","2209",2152.00,"167",2026-03-31 20:00:00.000 -0400,2026-04-30 19:59:00.000 -0400,"5",2026-04-20 06:47:12.000 -0400,2026-04-30 08:00:02.617 -0400
"531865","150","36316","27933","2209",2152.00,"167",2026-04-30 20:00:00.000 -0400,2026-05-31 19:59:00.000 -0400,"5",2026-04-30 05:00:02.000 -0400,2026-05-30 08:00:04.380 -0400
"579121","153","36316","27933","2209",2152.00,"167",2026-05-31 20:00:00.000 -0400,2026-06-30 19:59:00.000 -0400,"5",2026-05-30 05:00:04.000 -0400,2026-06-29 11:50:35.920 -0400
"595017","156","36316","27933","2209",2152.00,"167",2026-06-30 20:00:00.000 -0400,2026-07-31 19:59:00.000 -0400,"1",2026-06-29 08:50:35.000 -0400,2026-07-17 05:04:29.810 -0400
"105812","300","36317","10030","2214",1992.00,"167",2025-03-31 20:00:00.000 -0400,2025-04-30 19:59:00.000 -0400,"5",2025-04-30 10:00:12.000 -0400,2025-04-30 13:50:45.863 -0400
"105840","307","36317","10030","2214",1992.00,"167",2025-04-30 20:00:00.000 -0400,2025-05-31 19:59:00.000 -0400,"5",2025-04-30 10:50:45.000 -0400,2025-05-29 07:40:11.000 -0400
"114390","313","36317","10030","2214",1992.00,"167",2025-05-31 20:00:00.000 -0400,2025-06-30 19:59:00.000 -0400,"5",2025-05-29 07:40:11.000 -0400,2025-06-27 13:18:54.963 -0400
"122154","319","36317","10030","2214",1992.00,"167",2025-06-30 20:00:00.000 -0400,2025-07-31 19:59:00.000 -0400,"5",2025-06-27 10:18:54.000 -0400,2025-07-28 11:23:16.883 -0400
"133176","326","36317","10030","2214",1992.00,"167",2025-07-31 20:00:00.000 -0400,2025-08-31 19:59:00.000 -0400,"5",2025-07-28 08:23:16.000 -0400,2025-08-27 17:39:32.390 -0400
"148998","333","36317","10030","2214",1992.00,"167",2025-08-31 20:00:00.000 -0400,2025-09-30 19:59:00.000 -0400,"5",2025-08-27 14:39:32.000 -0400,2025-09-29 09:24:06.540 -0400
"160441","340","36317","10030","2214",1992.00,"167",2025-09-30 20:00:00.000 -0400,2025-10-31 19:59:00.000 -0400,"5",2025-09-29 06:24:06.000 -0400,2025-10-28 11:27:51.357 -0400
"174518","347","36317","10030","2214",1992.00,"167",2025-10-31 20:00:00.000 -0400,2025-11-30 19:59:00.000 -0400,"5",2025-10-28 08:27:51.000 -0400,2025-11-28 12:05:47.800 -0400
"186842","354","36317","10030","2214",1992.00,"167",2025-11-30 20:00:00.000 -0400,2025-12-31 19:59:00.000 -0400,"5",2025-11-28 09:05:47.000 -0400,2025-12-26 08:29:08.340 -0400
"215614","361","36317","10030","2214",1992.00,"167",2025-12-31 20:00:00.000 -0400,2026-01-31 19:59:00.000 -0400,"5",2025-12-26 05:29:08.000 -0400,2026-01-26 06:44:42.000 -0400
"238050","368","36317","10030","2214",1992.00,"167",2026-01-31 20:00:00.000 -0400,2026-02-28 19:59:00.000 -0400,"5",2026-01-26 06:44:42.000 -0400,2026-02-27 07:55:04.000 -0400
"267914","375","36317","10030","2214",1992.00,"167",2026-02-28 20:00:00.000 -0400,2026-03-31 19:59:00.000 -0400,"5",2026-02-27 07:55:04.000 -0400,2026-03-30 08:00:55.320 -0400
"338540","382","36317","10030","2214",1992.00,"167",2026-03-31 20:00:00.000 -0400,2026-04-30 19:59:00.000 -0400,"5",2026-03-30 05:00:55.000 -0400,2026-04-30 05:01:10.000 -0400
"531899","389","36317","10030","2214",1992.00,"167",2026-04-30 20:00:00.000 -0400,2026-05-31 19:59:00.000 -0400,"5",2026-04-30 05:01:10.000 -0400,2026-05-30 08:01:11.783 -0400
"579155","398","36317","10030","2214",1992.00,"167",2026-05-31 20:00:00.000 -0400,2026-06-30 19:59:00.000 -0400,"5",2026-05-30 05:01:11.000 -0400,2026-06-30 06:55:54.000 -0400
"595530","405","36317","10030","2214",1992.00,"167",2026-06-30 20:00:00.000 -0400,2026-07-31 19:59:00.000 -0400,"1",2026-06-30 06:55:53.000 -0400,2026-07-17 05:02:13.863 -0400
"105810","299","36317","10029","2214",1992.00,"167",2025-03-31 20:00:00.000 -0400,2025-04-30 19:59:00.000 -0400,"5",2025-04-30 09:57:17.000 -0400,2025-04-30 13:50:45.650 -0400
"105839","306","36317","10029","2214",1992.00,"167",2025-04-30 20:00:00.000 -0400,2025-05-14 12:12:00.000 -0400,"5",2025-04-30 10:50:45.000 -0400,2025-05-29 07:40:10.000 -0400
"112316","197","36366","10029","2213",2152.00,"167",2025-04-30 20:00:00.000 -0400,2025-05-31 19:59:00.000 -0400,"5",2025-05-19 11:48:43.000 -0400,2025-05-29 10:45:29.670 -0400
"114397","201","36366","10029","2213",2152.00,"167",2025-05-31 20:00:00.000 -0400,2025-06-30 19:59:00.000 -0400,"5",2025-05-29 07:45:29.000 -0400,2025-06-27 10:34:04.747 -0400
"122066","205","36366","10029","2213",2152.00,"167",2025-06-30 20:00:00.000 -0400,2025-07-31 19:59:00.000 -0400,"5",2025-06-27 07:34:04.000 -0400,2025-07-28 08:26:48.000 -0400
"133182","209","36366","10029","2213",2152.00,"167",2025-07-31 20:00:00.000 -0400,2025-08-31 19:59:00.000 -0400,"5",2025-07-28 08:26:48.000 -0400,2025-08-27 17:42:58.353 -0400
"149002","213","36366","10029","2213",2152.00,"167",2025-08-31 20:00:00.000 -0400,2025-09-30 19:59:00.000 -0400,"5",2025-08-27 14:42:58.000 -0400,2025-09-29 09:25:40.937 -0400
"160445","217","36366","10029","2213",2152.00,"167",2025-09-30 20:00:00.000 -0400,2025-10-31 19:59:00.000 -0400,"5",2025-09-29 06:25:40.000 -0400,2025-10-28 16:15:22.980 -0400
"174825","221","36366","10029","2213",2152.00,"167",2025-10-31 20:00:00.000 -0400,2025-11-30 19:59:00.000 -0400,"5",2025-10-28 13:15:22.000 -0400,2025-11-28 09:16:16.000 -0400
"186848","225","36366","10029","2213",2152.00,"167",2025-11-30 20:00:00.000 -0400,2025-12-31 19:59:00.000 -0400,"5",2025-11-28 09:16:16.000 -0400,2025-12-26 08:30:42.730 -0400
"579158","401","36317","27702","2214",1992.00,"167",2026-05-31 20:00:00.000 -0400,2026-06-30 19:59:00.000 -0400,"5",2026-05-30 05:01:12.000 -0400,2026-06-30 06:55:58.000 -0400
"595538","408","36317","27702","2214",1992.00,"167",2026-06-30 20:00:00.000 -0400,2026-07-31 19:59:00.000 -0400,"1",2026-06-30 06:55:57.000 -0400,2026-07-17 05:04:04.180 -0400
"294486","378","36317","27461","2214",1992.00,"167",2026-02-28 20:00:00.000 -0400,2026-03-31 19:59:00.000 -0400,"5",2026-03-20 11:15:43.000 -0400,2026-03-30 05:00:57.000 -0400
"268500","9","36506","12572","7689",3790.00,"167",2026-03-04 19:59:00.000 -0400,2026-03-16 04:48:00.000 -0400,"5",2026-02-27 12:51:59.000 -0400,2026-03-16 06:43:16.000 -0400
"294559","14","49752","12572","4328",3877.20,"167",2026-03-22 19:59:00.000 -0400,2026-04-22 19:59:00.000 -0400,"5",2026-03-20 13:59:43.000 -0400,2026-04-22 08:00:32.743 -0400
"527981","15","49752","12572","4328",3877.20,"167",2026-04-22 19:59:00.000 -0400,2026-05-22 19:59:00.000 -0400,"5",2026-04-22 05:00:32.000 -0400,2026-05-22 08:00:07.260 -0400
"575049","16","49752","12572","4328",3877.20,"167",2026-05-22 19:59:00.000 -0400,2026-06-22 19:59:00.000 -0400,"5",2026-05-22 05:00:07.000 -0400,2026-06-22 08:43:37.000 -0400
"591369","17","49752","12572","4328",3877.20,"167",2026-06-22 19:59:00.000 -0400,2026-07-22 19:59:00.000 -0400,"1",2026-06-22 08:43:36.000 -0400,2026-07-17 05:02:52.477 -0400
"98484","1","36345","8750","4010",3321.00,"167",2025-03-19 12:05:00.000 -0400,2025-03-31 19:59:00.000 -0400,"5",2025-04-01 09:01:25.000 -0400,2025-04-01 12:08:19.827 -0400
"606418","2","36555","6141","24150",2990.00,"167",2026-07-16 05:00:00.000 -0400,2026-08-16 05:00:00.000 -0400,"1",2026-07-16 06:45:14.000 -0400,2026-07-17 05:01:01.267 -0400
"105882","1","54223","10026","4799",3790.00,"167",2025-04-30 10:24:00.000 -0400,2025-05-15 05:45:00.000 -0400,"3",2025-04-30 11:38:09.000 -0400,2025-05-15 10:54:30.553 -0400
"123197","1","36441","10026","7887",3109.60,"167",2025-06-30 20:00:00.000 -0400,2025-07-31 19:59:00.000 -0400,"5",2025-06-30 14:11:09.000 -0400,2025-07-28 14:53:06.637 -0400
"133291","5","36441","10026","7887",3109.60,"167",2025-07-31 20:00:00.000 -0400,2025-08-31 19:59:00.000 -0400,"5",2025-07-28 11:53:06.000 -0400,2025-08-27 17:13:59.647 -0400
"148959","9","36441","10026","7887",3109.60,"167",2025-08-31 20:00:00.000 -0400,2025-09-30 19:59:00.000 -0400,"5",2025-08-27 14:13:59.000 -0400,2025-09-27 11:09:27.910 -0400
"160223","13","36441","10026","7887",3109.60,"167",2025-09-30 20:00:00.000 -0400,2025-10-31 19:59:00.000 -0400,"5",2025-09-27 08:09:27.000 -0400,2025-10-28 13:23:22.587 -0400
"174593","17","36441","10026","7887",3109.60,"167",2025-10-31 20:00:00.000 -0400,2025-11-30 19:59:00.000 -0400,"5",2025-10-28 10:23:22.000 -0400,2025-11-28 11:01:33.740 -0400
"186768","21","36441","10026","7887",3109.60,"167",2025-11-30 20:00:00.000 -0400,2025-12-31 19:59:00.000 -0400,"5",2025-11-28 08:01:33.000 -0400,2025-12-26 08:50:46.243 -0400
"215657","25","36441","10026","7887",3109.60,"167",2025-12-31 20:00:00.000 -0400,2026-01-31 19:59:00.000 -0400,"5",2025-12-26 05:50:46.000 -0400,2026-01-28 08:25:48.410 -0400
"239034","29","36441","10026","7887",3109.60,"167",2026-01-31 20:00:00.000 -0400,2026-02-28 19:59:00.000 -0400,"5",2026-01-28 05:25:48.000 -0400,2026-02-27 08:04:44.000 -0400
"267949","32","36441","10026","7887",3109.60,"167",2026-02-28 20:00:00.000 -0400,2026-03-31 19:59:00.000 -0400,"5",2026-02-27 08:04:44.000 -0400,2026-03-30 08:01:59.980 -0400
"338574","36","36441","10026","7887",3109.60,"167",2026-03-31 20:00:00.000 -0400,2026-04-30 19:59:00.000 -0400,"5",2026-03-30 05:01:59.000 -0400,2026-04-30 05:00:38.000 -0400
"531893","40","36441","10026","7887",3109.60,"167",2026-04-30 20:00:00.000 -0400,2026-05-31 19:59:00.000 -0400,"5",2026-04-30 05:00:38.000 -0400,2026-05-30 08:00:48.437 -0400
"579149","43","36441","10026","7887",3109.60,"167",2026-05-31 20:00:00.000 -0400,2026-06-30 19:59:00.000 -0400,"5",2026-05-30 05:00:48.000 -0400,2026-06-30 11:14:55.000 -0400
"597311","46","36441","10026","7887",3109.60,"167",2026-06-30 20:00:00.000 -0400,2026-07-01 05:14:00.000 -0400,"3",2026-06-30 11:14:54.000 -0400,2026-07-01 06:34:32.000 -0400
"606217","15","36474","10026","8118",4090.00,"167",2026-07-06 19:59:00.000 -0400,2026-08-06 19:59:00.000 -0400,"1",2026-07-15 14:01:32.000 -0400,2026-07-15 14:01:33.000 -0400
"606349","25","36566","5949","2375",3690.00,"167",2026-07-16 19:59:00.000 -0400,2026-08-16 19:59:00.000 -0400,"1",2026-07-16 06:25:34.000 -0400,2026-07-17 05:00:45.870 -0400
"267871","141","36316","5858","2209",2152.00,"167",2026-02-28 20:00:00.000 -0400,2026-03-31 19:59:00.000 -0400,"5",2026-02-27 07:31:08.000 -0400,2026-03-30 08:00:02.317 -0400
"338515","144","36316","5858","2209",2152.00,"167",2026-03-31 20:00:00.000 -0400,2026-04-30 19:59:00.000 -0400,"5",2026-03-30 05:00:02.000 -0400,2026-04-30 08:00:01.770 -0400
"531863","148","36316","5858","2209",2152.00,"167",2026-04-30 20:00:00.000 -0400,2026-05-31 19:59:00.000 -0400,"5",2026-04-30 05:00:01.000 -0400,2026-05-30 05:00:03.000 -0400
"579119","151","36316","5858","2209",2152.00,"167",2026-05-31 20:00:00.000 -0400,2026-06-30 19:59:00.000 -0400,"5",2026-05-30 05:00:02.000 -0400,2026-06-29 08:50:33.000 -0400
"595015","154","36316","5858","2209",2152.00,"167",2026-06-30 20:00:00.000 -0400,2026-07-31 19:59:00.000 -0400,"1",2026-06-29 08:50:32.000 -0400,2026-07-17 05:00:33.377 -0400
"112367","113","36316","10066","2209",1992.00,"167",2025-04-30 20:00:00.000 -0400,2025-05-31 19:59:00.000 -0400,"5",2025-05-19 13:44:50.000 -0400,2025-05-29 10:28:24.797 -0400
"114359","116","36316","10066","2209",1992.00,"167",2025-05-31 20:00:00.000 -0400,2025-06-30 19:59:00.000 -0400,"5",2025-05-29 07:28:24.000 -0400,2025-06-27 10:21:36.333 -0400
"122050","119","36316","10066","2209",1992.00,"167",2025-06-30 20:00:00.000 -0400,2025-07-31 19:59:00.000 -0400,"5",2025-06-27 07:21:36.000 -0400,2025-07-28 11:18:13.527 -0400
"133148","122","36316","10066","2209",1992.00,"167",2025-07-31 20:00:00.000 -0400,2025-08-31 19:59:00.000 -0400,"5",2025-07-28 08:18:13.000 -0400,2025-08-27 14:23:48.000 -0400
"148968","125","36316","10066","2209",1992.00,"167",2025-08-31 20:00:00.000 -0400,2025-09-30 19:59:00.000 -0400,"5",2025-08-27 14:23:48.000 -0400,2025-09-29 09:15:56.313 -0400
"160404","128","36316","10066","2209",1992.00,"167",2025-09-30 20:00:00.000 -0400,2025-10-31 19:59:00.000 -0400,"5",2025-09-29 06:15:56.000 -0400,2025-10-28 11:16:44.807 -0400
"174484","131","36316","10066","2209",1992.00,"167",2025-10-31 20:00:00.000 -0400,2025-11-30 19:59:00.000 -0400,"5",2025-10-28 08:16:44.000 -0400,2025-11-28 11:48:20.983 -0400
"186812","134","36316","10066","2209",1992.00,"167",2025-11-30 20:00:00.000 -0400,2025-12-31 19:59:00.000 -0400,"5",2025-11-28 08:48:20.000 -0400,2025-12-26 05:22:42.000 -0400
"215581","137","36316","10066","2209",1992.00,"167",2025-12-31 20:00:00.000 -0400,2026-01-31 19:59:00.000 -0400,"5",2025-12-26 05:22:41.000 -0400,2026-01-26 06:30:43.000 -0400
"238006","140","36316","10066","2209",1992.00,"167",2026-01-31 20:00:00.000 -0400,2026-02-28 19:59:00.000 -0400,"5",2026-01-26 06:30:43.000 -0400,2026-02-27 07:31:09.000 -0400
"267873","143","36316","10066","2209",1992.00,"167",2026-02-28 20:00:00.000 -0400,2026-03-31 19:59:00.000 -0400,"5",2026-02-27 07:31:09.000 -0400,2026-03-30 05:00:03.000 -0400
"338517","146","36316","10066","2209",1992.00,"167",2026-03-31 20:00:00.000 -0400,2026-04-30 19:59:00.000 -0400,"5",2026-03-30 05:00:03.000 -0400,2026-04-30 05:00:02.000 -0400
"531864","149","36316","10066","2209",1992.00,"167",2026-04-30 20:00:00.000 -0400,2026-05-31 19:59:00.000 -0400,"5",2026-04-30 05:00:02.000 -0400,2026-05-30 08:00:03.673 -0400
"579120","152","36316","10066","2209",1992.00,"167",2026-05-31 20:00:00.000 -0400,2026-06-30 19:59:00.000 -0400,"5",2026-05-30 05:00:03.000 -0400,2026-06-29 08:50:34.000 -0400
"98485","2","36345","8750","4010",3321.00,"167",2025-03-31 20:00:00.000 -0400,2025-04-30 19:59:00.000 -0400,"5",2025-04-01 09:08:19.000 -0400,2025-04-30 14:19:55.593 -0400
"105860","3","36345","8750","4010",3321.00,"167",2025-04-30 20:00:00.000 -0400,2025-05-31 19:59:00.000 -0400,"5",2025-04-30 11:19:55.000 -0400,2025-05-30 08:50:14.933 -0400
"173502","19","36558","13589","2368",2890.00,"167",2025-10-28 19:59:00.000 -0400,2025-11-28 19:59:00.000 -0400,"5",2025-10-27 13:16:08.000 -0400,2025-11-25 11:20:40.810 -0400
"185276","20","36558","13589","2368",2890.00,"167",2025-11-28 19:59:00.000 -0400,2025-12-28 19:59:00.000 -0400,"5",2025-11-25 08:20:40.000 -0400,2025-12-19 06:48:21.000 -0400
"529446","175","99010","13589",,180.00,"167",2026-04-25 05:00:00.000 -0400,2026-04-28 05:41:00.000 -0400,"5",2026-04-24 13:13:20.000 -0400,2026-04-28 11:41:27.000 -0400
"531549","11","73611","13589","7960",2690.00,"167",2026-04-18 06:53:00.000 -0400,2026-05-18 06:53:00.000 -0400,"5",2026-04-29 08:05:21.000 -0400,2026-05-18 17:01:46.447 -0400
"573329","12","73611","13589","7960",2690.00,"167",2026-05-18 06:53:00.000 -0400,2026-05-26 07:22:00.000 -0400,"3",2026-05-18 14:01:46.000 -0400,2026-05-26 08:35:42.000 -0400
"582883","1","36433","13589","23891",2700.00,"167",2026-06-03 07:00:00.000 -0400,2026-07-03 07:00:00.000 -0400,"5",2026-06-02 14:39:05.000 -0400,2026-07-03 08:24:28.000 -0400
"600273","2","36433","13589","23891",2700.00,"167",2026-07-03 07:00:00.000 -0400,2026-08-03 07:00:00.000 -0400,"1",2026-07-03 08:24:27.000 -0400,2026-07-17 05:03:14.647 -0400
"56186","58","36316","5858","2209",1200.00,"167",2023-09-30 20:00:00.000 -0400,2023-10-31 19:59:00.000 -0400,"5",2024-10-05 23:16:02.190 -0400,
"56235","59","36316","5858","2209",1200.00,"167",2023-10-31 20:00:00.000 -0400,2023-11-30 19:59:00.000 -0400,"5",2024-10-05 23:16:39.750 -0400,
"56359","61","36316","5858","2209",1200.00,"167",2023-11-30 20:00:00.000 -0400,2023-12-31 19:59:00.000 -0400,"5",2024-10-05 23:18:15.050 -0400,
"56488","63","36316","5858","2209",1200.00,"167",2023-12-31 20:00:00.000 -0400,2024-01-31 19:59:00.000 -0400,"5",2024-10-05 23:19:54.190 -0400,
"56624","65","36316","5858","2209",1200.00,"167",2024-01-31 20:00:00.000 -0400,2024-02-29 19:59:00.000 -0400,"5",2024-10-05 23:21:39.317 -0400,
"56746","68","36316","5858","2209",1200.00,"167",2024-02-29 20:00:00.000 -0400,2024-03-31 19:59:00.000 -0400,"5",2024-10-05 23:23:12.903 -0400,
"56793","71","36316","5858","2209",1200.00,"167",2024-03-31 20:00:00.000 -0400,2024-04-30 19:59:00.000 -0400,"5",2024-10-05 23:23:49.117 -0400,
"56941","74","36316","5858","2209",1400.00,"167",2024-04-30 20:00:00.000 -0400,2024-05-31 19:59:00.000 -0400,"5",2024-10-05 23:25:42.960 -0400,
"57058","77","36316","5858","2209",1400.00,"167",2024-05-31 20:00:00.000 -0400,2024-06-30 19:59:00.000 -0400,"5",2024-10-05 23:27:13.783 -0400,
"57181","80","36316","5858","2209",1400.00,"167",2024-06-30 20:00:00.000 -0400,2024-07-31 19:59:00.000 -0400,"5",2024-10-05 23:28:47.343 -0400,
"57310","83","36316","5858","2209",1400.00,"167",2024-07-31 20:00:00.000 -0400,2024-08-31 19:59:00.000 -0400,"5",2024-10-05 23:30:26.240 -0400,
"57453","86","36316","5858","2209",1400.00,"167",2024-08-31 20:00:00.000 -0400,2024-09-30 19:59:00.000 -0400,"5",2024-10-05 23:32:17.613 -0400,
"57595","89","36316","5858","2209",2152.00,"167",2024-09-30 20:00:00.000 -0400,2024-10-31 19:59:00.000 -0400,"5",2024-10-05 23:34:04.270 -0400,2024-10-28 16:46:25.823 -0400
"60565","92","36316","5858","2209",2152.00,"167",2024-10-31 20:00:00.000 -0400,2024-11-30 19:59:00.000 -0400,"5",2024-10-28 13:46:25.000 -0400,2024-12-02 08:56:22.920 -0400
"66581","95","36316","5858","2209",2152.00,"167",2024-11-30 20:00:00.000 -0400,2024-12-31 19:59:00.000 -0400,"5",2024-12-02 05:56:22.000 -0400,2024-12-28 12:00:46.547 -0400
"73203","98","36316","5858","2209",2152.00,"167",2024-12-31 20:00:00.000 -0400,2025-01-31 19:59:00.000 -0400,"5",2024-12-28 09:00:46.000 -0400,2025-01-29 17:00:21.960 -0400
"79669","101","36316","5858","2209",2152.00,"167",2025-01-31 20:00:00.000 -0400,2025-02-28 19:59:00.000 -0400,"5",2025-01-29 14:00:21.000 -0400,2025-02-28 15:06:43.000 -0400
"87547","104","36316","5858","2209",2152.00,"167",2025-02-28 20:00:00.000 -0400,2025-03-31 19:59:00.000 -0400,"5",2025-02-28 15:06:42.000 -0400,2025-03-28 15:12:55.287 -0400
"97446","107","36316","5858","2209",2152.00,"167",2025-03-31 20:00:00.000 -0400,2025-04-30 19:59:00.000 -0400,"5",2025-03-28 12:12:55.000 -0400,2025-04-30 13:44:19.533 -0400
"105823","110","36316","5858","2209",2152.00,"167",2025-04-30 20:00:00.000 -0400,2025-05-31 19:59:00.000 -0400,"5",2025-04-30 10:44:19.000 -0400,2025-05-29 07:28:24.000 -0400
"114357","114","36316","5858","2209",2152.00,"167",2025-05-31 20:00:00.000 -0400,2025-06-30 19:59:00.000 -0400,"5",2025-05-29 07:28:23.000 -0400,2025-06-27 10:21:35.650 -0400
"122048","117","36316","5858","2209",2152.00,"167",2025-06-30 20:00:00.000 -0400,2025-07-31 19:59:00.000 -0400,"5",2025-06-27 07:21:35.000 -0400,2025-07-28 11:18:12.713 -0400
"133146","120","36316","5858","2209",2152.00,"167",2025-07-31 20:00:00.000 -0400,2025-08-31 19:59:00.000 -0400,"5",2025-07-28 08:18:12.000 -0400,2025-08-27 14:23:47.000 -0400
"148966","123","36316","5858","2209",2152.00,"167",2025-08-31 20:00:00.000 -0400,2025-09-30 19:59:00.000 -0400,"5",2025-08-27 14:23:47.000 -0400,2025-09-29 09:15:55.517 -0400
"160402","126","36316","5858","2209",2152.00,"167",2025-09-30 20:00:00.000 -0400,2025-10-31 19:59:00.000 -0400,"5",2025-09-29 06:15:55.000 -0400,2025-10-28 08:16:44.000 -0400
"174482","129","36316","5858","2209",2152.00,"167",2025-10-31 20:00:00.000 -0400,2025-11-30 19:59:00.000 -0400,"5",2025-10-28 08:16:43.000 -0400,2025-11-28 08:48:20.000 -0400
"186810","132","36316","5858","2209",2152.00,"167",2025-11-30 20:00:00.000 -0400,2025-12-31 19:59:00.000 -0400,"5",2025-11-28 08:48:20.000 -0400,2025-12-26 05:22:40.000 -0400
"215579","135","36316","5858","2209",2152.00,"167",2025-12-31 20:00:00.000 -0400,2026-01-31 19:59:00.000 -0400,"5",2025-12-26 05:22:40.000 -0400,2026-01-26 09:30:42.397 -0400
"238004","138","36316","5858","2209",2152.00,"167",2026-01-31 20:00:00.000 -0400,2026-02-28 19:59:00.000 -0400,"5",2026-01-26 06:30:42.000 -0400,2026-02-27 07:31:08.000 -0400
"114668","4","36345","8750","4010",3321.00,"167",2025-05-31 20:00:00.000 -0400,2025-06-30 19:59:00.000 -0400,"5",2025-05-30 05:50:14.000 -0400,2025-06-27 10:43:51.200 -0400
"122076","5","36345","8750","4010",3321.00,"167",2025-06-30 20:00:00.000 -0400,2025-07-31 19:59:00.000 -0400,"5",2025-06-27 07:43:51.000 -0400,2025-07-30 05:50:01.000 -0400
"605997","49","36441","48705","7887",3154.77,"167",2026-06-30 20:00:00.000 -0400,2026-07-31 19:59:00.000 -0400,"1",2026-07-15 07:18:45.000 -0400,2026-07-15 07:22:40.000 -0400
"238058","23","36453","10031","7245",2225.60,"167",2026-01-31 20:00:00.000 -0400,2026-02-28 19:59:00.000 -0400,"5",2026-01-26 06:50:05.000 -0400,2026-02-27 10:58:17.783 -0400
"267922","26","36453","10031","7245",2225.60,"167",2026-02-28 20:00:00.000 -0400,2026-03-31 19:59:00.000 -0400,"5",2026-02-27 07:58:17.000 -0400,2026-03-30 08:01:21.993 -0400
"338549","30","36453","10031","7245",2225.60,"167",2026-03-31 20:00:00.000 -0400,2026-04-30 19:59:00.000 -0400,"5",2026-03-30 05:01:21.000 -0400,2026-04-30 08:00:10.483 -0400
"531867","33","36453","10031","7245",2225.60,"167",2026-04-30 20:00:00.000 -0400,2026-05-31 19:59:00.000 -0400,"5",2026-04-30 05:00:10.000 -0400,2026-05-30 08:00:16.680 -0400
"579123","36","36453","10031","7245",2225.60,"167",2026-05-31 20:00:00.000 -0400,2026-06-30 19:59:00.000 -0400,"5",2026-05-30 05:00:16.000 -0400,2026-06-30 11:07:08.000 -0400
"597258","40","36453","10031","7245",2257.93,"167",2026-06-30 20:00:00.000 -0400,2026-07-31 19:59:00.000 -0400,"1",2026-06-30 11:07:08.000 -0400,2026-07-17 05:02:03.677 -0400
"585186","38","36453","46102","7245",2225.60,"167",2026-05-31 20:00:00.000 -0400,2026-06-30 19:59:00.000 -0400,"5",2026-06-08 07:28:30.000 -0400,2026-06-30 11:07:09.000 -0400
"597259","41","36453","46102","7245",2257.93,"167",2026-06-30 20:00:00.000 -0400,2026-07-31 19:59:00.000 -0400,"1",2026-06-30 11:07:09.000 -0400,2026-07-14 05:06:28.670 -0400
"588787","39","36453","46098","7245",2225.60,"167",2026-05-31 20:00:00.000 -0400,2026-06-30 19:59:00.000 -0400,"5",2026-06-16 08:41:18.000 -0400,2026-06-30 14:07:10.853 -0400
"597260","42","36453","46098","7245",2257.93,"167",2026-06-30 20:00:00.000 -0400,2026-07-31 19:59:00.000 -0400,"1",2026-06-30 11:07:10.000 -0400,2026-07-17 05:05:24.683 -0400
"86583","15","36433","8832","2338",2990.00,"167",2025-01-31 19:59:00.000 -0400,2025-02-28 19:59:00.000 -0400,"5",2025-02-27 06:48:54.000 -0400,2025-03-01 09:09:50.300 -0400
"87650","16","36433","8832","2338",2990.00,"167",2025-02-28 19:59:00.000 -0400,2025-03-28 19:59:00.000 -0400,"5",2025-03-01 06:09:50.000 -0400,2025-04-02 10:01:16.183 -0400
"98891","17","36433","8832","2338",2990.00,"167",2025-03-28 19:59:00.000 -0400,2025-04-28 19:59:00.000 -0400,"5",2025-04-02 07:01:16.000 -0400,2025-05-02 08:40:22.000 -0400
"106299","18","36433","8832","2338",2990.00,"167",2025-04-28 19:59:00.000 -0400,2025-05-28 19:59:00.000 -0400,"5",2025-05-02 08:40:22.000 -0400,2025-06-02 09:18:52.720 -0400
"115446","19","36433","8832","2338",2990.00,"167",2025-05-28 19:59:00.000 -0400,2025-06-28 19:59:00.000 -0400,"5",2025-06-02 06:18:52.000 -0400,2025-06-28 10:00:01.370 -0400
"122360","20","36433","8832","2338",2990.00,"167",2025-06-28 19:59:00.000 -0400,2025-07-28 19:59:00.000 -0400,"5",2025-06-28 07:00:01.000 -0400,2025-07-01 13:34:17.807 -0400
"123721","21","36433","8832","2338",2990.00,"167",2025-07-28 19:59:00.000 -0400,2025-08-28 19:59:00.000 -0400,"5",2025-07-01 10:34:17.000 -0400,2025-08-28 11:00:00.803 -0400
"149132","22","36433","8832","2338",2990.00,"167",2025-08-28 19:59:00.000 -0400,2025-09-28 19:59:00.000 -0400,"5",2025-08-28 08:00:00.000 -0400,2025-10-01 09:49:43.603 -0400
"161712","23","36433","8832","2338",2990.00,"167",2025-09-28 19:59:00.000 -0400,2025-10-28 19:59:00.000 -0400,"5",2025-10-01 06:49:43.000 -0400,2025-10-28 07:00:07.000 -0400
"174425","24","36433","8832","2338",2990.00,"167",2025-10-28 19:59:00.000 -0400,2025-11-28 19:59:00.000 -0400,"5",2025-10-28 07:00:07.000 -0400,2025-11-28 14:00:01.850 -0400
"186935","25","36433","8832","2338",2990.00,"167",2025-11-28 19:59:00.000 -0400,2025-12-28 19:59:00.000 -0400,"5",2025-11-28 11:00:01.000 -0400,2026-01-02 08:52:08.233 -0400
"217877","26","36433","8832","2338",2990.00,"167",2025-12-28 19:59:00.000 -0400,2026-01-28 19:59:00.000 -0400,"5",2026-01-02 05:52:08.000 -0400,2026-02-02 08:35:17.870 -0400
"250360","27","36433","8832","2338",2990.00,"167",2026-01-28 19:59:00.000 -0400,2026-02-28 19:59:00.000 -0400,"5",2026-02-02 05:35:17.000 -0400,2026-03-02 08:13:40.000 -0400
"276363","28","36433","8832","2338",2990.00,"167",2026-02-28 19:59:00.000 -0400,2026-03-28 19:59:00.000 -0400,"5",2026-03-02 08:13:40.000 -0400,2026-03-28 08:00:08.523 -0400
"316612","29","36433","8832","2338",2990.00,"167",2026-03-28 19:59:00.000 -0400,2026-04-28 19:59:00.000 -0400,"5",2026-03-28 05:00:08.000 -0400,2026-04-28 08:00:09.970 -0400
"530614","30","36433","8832","2338",2990.00,"167",2026-04-28 19:59:00.000 -0400,2026-05-28 19:59:00.000 -0400,"5",2026-04-28 05:00:09.000 -0400,2026-06-01 11:35:27.650 -0400
"581409","31","36433","8832","2338",2990.00,"167",2026-05-28 19:59:00.000 -0400,2026-06-28 19:59:00.000 -0400,"5",2026-06-01 08:35:27.000 -0400,2026-07-01 10:32:45.000 -0400
"598799","32","36433","8832","2338",2990.00,"167",2026-06-28 19:59:00.000 -0400,2026-07-28 19:59:00.000 -0400,"1",2026-07-01 10:32:45.000 -0400,2026-07-17 05:01:28.170 -0400
"122375","15","36558","13589","2368",2890.00,"167",2025-06-28 05:34:00.000 -0400,2025-07-28 19:59:00.000 -0400,"5",2025-06-28 08:20:02.000 -0400,2025-07-25 06:13:43.000 -0400
"132536","16","36558","13589","2368",2890.00,"167",2025-07-28 19:59:00.000 -0400,2025-08-28 19:59:00.000 -0400,"5",2025-07-25 06:13:42.000 -0400,2025-08-25 10:40:40.723 -0400
"148266","17","36558","13589","2368",2890.00,"167",2025-08-28 19:59:00.000 -0400,2025-09-28 19:59:00.000 -0400,"5",2025-08-25 07:40:40.000 -0400,2025-09-25 08:16:33.920 -0400
"159504","18","36558","13589","2368",2890.00,"167",2025-09-28 19:59:00.000 -0400,2025-10-28 19:59:00.000 -0400,"5",2025-09-25 05:16:33.000 -0400,2025-10-27 16:16:08.440 -0400
"133747","6","36345","8750","4010",3321.00,"167",2025-07-31 20:00:00.000 -0400,2025-08-31 19:59:00.000 -0400,"5",2025-07-30 05:50:00.000 -0400,2025-08-28 07:28:52.000 -0400
"149115","7","36345","8750","4010",3321.00,"167",2025-08-31 20:00:00.000 -0400,2025-09-30 19:59:00.000 -0400,"5",2025-08-28 07:28:51.000 -0400,2025-09-29 07:19:33.000 -0400
"160473","8","36345","8750","4010",3321.00,"167",2025-09-30 20:00:00.000 -0400,2025-10-31 19:59:00.000 -0400,"5",2025-09-29 07:19:33.000 -0400,2025-10-30 06:10:56.000 -0400
"175398","9","36345","8750","4010",3321.00,"167",2025-10-31 20:00:00.000 -0400,2025-11-30 19:59:00.000 -0400,"5",2025-10-30 06:10:56.000 -0400,2025-11-28 12:30:48.480 -0400
"186859","10","36345","8750","4010",3321.00,"167",2025-11-30 20:00:00.000 -0400,2025-12-31 19:59:00.000 -0400,"5",2025-11-28 09:30:48.000 -0400,2025-12-29 09:42:30.840 -0400
"216221","11","36345","8750","4010",3321.00,"167",2025-12-31 20:00:00.000 -0400,2026-01-31 19:59:00.000 -0400,"5",2025-12-29 06:42:30.000 -0400,2026-01-28 09:58:49.820 -0400
"239172","12","36345","8750","4010",3321.00,"167",2026-01-31 20:00:00.000 -0400,2026-02-28 19:59:00.000 -0400,"5",2026-01-28 06:58:49.000 -0400,2026-02-27 08:26:07.000 -0400
"267983","13","36345","8750","4010",3586.68,"167",2026-02-28 20:00:00.000 -0400,2026-03-31 19:59:00.000 -0400,"5",2026-02-27 08:26:07.000 -0400,2026-03-31 11:44:26.000 -0400
"100441","5","39130","6404","3240",2490.00,"167",2025-04-12 06:51:00.000 -0400,2025-05-12 06:51:00.000 -0400,"5",2025-04-10 05:35:12.000 -0400,2025-05-10 05:04:45.000 -0400
"109767","6","39130","6404","3240",2490.00,"167",2025-05-12 06:51:00.000 -0400,2025-06-12 06:51:00.000 -0400,"5",2025-05-10 05:04:45.000 -0400,2025-06-12 11:00:00.750 -0400
"118814","7","39130","6404","3240",2490.00,"167",2025-06-12 06:51:00.000 -0400,2025-07-12 06:51:00.000 -0400,"5",2025-06-12 08:00:00.000 -0400,2025-07-10 10:19:05.890 -0400
"128352","8","39130","6404","3240",2490.00,"167",2025-07-12 06:51:00.000 -0400,2025-08-12 19:59:00.000 -0400,"5",2025-07-10 07:19:05.000 -0400,2025-08-09 06:32:00.000 -0400
"137421","9","39130","6404","3240",2490.00,"167",2025-08-12 19:59:00.000 -0400,2025-09-12 19:59:00.000 -0400,"5",2025-08-09 06:32:00.000 -0400,2025-09-10 09:08:06.490 -0400
"153282","10","39130","6404","3240",2490.00,"167",2025-09-12 19:59:00.000 -0400,2025-10-12 19:59:00.000 -0400,"5",2025-09-10 06:08:06.000 -0400,2025-10-10 11:02:03.887 -0400
"166489","11","39130","6404","3240",2490.00,"167",2025-10-12 19:59:00.000 -0400,2025-11-12 19:59:00.000 -0400,"5",2025-10-10 08:02:03.000 -0400,2025-11-10 10:05:02.593 -0400
"180343","12","39130","6404","3240",2490.00,"167",2025-11-12 19:59:00.000 -0400,2025-12-12 19:59:00.000 -0400,"5",2025-11-10 07:05:02.000 -0400,2025-12-10 08:24:18.690 -0400
"193174","13","39130","6404","3240",2551.05,"167",2025-12-12 19:59:00.000 -0400,2026-01-12 19:59:00.000 -0400,"5",2025-12-10 05:24:18.000 -0400,2026-01-10 08:24:09.860 -0400
"221205","14","39130","6404","3240",2551.05,"167",2026-01-12 19:59:00.000 -0400,2026-02-12 19:59:00.000 -0400,"5",2026-01-10 05:24:09.000 -0400,2026-02-10 05:23:17.000 -0400
"259362","15","39130","6404","3240",2551.05,"167",2026-02-12 19:59:00.000 -0400,2026-03-12 19:59:00.000 -0400,"5",2026-02-10 05:23:17.000 -0400,2026-03-10 08:59:11.440 -0400
"280884","16","39130","6404","3240",2551.05,"167",2026-03-12 19:59:00.000 -0400,2026-04-04 06:33:00.000 -0400,"3",2026-03-10 05:59:11.000 -0400,2026-04-04 08:18:50.000 -0400
"531195","89","36441","6404","7247",2225.60,"167",2026-03-31 20:00:00.000 -0400,2026-04-30 19:59:00.000 -0400,"5",2026-04-28 12:21:39.000 -0400,2026-04-30 08:00:30.407 -0400
"531886","91","36441","6404","7247",2225.60,"167",2026-04-30 20:00:00.000 -0400,2026-05-31 19:59:00.000 -0400,"5",2026-04-30 05:00:30.000 -0400,2026-05-30 08:00:39.767 -0400
"579141","96","36441","6404","7247",2225.60,"167",2026-05-31 20:00:00.000 -0400,2026-06-30 19:59:00.000 -0400,"5",2026-05-30 05:00:39.000 -0400,2026-06-30 14:16:35.933 -0400
"597314","102","36441","6404","7247",2257.93,"167",2026-06-30 20:00:00.000 -0400,2026-07-31 19:59:00.000 -0400,"1",2026-06-30 11:16:35.000 -0400,2026-07-16 05:01:08.083 -0400
"148482","1","36493","16560","3542",4600.00,"167",2025-08-26 04:27:00.000 -0400,2025-09-26 04:27:00.000 -0400,"5",2025-08-26 05:28:16.000 -0400,2025-09-29 09:31:11.720 -0400
"160450","2","36493","16560","3542",4600.00,"167",2025-09-26 04:27:00.000 -0400,2025-10-26 04:27:00.000 -0400,"5",2025-09-29 06:31:11.000 -0400,2025-10-26 11:00:01.000 -0400
"173117","3","36493","16560","3542",4600.00,"167",2025-10-26 04:27:00.000 -0400,2025-11-26 04:27:00.000 -0400,"5",2025-10-26 11:00:01.000 -0400,2025-11-26 14:00:00.893 -0400
"185751","4","36493","16560","3542",4600.00,"167",2025-11-26 04:27:00.000 -0400,2025-12-26 04:27:00.000 -0400,"5",2025-11-26 11:00:00.000 -0400,2025-12-29 08:30:54.560 -0400
"216149","5","36493","16560","3542",4600.00,"167",2025-12-26 04:27:00.000 -0400,2026-01-26 04:27:00.000 -0400,"5",2025-12-29 05:30:54.000 -0400,2026-01-28 08:50:01.527 -0400
"239045","6","36493","16560","3542",4600.00,"167",2026-01-26 04:27:00.000 -0400,2026-02-26 04:27:00.000 -0400,"5",2026-01-28 05:50:01.000 -0400,2026-02-27 15:29:47.267 -0400
"268442","7","36493","16560","3542",4600.00,"167",2026-02-26 04:27:00.000 -0400,2026-03-26 04:27:00.000 -0400,"5",2026-02-27 12:29:47.000 -0400,2026-03-26 10:44:02.000 -0400
"315478","8","36493","16560","3542",4600.00,"167",2026-03-26 04:27:00.000 -0400,2026-04-26 04:27:00.000 -0400,"5",2026-03-26 10:44:02.000 -0400,2026-04-26 05:00:01.000 -0400
"529690","9","36493","16560","3542",4600.00,"167",2026-04-26 04:27:00.000 -0400,2026-05-26 04:27:00.000 -0400,"5",2026-04-26 05:00:01.000 -0400,2026-05-26 08:00:00.990 -0400
"576542","10","36493","16560","3542",4600.00,"167",2026-05-26 04:27:00.000 -0400,2026-06-26 04:27:00.000 -0400,"5",2026-05-26 05:00:00.000 -0400,2026-06-26 05:44:53.000 -0400
"593459","11","36493","16560","3542",4600.00,"167",2026-06-26 04:27:00.000 -0400,2026-07-26 04:27:00.000 -0400,"1",2026-06-26 05:44:53.000 -0400,2026-07-17 05:03:26.447 -0400
"105461","261","36454","10031","2314",2080.00,"167",2025-03-31 20:00:00.000 -0400,2025-04-30 19:59:00.000 -0400,"5",2025-04-29 10:43:38.000 -0400,2025-05-27 12:00:45.000 -0400
"105993","277","36454","10031","2314",2080.00,"167",2025-04-30 20:00:00.000 -0400,2025-05-31 19:59:00.000 -0400,"4",2025-04-30 15:03:25.000 -0400,2025-05-27 12:00:45.000 -0400
"114409","1","36453","10031","7245",2225.60,"167",2025-05-31 20:00:00.000 -0400,2025-06-30 19:59:00.000 -0400,"5",2025-05-29 07:52:22.000 -0400,2025-06-27 06:40:21.000 -0400
"122004","3","36453","10031","7245",2225.60,"167",2025-06-30 20:00:00.000 -0400,2025-07-31 19:59:00.000 -0400,"5",2025-06-27 06:40:20.000 -0400,2025-07-28 14:09:02.793 -0400
"133245","5","36453","10031","7245",2225.60,"167",2025-07-31 20:00:00.000 -0400,2025-08-31 19:59:00.000 -0400,"5",2025-07-28 11:09:02.000 -0400,2025-08-27 16:56:31.570 -0400
"148929","7","36453","10031","7245",2225.60,"167",2025-08-31 20:00:00.000 -0400,2025-09-30 19:59:00.000 -0400,"5",2025-08-27 13:56:31.000 -0400,2025-09-27 08:12:24.000 -0400
"160243","10","36453","10031","7245",2225.60,"167",2025-09-30 20:00:00.000 -0400,2025-10-31 19:59:00.000 -0400,"5",2025-09-27 08:12:23.000 -0400,2025-10-28 11:47:10.980 -0400
"174542","14","36453","10031","7245",2225.60,"167",2025-10-31 20:00:00.000 -0400,2025-11-30 19:59:00.000 -0400,"5",2025-10-28 08:47:10.000 -0400,2025-11-28 10:51:37.640 -0400
"186742","17","36453","10031","7245",2225.60,"167",2025-11-30 20:00:00.000 -0400,2025-12-31 19:59:00.000 -0400,"5",2025-11-28 07:51:37.000 -0400,2025-12-26 08:37:43.760 -0400
"215625","20","36453","10031","7245",2225.60,"167",2025-12-31 20:00:00.000 -0400,2026-01-31 19:59:00.000 -0400,"5",2025-12-26 05:37:43.000 -0400,2026-01-26 09:50:05.683 -0400
"133271","24","36441","9171","7247",2225.60,"167",2025-07-31 20:00:00.000 -0400,2025-08-31 19:59:00.000 -0400,"5",2025-07-28 11:38:02.000 -0400,2025-08-27 17:01:44.733 -0400
"148951","34","36441","9171","7247",2225.60,"167",2025-08-31 20:00:00.000 -0400,2025-09-30 19:59:00.000 -0400,"5",2025-08-27 14:01:44.000 -0400,2025-09-27 11:06:32.500 -0400
"160216","45","36441","9171","7247",2225.60,"167",2025-09-30 20:00:00.000 -0400,2025-10-31 19:59:00.000 -0400,"5",2025-09-27 08:06:32.000 -0400,2025-10-28 08:49:23.000 -0400
"174547","54","36441","9171","7247",2225.60,"167",2025-10-31 20:00:00.000 -0400,2025-11-30 19:59:00.000 -0400,"5",2025-10-28 08:49:23.000 -0400,2025-11-28 11:00:08.930 -0400
"186765","59","36441","9171","7247",2225.60,"167",2025-11-30 20:00:00.000 -0400,2025-12-31 19:59:00.000 -0400,"5",2025-11-28 08:00:08.000 -0400,2025-12-26 08:49:13.477 -0400
"215654","64","36441","9171","7247",2225.60,"167",2025-12-31 20:00:00.000 -0400,2026-01-31 19:59:00.000 -0400,"5",2025-12-26 05:49:13.000 -0400,2026-01-26 09:54:40.540 -0400
"238081","70","36441","9171","7247",2225.60,"167",2026-01-31 20:00:00.000 -0400,2026-02-28 19:59:00.000 -0400,"5",2026-01-26 06:54:40.000 -0400,2026-02-27 11:02:46.797 -0400
"267943","76","36441","9171","7247",2225.60,"167",2026-02-28 20:00:00.000 -0400,2026-03-31 19:59:00.000 -0400,"5",2026-02-27 08:02:46.000 -0400,2026-03-30 08:01:53.327 -0400
"338571","86","36441","9171","7247",2225.60,"167",2026-03-31 20:00:00.000 -0400,2026-04-28 11:03:00.000 -0400,"3",2026-03-30 05:01:53.000 -0400,2026-04-28 15:21:40.000 -0400
"531266","189","36454","9171","7246",2225.60,"167",2026-03-31 20:00:00.000 -0400,2026-04-30 19:59:00.000 -0400,"5",2026-04-28 12:55:40.000 -0400,2026-04-30 08:00:19.490 -0400
"531869","192","36454","9171","7246",2225.60,"167",2026-04-30 20:00:00.000 -0400,2026-05-31 19:59:00.000 -0400,"5",2026-04-30 05:00:19.000 -0400,2026-05-30 08:00:32.220 -0400
"579139","224","36454","9171","7246",2225.60,"167",2026-05-31 20:00:00.000 -0400,2026-06-30 19:59:00.000 -0400,"5",2026-05-30 05:00:32.000 -0400,2026-06-30 11:13:12.000 -0400
"597301","240","36454","9171","7246",2257.93,"167",2026-06-30 20:00:00.000 -0400,2026-07-31 19:59:00.000 -0400,"1",2026-06-30 11:13:12.000 -0400,2026-07-17 05:01:35.467 -0400
"98877","1","49761","9175","4338",2790.00,"167",2025-04-02 05:25:00.000 -0400,2025-05-02 05:25:00.000 -0400,"5",2025-04-02 06:49:58.000 -0400,2025-05-21 11:21:30.867 -0400
"112841","2","49761","9175","4338",2790.00,"167",2025-05-02 05:25:00.000 -0400,2025-05-19 11:38:00.000 -0400,"5",2025-05-21 08:21:30.000 -0400,2025-05-21 14:19:38.000 -0400
"116855","124","36409","9175",,130.00,"167",2025-06-05 04:06:00.000 -0400,2025-06-14 07:19:00.000 -0400,"5",2025-06-05 05:09:33.000 -0400,2025-06-16 08:59:24.000 -0400
"122202","11","36441","9175","7247",2225.60,"167",2025-05-31 20:00:00.000 -0400,2025-06-30 19:59:00.000 -0400,"5",2025-06-27 12:15:04.000 -0400,2025-06-27 15:19:29.830 -0400
"122213","21","36441","9175","7247",2225.60,"167",2025-06-30 20:00:00.000 -0400,2025-07-31 19:59:00.000 -0400,"5",2025-06-27 12:19:29.000 -0400,2025-07-28 11:38:05.000 -0400
"133278","31","36441","9175","7247",2225.60,"167",2025-07-31 20:00:00.000 -0400,2025-08-31 19:59:00.000 -0400,"5",2025-07-28 11:38:05.000 -0400,2025-08-27 17:01:46.750 -0400
"148958","41","36441","9175","7247",2225.60,"167",2025-08-31 20:00:00.000 -0400,2025-09-02 04:53:00.000 -0400,"3",2025-08-27 14:01:46.000 -0400,2025-09-02 09:56:45.413 -0400
"160198","134","36409","9175",,110.00,"167",2025-09-27 05:40:00.000 -0400,2025-10-06 09:02:00.000 -0400,"5",2025-09-27 07:16:31.000 -0400,2025-10-06 11:05:00.000 -0400
"164217","4","36562","9175","8689",2690.00,"167",2025-09-22 19:59:00.000 -0400,2025-10-22 19:59:00.000 -0400,"5",2025-10-07 12:43:43.000 -0400,2025-10-15 10:30:20.983 -0400
"168031","5","36562","9175","8689",2690.00,"167",2025-10-22 19:59:00.000 -0400,2025-11-22 19:59:00.000 -0400,"5",2025-10-15 07:30:20.000 -0400,2025-11-17 07:23:53.000 -0400
"182781","6","36562","9175","8689",2690.00,"167",2025-11-22 19:59:00.000 -0400,2025-12-22 19:59:00.000 -0400,"5",2025-11-17 07:23:52.000 -0400,2025-12-15 09:03:28.680 -0400
"212082","7","36562","9175","8689",2690.00,"167",2025-12-22 19:59:00.000 -0400,2026-01-22 19:59:00.000 -0400,"5",2025-12-15 06:03:28.000 -0400,2026-01-15 10:36:04.960 -0400
"223101","8","36562","9175","8689",2690.00,"167",2026-01-22 19:59:00.000 -0400,2026-02-22 19:59:00.000 -0400,"5",2026-01-15 07:36:04.000 -0400,2026-02-16 10:47:25.793 -0400
"263182","9","36562","9175","8689",2690.00,"167",2026-02-22 19:59:00.000 -0400,2026-03-11 07:24:00.000 -0400,"3",2026-02-16 07:47:25.000 -0400,2026-03-11 11:45:03.480 -0400
"292976","164","36454","9175","7246",2225.60,"167",2026-02-28 20:00:00.000 -0400,2026-03-31 19:59:00.000 -0400,"5",2026-03-17 07:49:31.000 -0400,2026-03-30 08:01:39.537 -0400
"338565","180","36454","9175","7246",2225.60,"167",2026-03-31 20:00:00.000 -0400,2026-04-30 19:59:00.000 -0400,"5",2026-03-30 05:01:39.000 -0400,2026-04-30 08:00:19.823 -0400
"531870","193","36454","9175","7246",2225.60,"167",2026-04-30 20:00:00.000 -0400,2026-05-31 19:59:00.000 -0400,"5",2026-04-30 05:00:19.000 -0400,2026-05-30 08:00:32.570 -0400
"579140","225","36454","9175","7246",2225.60,"167",2026-05-31 20:00:00.000 -0400,2026-06-30 19:59:00.000 -0400,"5",2026-05-30 05:00:32.000 -0400,2026-06-30 11:13:14.000 -0400
"597302","241","36454","9175","7246",2257.93,"167",2026-06-30 20:00:00.000 -0400,2026-07-31 19:59:00.000 -0400,"1",2026-06-30 11:13:13.000 -0400,2026-07-17 05:01:42.270 -0400
"69000","1","39130","6404","3240",2490.00,"167",2024-12-12 06:51:00.000 -0400,2025-01-12 06:51:00.000 -0400,"5",2024-12-12 08:06:58.000 -0400,2025-01-10 09:18:37.960 -0400
"75804","2","39130","6404","3240",2490.00,"167",2025-01-12 06:51:00.000 -0400,2025-02-12 06:51:00.000 -0400,"5",2025-01-10 06:18:37.000 -0400,2025-02-10 17:47:01.807 -0400
"82858","3","39130","6404","3240",2490.00,"167",2025-02-12 06:51:00.000 -0400,2025-03-12 06:51:00.000 -0400,"5",2025-02-10 14:47:01.000 -0400,2025-03-10 08:54:50.520 -0400
"89097","4","39130","6404","3240",2490.00,"167",2025-03-12 06:51:00.000 -0400,2025-04-12 06:51:00.000 -0400,"5",2025-03-10 05:54:50.000 -0400,2025-04-10 08:35:12.510 -0400
"340173","14","36345","8750","4010",3586.68,"167",2026-03-31 20:00:00.000 -0400,2026-04-30 19:59:00.000 -0400,"5",2026-03-31 11:44:26.000 -0400,2026-04-30 08:44:15.000 -0400
"532209","15","36345","8750","4010",3586.68,"167",2026-04-30 20:00:00.000 -0400,2026-05-31 19:59:00.000 -0400,"5",2026-04-30 08:44:15.000 -0400,2026-05-30 08:58:49.000 -0400
"238079","68","36441","10058","7247",2225.60,"167",2026-01-31 20:00:00.000 -0400,2026-02-28 19:59:00.000 -0400,"5",2026-01-26 06:54:39.000 -0400,2026-02-27 08:02:46.000 -0400
"267941","74","36441","10058","7247",2225.60,"167",2026-02-28 20:00:00.000 -0400,2026-03-31 19:59:00.000 -0400,"5",2026-02-27 08:02:46.000 -0400,2026-03-30 08:01:52.487 -0400
"338569","84","36441","10058","7247",2225.60,"167",2026-03-31 20:00:00.000 -0400,2026-04-30 19:59:00.000 -0400,"5",2026-03-30 05:01:52.000 -0400,2026-04-30 08:00:31.613 -0400
"531889","94","36441","10058","7247",2225.60,"167",2026-04-30 20:00:00.000 -0400,2026-05-31 19:59:00.000 -0400,"5",2026-04-30 05:00:31.000 -0400,2026-05-30 05:00:41.000 -0400
"579144","99","36441","10058","7247",2225.60,"167",2026-05-31 20:00:00.000 -0400,2026-06-30 19:59:00.000 -0400,"5",2026-05-30 05:00:41.000 -0400,2026-06-30 11:16:40.000 -0400
"597317","105","36441","10058","7247",2257.93,"167",2026-06-30 20:00:00.000 -0400,2026-07-31 19:59:00.000 -0400,"1",2026-06-30 11:16:39.000 -0400,2026-07-17 05:02:19.507 -0400
"605553","109","36441","48140","7247",2257.93,"167",2026-06-30 20:00:00.000 -0400,2026-07-31 19:59:00.000 -0400,"1",2026-07-14 08:57:22.000 -0400,2026-07-14 09:04:12.000 -0400
"604135","48","36441","48042","7887",5862.94,"167",2026-06-30 20:00:00.000 -0400,2026-07-31 19:59:00.000 -0400,"1",2026-07-10 13:09:06.000 -0400,2026-07-10 13:13:40.000 -0400
"123195","3","36441","5949","7887",3109.60,"167",2025-06-30 20:00:00.000 -0400,2025-07-31 19:59:00.000 -0400,"5",2025-06-30 14:11:08.000 -0400,2025-07-28 11:53:10.000 -0400
"133293","7","36441","5949","7887",3109.60,"167",2025-07-31 20:00:00.000 -0400,2025-08-31 19:59:00.000 -0400,"5",2025-07-28 11:53:09.000 -0400,2025-08-27 17:14:00.623 -0400
"148961","11","36441","5949","7887",3109.60,"167",2025-08-31 20:00:00.000 -0400,2025-09-30 19:59:00.000 -0400,"5",2025-08-27 14:14:00.000 -0400,2025-09-27 11:09:28.607 -0400
"160225","15","36441","5949","7887",3109.60,"167",2025-09-30 20:00:00.000 -0400,2025-10-31 19:59:00.000 -0400,"5",2025-09-27 08:09:28.000 -0400,2025-10-28 13:23:23.340 -0400
"174595","19","36441","5949","7887",3109.60,"167",2025-10-31 20:00:00.000 -0400,2025-11-30 19:59:00.000 -0400,"5",2025-10-28 10:23:23.000 -0400,2025-11-28 11:01:34.420 -0400
"186770","23","36441","5949","7887",3109.60,"167",2025-11-30 20:00:00.000 -0400,2025-12-31 19:59:00.000 -0400,"5",2025-11-28 08:01:34.000 -0400,2025-12-26 05:50:47.000 -0400
"215659","27","36441","5949","7887",3109.60,"167",2025-12-31 20:00:00.000 -0400,2026-01-09 06:54:00.000 -0400,"5",2025-12-26 05:50:47.000 -0400,2026-01-28 05:25:49.000 -0400
"314862","21","36566","5949","2375",3690.00,"167",2026-03-16 19:59:00.000 -0400,2026-04-16 19:59:00.000 -0400,"5",2026-03-25 07:47:57.000 -0400,2026-04-17 11:50:34.000 -0400
"526623","22","36566","5949","2375",3690.00,"167",2026-04-16 19:59:00.000 -0400,2026-05-16 19:59:00.000 -0400,"5",2026-04-17 11:50:33.000 -0400,2026-05-16 05:00:03.000 -0400
"557887","23","36566","5949","2375",3690.00,"167",2026-05-16 19:59:00.000 -0400,2026-06-16 19:59:00.000 -0400,"5",2026-05-16 05:00:03.000 -0400,2026-06-16 11:32:16.000 -0400
"588865","24","36566","5949","2375",3690.00,"167",2026-06-16 19:59:00.000 -0400,2026-07-16 19:59:00.000 -0400,"5",2026-06-16 11:32:16.000 -0400,2026-07-16 06:25:34.000 -0400
"598414","47","36441","48145","7887",3154.77,"167",2026-06-30 20:00:00.000 -0400,2026-07-31 19:59:00.000 -0400,"1",2026-07-01 06:34:31.000 -0400,2026-07-03 10:54:26.640 -0400
"600529","108","36441","48143","7247",2257.93,"167",2026-06-30 20:00:00.000 -0400,2026-07-31 19:59:00.000 -0400,"1",2026-07-03 13:25:04.000 -0400,2026-07-03 13:31:40.000 -0400
"114443","4","36441","9171","7247",2225.60,"167",2025-05-31 20:00:00.000 -0400,2025-06-30 19:59:00.000 -0400,"5",2025-05-29 07:56:22.000 -0400,2025-06-27 12:19:27.000 -0400
"122206","14","36441","9171","7247",2225.60,"167",2025-06-30 20:00:00.000 -0400,2025-07-31 19:59:00.000 -0400,"5",2025-06-27 12:19:27.000 -0400,2025-07-28 11:38:02.000 -0400
"213850","21","36558","13589","2368",2890.00,"167",2025-12-28 19:59:00.000 -0400,2026-01-28 19:59:00.000 -0400,"5",2025-12-19 06:48:21.000 -0400,2026-01-27 07:26:21.000 -0400
"238706","22","36558","13589","2368",2890.00,"167",2026-01-28 19:59:00.000 -0400,2026-02-28 19:59:00.000 -0400,"5",2026-01-27 07:26:21.000 -0400,2026-02-25 05:48:40.000 -0400
"266487","23","36558","13589","2368",2890.00,"167",2026-02-28 19:59:00.000 -0400,2026-03-28 19:59:00.000 -0400,"5",2026-02-25 05:48:40.000 -0400,2026-03-28 08:00:06.970 -0400
"123194","4","36441","5953","7887",3109.60,"167",2025-06-30 20:00:00.000 -0400,2025-07-31 19:59:00.000 -0400,"5",2025-06-30 14:11:08.000 -0400,2025-07-28 11:53:13.000 -0400
"133294","8","36441","5953","7887",3109.60,"167",2025-07-31 20:00:00.000 -0400,2025-08-31 19:59:00.000 -0400,"5",2025-07-28 11:53:13.000 -0400,2025-08-27 17:14:00.950 -0400
"148962","12","36441","5953","7887",3109.60,"167",2025-08-31 20:00:00.000 -0400,2025-09-30 19:59:00.000 -0400,"5",2025-08-27 14:14:00.000 -0400,2025-09-27 11:09:28.893 -0400
"160226","16","36441","5953","7887",3109.60,"167",2025-09-30 20:00:00.000 -0400,2025-10-31 19:59:00.000 -0400,"5",2025-09-27 08:09:28.000 -0400,2025-10-28 13:23:23.643 -0400
"174596","20","36441","5953","7887",3109.60,"167",2025-10-31 20:00:00.000 -0400,2025-11-30 19:59:00.000 -0400,"5",2025-10-28 10:23:23.000 -0400,2025-11-28 11:01:34.770 -0400
"186771","24","36441","5953","7887",3109.60,"167",2025-11-30 20:00:00.000 -0400,2025-12-31 19:59:00.000 -0400,"5",2025-11-28 08:01:34.000 -0400,2025-12-26 08:50:47.343 -0400
"215660","28","36441","5953","7887",3109.60,"167",2025-12-31 20:00:00.000 -0400,2026-01-31 19:59:00.000 -0400,"5",2025-12-26 05:50:47.000 -0400,2026-01-28 08:25:49.423 -0400
"239036","31","36441","5953","7887",3109.60,"167",2026-01-31 20:00:00.000 -0400,2026-02-28 19:59:00.000 -0400,"5",2026-01-28 05:25:49.000 -0400,2026-02-27 11:04:44.907 -0400
"267951","34","36441","5953","7887",3109.60,"167",2026-02-28 20:00:00.000 -0400,2026-03-31 19:59:00.000 -0400,"5",2026-02-27 08:04:44.000 -0400,2026-03-30 08:02:00.693 -0400
"338575","37","36441","5953","7887",3109.60,"167",2026-03-31 20:00:00.000 -0400,2026-04-30 19:59:00.000 -0400,"5",2026-03-30 05:02:00.000 -0400,2026-04-30 08:00:37.487 -0400
"531891","38","36441","5953","7887",3109.60,"167",2026-04-30 20:00:00.000 -0400,2026-05-31 19:59:00.000 -0400,"5",2026-04-30 05:00:37.000 -0400,2026-05-30 08:00:47.590 -0400
"579147","41","36441","5953","7887",3109.60,"167",2026-05-31 20:00:00.000 -0400,2026-06-30 19:59:00.000 -0400,"5",2026-05-30 05:00:47.000 -0400,2026-06-30 14:14:52.840 -0400
"597309","44","36441","5953","7887",3154.77,"167",2026-06-30 20:00:00.000 -0400,2026-07-31 19:59:00.000 -0400,"1",2026-06-30 11:14:52.000 -0400,2026-07-15 05:00:55.650 -0400
"316611","24","36558","13589","2368",2890.00,"167",2026-03-28 19:59:00.000 -0400,2026-04-08 06:11:00.000 -0400,"5",2026-03-28 05:00:06.000 -0400,2026-04-08 10:49:18.000 -0400
"579509","16","36345","8750","4010",3586.68,"167",2026-05-31 20:00:00.000 -0400,2026-06-30 19:59:00.000 -0400,"5",2026-05-30 08:58:49.000 -0400,2026-06-30 14:09:10.000 -0400
"597834","17","36345","8750","4010",3586.68,"167",2026-06-30 20:00:00.000 -0400,2026-07-31 19:59:00.000 -0400,"1",2026-06-30 14:09:09.000 -0400,2026-06-30 14:09:10.000 -0400
"112318","198","36366","10063","2213",2152.00,"167",2025-04-30 20:00:00.000 -0400,2025-05-31 19:59:00.000 -0400,"5",2025-05-19 11:51:29.000 -0400,2025-05-29 10:45:29.883 -0400
"114398","202","36366","10063","2213",2152.00,"167",2025-05-31 20:00:00.000 -0400,2025-06-30 19:59:00.000 -0400,"5",2025-05-29 07:45:29.000 -0400,2025-06-27 07:34:05.000 -0400
"122067","206","36366","10063","2213",2152.00,"167",2025-06-30 20:00:00.000 -0400,2025-07-31 19:59:00.000 -0400,"5",2025-06-27 07:34:04.000 -0400,2025-07-28 11:26:48.487 -0400
"133183","210","36366","10063","2213",2152.00,"167",2025-07-31 20:00:00.000 -0400,2025-08-31 19:59:00.000 -0400,"5",2025-07-28 08:26:48.000 -0400,2025-08-27 17:42:58.663 -0400
"149003","214","36366","10063","2213",2152.00,"167",2025-08-31 20:00:00.000 -0400,2025-09-30 19:59:00.000 -0400,"5",2025-08-27 14:42:58.000 -0400,2025-09-29 09:25:41.223 -0400
"186826","971","36314","10382","2210",1992.00,"167",2025-11-30 20:00:00.000 -0400,2025-12-31 19:59:00.000 -0400,"5",2025-11-28 08:52:36.000 -0400,2025-12-26 08:23:44.707 -0400
"215595","986","36314","10382","2210",1992.00,"167",2025-12-31 20:00:00.000 -0400,2026-01-31 19:59:00.000 -0400,"5",2025-12-26 05:23:44.000 -0400,2026-01-26 06:32:01.000 -0400
"238020","1001","36314","10382","2210",1992.00,"167",2026-01-31 20:00:00.000 -0400,2026-02-28 19:59:00.000 -0400,"5",2026-01-26 06:32:01.000 -0400,2026-02-27 10:32:22.360 -0400
"267887","1016","36314","10382","2210",1992.00,"167",2026-02-28 20:00:00.000 -0400,2026-03-31 19:59:00.000 -0400,"5",2026-02-27 07:32:22.000 -0400,2026-03-30 05:00:22.000 -0400
"338530","1030","36314","10382","2210",1992.00,"167",2026-03-31 20:00:00.000 -0400,2026-04-01 05:02:00.000 -0400,"3",2026-03-30 05:00:22.000 -0400,2026-03-31 06:19:59.000 -0400
"509628","88","36441","10382","7247",2225.60,"167",2026-03-31 20:00:00.000 -0400,2026-04-30 19:59:00.000 -0400,"5",2026-04-07 08:30:53.000 -0400,2026-04-30 08:00:31.943 -0400
"531890","95","36441","10382","7247",2225.60,"167",2026-04-30 20:00:00.000 -0400,2026-05-31 19:59:00.000 -0400,"5",2026-04-30 05:00:31.000 -0400,2026-05-30 08:00:41.407 -0400
"579145","100","36441","10382","7247",2225.60,"167",2026-05-31 20:00:00.000 -0400,2026-06-30 19:59:00.000 -0400,"5",2026-05-30 05:00:41.000 -0400,2026-06-30 11:16:41.000 -0400
"597319","106","36441","10382","7247",2257.93,"167",2026-06-30 20:00:00.000 -0400,2026-07-31 19:59:00.000 -0400,"1",2026-06-30 11:16:41.000 -0400,2026-07-17 05:02:40.197 -0400
"114444","3","36441","10061","7247",2225.60,"167",2025-05-31 20:00:00.000 -0400,2025-06-30 19:59:00.000 -0400,"5",2025-05-29 07:56:22.000 -0400,2025-06-27 15:19:26.593 -0400
"122205","13","36441","10061","7247",2225.60,"167",2025-06-30 20:00:00.000 -0400,2025-07-31 19:59:00.000 -0400,"5",2025-06-27 12:19:26.000 -0400,2025-07-28 14:38:01.707 -0400
"133270","23","36441","10061","7247",2225.60,"167",2025-07-31 20:00:00.000 -0400,2025-08-31 19:59:00.000 -0400,"5",2025-07-28 11:38:01.000 -0400,2025-08-27 17:01:44.390 -0400
"148950","33","36441","10061","7247",2225.60,"167",2025-08-31 20:00:00.000 -0400,2025-09-30 19:59:00.000 -0400,"5",2025-08-27 14:01:44.000 -0400,2025-09-27 08:06:32.000 -0400
"160215","44","36441","10061","7247",2225.60,"167",2025-09-30 20:00:00.000 -0400,2025-10-31 19:59:00.000 -0400,"5",2025-09-27 08:06:32.000 -0400,2025-10-28 11:49:22.800 -0400
"174546","53","36441","10061","7247",2225.60,"167",2025-10-31 20:00:00.000 -0400,2025-11-30 19:59:00.000 -0400,"5",2025-10-28 08:49:22.000 -0400,2025-11-28 11:00:08.647 -0400
"186764","58","36441","10061","7247",2225.60,"167",2025-11-30 20:00:00.000 -0400,2025-12-31 19:59:00.000 -0400,"5",2025-11-28 08:00:08.000 -0400,2025-12-26 08:49:13.190 -0400
"215653","63","36441","10061","7247",2225.60,"167",2025-12-31 20:00:00.000 -0400,2026-01-31 19:59:00.000 -0400,"5",2025-12-26 05:49:13.000 -0400,2026-01-26 06:54:40.000 -0400
"238080","69","36441","10061","7247",2225.60,"167",2026-01-31 20:00:00.000 -0400,2026-02-28 19:59:00.000 -0400,"5",2026-01-26 06:54:40.000 -0400,2026-02-27 11:02:46.523 -0400
"267942","75","36441","10061","7247",2225.60,"167",2026-02-28 20:00:00.000 -0400,2026-03-31 19:59:00.000 -0400,"5",2026-02-27 08:02:46.000 -0400,2026-03-30 08:01:52.900 -0400
"338570","85","36441","10061","7247",2225.60,"167",2026-03-31 20:00:00.000 -0400,2026-04-30 19:59:00.000 -0400,"5",2026-03-30 05:01:52.000 -0400,2026-04-30 08:00:30.727 -0400
"531887","92","36441","10061","7247",2225.60,"167",2026-04-30 20:00:00.000 -0400,2026-05-31 19:59:00.000 -0400,"5",2026-04-30 05:00:30.000 -0400,2026-05-30 05:00:40.000 -0400
"579142","97","36441","10061","7247",2225.60,"167",2026-05-31 20:00:00.000 -0400,2026-06-30 19:59:00.000 -0400,"5",2026-05-30 05:00:40.000 -0400,2026-06-30 11:16:37.000 -0400
"597315","103","36441","10061","7247",2257.93,"167",2026-06-30 20:00:00.000 -0400,2026-07-31 19:59:00.000 -0400,"1",2026-06-30 11:16:37.000 -0400,2026-07-17 05:02:12.273 -0400
"114445","1","36441","10058","7247",2225.60,"167",2025-05-31 20:00:00.000 -0400,2025-06-30 19:59:00.000 -0400,"5",2025-05-29 07:56:23.000 -0400,2025-06-27 12:19:26.000 -0400
"122204","12","36441","10058","7247",2225.60,"167",2025-06-30 20:00:00.000 -0400,2025-07-31 19:59:00.000 -0400,"5",2025-06-27 12:19:25.000 -0400,2025-07-28 11:38:01.000 -0400
"133269","22","36441","10058","7247",2225.60,"167",2025-07-31 20:00:00.000 -0400,2025-08-31 19:59:00.000 -0400,"5",2025-07-28 11:38:01.000 -0400,2025-08-27 14:01:44.000 -0400
"148949","32","36441","10058","7247",2225.60,"167",2025-08-31 20:00:00.000 -0400,2025-09-30 19:59:00.000 -0400,"5",2025-08-27 14:01:43.000 -0400,2025-09-27 11:06:31.737 -0400
"160214","43","36441","10058","7247",2225.60,"167",2025-09-30 20:00:00.000 -0400,2025-10-31 19:59:00.000 -0400,"5",2025-09-27 08:06:31.000 -0400,2025-10-28 11:49:22.423 -0400
"174545","52","36441","10058","7247",2225.60,"167",2025-10-31 20:00:00.000 -0400,2025-11-30 19:59:00.000 -0400,"5",2025-10-28 08:49:22.000 -0400,2025-11-28 11:00:08.230 -0400
"186763","57","36441","10058","7247",2225.60,"167",2025-11-30 20:00:00.000 -0400,2025-12-31 19:59:00.000 -0400,"5",2025-11-28 08:00:08.000 -0400,2025-12-26 08:49:12.597 -0400
"215652","62","36441","10058","7247",2225.60,"167",2025-12-31 20:00:00.000 -0400,2026-01-31 19:59:00.000 -0400,"5",2025-12-26 05:49:12.000 -0400,2026-01-26 09:54:39.450 -0400
"160446","218","36366","10063","2213",2152.00,"167",2025-09-30 20:00:00.000 -0400,2025-10-31 19:59:00.000 -0400,"5",2025-09-29 06:25:41.000 -0400,2025-10-28 16:15:23.353 -0400
"174826","222","36366","10063","2213",2152.00,"167",2025-10-31 20:00:00.000 -0400,2025-11-30 19:59:00.000 -0400,"5",2025-10-28 13:15:23.000 -0400,2025-11-28 12:16:16.417 -0400
"186849","226","36366","10063","2213",2152.00,"167",2025-11-30 20:00:00.000 -0400,2025-12-31 19:59:00.000 -0400,"5",2025-11-28 09:16:16.000 -0400,2025-12-26 05:30:43.000 -0400
"215621","230","36366","10063","2213",2152.00,"167",2025-12-31 20:00:00.000 -0400,2026-01-31 19:59:00.000 -0400,"5",2025-12-26 05:30:43.000 -0400,2026-01-26 09:46:46.420 -0400
"238056","234","36366","10063","2213",2152.00,"167",2026-01-31 20:00:00.000 -0400,2026-02-28 19:59:00.000 -0400,"5",2026-01-26 06:46:46.000 -0400,2026-02-27 10:56:29.923 -0400
"267919","238","36366","10063","2213",2152.00,"167",2026-02-28 20:00:00.000 -0400,2026-03-31 19:59:00.000 -0400,"5",2026-02-27 07:56:29.000 -0400,2026-03-30 08:00:39.550 -0400
"338535","242","36366","10063","2213",2152.00,"167",2026-03-31 20:00:00.000 -0400,2026-04-30 19:59:00.000 -0400,"5",2026-03-30 05:00:39.000 -0400,2026-04-30 08:01:20.363 -0400
"531904","244","36366","10063","2213",2152.00,"167",2026-04-30 20:00:00.000 -0400,2026-05-31 19:59:00.000 -0400,"5",2026-04-30 05:01:20.000 -0400,2026-05-30 05:01:19.000 -0400
"579159","248","36366","10063","2213",2152.00,"167",2026-05-31 20:00:00.000 -0400,2026-06-30 19:59:00.000 -0400,"5",2026-05-30 05:01:19.000 -0400,2026-06-30 07:01:40.000 -0400
"595596","252","36366","10063","2213",2152.00,"167",2026-06-30 20:00:00.000 -0400,2026-07-31 19:59:00.000 -0400,"1",2026-06-30 07:01:39.000 -0400,2026-07-17 05:02:26.777 -0400
"98385","192","36366","9098","2213",3352.00,"167",2025-03-31 20:00:00.000 -0400,2025-04-30 19:59:00.000 -0400,"5",2025-04-01 08:06:02.000 -0400,2025-04-30 10:55:21.000 -0400
"105847","196","36366","9098","2213",3352.00,"167",2025-04-30 20:00:00.000 -0400,2025-05-31 19:59:00.000 -0400,"5",2025-04-30 10:55:21.000 -0400,2025-05-29 10:45:29.393 -0400
"277888","8","92183","10062","11799",990.00,"167",2026-03-03 11:53:00.000 -0400,2026-03-10 11:53:00.000 -0400,"5",2026-03-03 10:17:20.000 -0400,2026-03-10 10:27:35.543 -0400
"281022","9","92183","10062","11799",990.00,"167",2026-03-10 11:53:00.000 -0400,2026-03-17 11:53:00.000 -0400,"5",2026-03-10 07:27:35.000 -0400,2026-03-17 11:19:23.443 -0400
"292985","10","92183","10062","11799",990.00,"167",2026-03-17 11:53:00.000 -0400,2026-03-24 11:53:00.000 -0400,"5",2026-03-17 08:19:23.000 -0400,2026-03-24 10:31:11.000 -0400
"311161","11","92183","10062","11799",990.00,"167",2026-03-24 11:53:00.000 -0400,2026-03-31 11:53:00.000 -0400,"5",2026-03-24 10:31:10.000 -0400,2026-03-31 05:26:54.000 -0400
"339823","12","92183","10062","11799",990.00,"167",2026-03-31 11:53:00.000 -0400,2026-04-07 11:53:00.000 -0400,"5",2026-03-31 05:26:54.000 -0400,2026-04-07 08:33:38.947 -0400
"509539","13","92183","10062","11799",990.00,"167",2026-04-07 11:53:00.000 -0400,2026-04-14 11:53:00.000 -0400,"5",2026-04-07 05:33:38.000 -0400,2026-04-14 11:49:43.870 -0400
"524535","14","92183","10062","11799",990.00,"167",2026-04-14 11:53:00.000 -0400,2026-04-21 11:53:00.000 -0400,"5",2026-04-14 08:49:43.000 -0400,2026-04-22 08:43:07.997 -0400
"528013","15","92183","10062","11799",990.00,"167",2026-04-21 11:53:00.000 -0400,2026-04-28 11:53:00.000 -0400,"5",2026-04-22 05:43:07.000 -0400,2026-04-28 06:44:24.000 -0400
"530758","16","92183","10062","11799",990.00,"167",2026-04-28 11:53:00.000 -0400,2026-05-05 11:53:00.000 -0400,"5",2026-04-28 06:44:24.000 -0400,2026-05-05 08:24:11.850 -0400
"536581","17","92183","10062","11799",990.00,"167",2026-05-05 11:53:00.000 -0400,2026-05-12 11:53:00.000 -0400,"5",2026-05-05 05:24:11.000 -0400,2026-05-12 08:31:55.740 -0400
"555962","18","92183","10062","11799",990.00,"167",2026-05-12 11:53:00.000 -0400,2026-05-19 11:53:00.000 -0400,"5",2026-05-12 05:31:55.000 -0400,2026-05-19 13:31:05.620 -0400
"573548","19","92183","10062","11799",990.00,"167",2026-05-19 11:53:00.000 -0400,2026-05-26 11:53:00.000 -0400,"5",2026-05-19 10:31:05.000 -0400,2026-05-26 08:39:45.747 -0400
"576553","20","92183","10062","11799",990.00,"167",2026-05-26 11:53:00.000 -0400,2026-06-02 11:53:00.000 -0400,"5",2026-05-26 05:39:45.000 -0400,2026-06-02 09:19:59.833 -0400
"582412","21","92183","10062","11799",990.00,"167",2026-06-02 11:53:00.000 -0400,2026-06-09 11:53:00.000 -0400,"5",2026-06-02 06:19:59.000 -0400,2026-06-09 09:34:38.997 -0400
"585750","22","92183","10062","11799",990.00,"167",2026-06-09 11:53:00.000 -0400,2026-06-16 06:10:00.000 -0400,"3",2026-06-09 06:34:38.000 -0400,2026-06-16 07:19:50.000 -0400
"590683","25","92183","10062","11799",990.00,"167",2026-06-16 11:53:00.000 -0400,2026-06-23 11:53:00.000 -0400,"5",2026-06-19 06:53:56.000 -0400,2026-06-23 13:16:15.000 -0400
"592344","26","92183","10062","11799",990.00,"167",2026-06-23 11:53:00.000 -0400,2026-06-30 11:53:00.000 -0400,"5",2026-06-23 13:16:14.000 -0400,2026-06-30 12:40:19.000 -0400
"597657","27","92183","10062","11799",990.00,"167",2026-06-30 11:53:00.000 -0400,2026-07-07 11:53:00.000 -0400,"5",2026-06-30 12:40:18.000 -0400,2026-07-07 07:42:18.000 -0400
"601905","28","92183","10062","11799",990.00,"167",2026-07-07 11:53:00.000 -0400,2026-07-14 11:53:00.000 -0400,"5",2026-07-07 07:42:17.000 -0400,2026-07-14 06:35:05.000 -0400
"605402","29","92183","10062","11799",990.00,"167",2026-07-14 11:53:00.000 -0400,2026-07-21 11:53:00.000 -0400,"1",2026-07-14 06:35:05.000 -0400,2026-07-15 05:29:55.000 -0400
"152444","1","83294","12609","9205",3990.00,"167",2025-09-06 06:00:00.000 -0400,2025-10-06 06:00:00.000 -0400,"5",2025-09-06 06:01:04.000 -0400,2025-10-01 10:51:19.477 -0400
"161794","2","83294","12609","9205",3990.00,"167",2025-10-06 06:00:00.000 -0400,2025-11-06 06:00:00.000 -0400,"5",2025-10-01 07:51:19.000 -0400,2025-11-01 07:28:25.000 -0400
"176968","3","83294","12609","9205",3990.00,"167",2025-11-06 06:00:00.000 -0400,2025-12-06 06:00:00.000 -0400,"5",2025-11-01 07:28:25.000 -0400,2025-12-01 09:40:11.640 -0400
"188244","4","83294","12609","9205",3990.00,"167",2025-12-06 06:00:00.000 -0400,2026-01-06 06:00:00.000 -0400,"5",2025-12-01 06:40:11.000 -0400,2026-01-02 14:41:53.470 -0400
"217982","5","83294","12609","9205",3990.00,"167",2026-01-06 06:00:00.000 -0400,2026-02-04 11:42:00.000 -0400,"2",2026-01-02 11:41:53.000 -0400,2026-02-04 13:10:52.000 -0400
"265711","165","36426","12609","2250",2952.00,"167",2026-02-23 06:00:00.000 -0400,2026-02-28 19:59:00.000 -0400,"5",2026-02-23 06:05:04.000 -0400,2026-02-27 10:52:40.483 -0400
"267902","167","36426","12609","2250",2952.00,"167",2026-02-28 20:00:00.000 -0400,2026-03-06 05:22:00.000 -0400,"5",2026-02-27 07:52:40.000 -0400,2026-03-30 13:09:04.000 -0400
"283282","10","66678","12609","7771",3790.00,"167",2026-03-10 19:59:00.000 -0400,2026-03-24 10:35:00.000 -0400,"3",2026-03-13 13:03:40.000 -0400,2026-03-24 14:57:05.633 -0400
"603711","1","73611","12609","24637",3790.00,"167",2026-07-10 05:00:00.000 -0400,2026-08-10 19:59:00.000 -0400,"1",2026-07-09 14:31:16.000 -0400,2026-07-10 06:13:24.000 -0400
"113810","1","49349","10382","6777",2490.00,"167",2025-05-27 06:57:00.000 -0400,2025-06-13 11:15:00.000 -0400,"3",2025-05-27 07:57:39.000 -0400,2025-06-13 16:12:27.627 -0400
"119838","880","36314","10382","2210",1992.00,"167",2025-05-31 20:00:00.000 -0400,2025-06-30 19:59:00.000 -0400,"5",2025-06-16 13:26:16.000 -0400,2025-06-27 11:31:30.423 -0400
"122111","895","36314","10382","2210",1992.00,"167",2025-06-30 20:00:00.000 -0400,2025-07-31 19:59:00.000 -0400,"5",2025-06-27 08:31:30.000 -0400,2025-07-28 08:20:18.000 -0400
"133163","910","36314","10382","2210",1992.00,"167",2025-07-31 20:00:00.000 -0400,2025-08-31 19:59:00.000 -0400,"5",2025-07-28 08:20:18.000 -0400,2025-08-27 17:25:35.630 -0400
"148983","925","36314","10382","2210",1992.00,"167",2025-08-31 20:00:00.000 -0400,2025-09-30 19:59:00.000 -0400,"5",2025-08-27 14:25:35.000 -0400,2025-09-29 09:16:54.667 -0400
"160420","940","36314","10382","2210",1992.00,"167",2025-09-30 20:00:00.000 -0400,2025-10-31 19:59:00.000 -0400,"5",2025-09-29 06:16:54.000 -0400,2025-10-28 08:18:19.000 -0400
"174500","955","36314","10382","2210",1992.00,"167",2025-10-31 20:00:00.000 -0400,2025-11-30 19:59:00.000 -0400,"5",2025-10-28 08:18:19.000 -0400,2025-11-28 11:52:36.617 -0400
"114396","200","36366","9098","2213",3352.00,"167",2025-05-31 20:00:00.000 -0400,2025-06-30 19:59:00.000 -0400,"5",2025-05-29 07:45:29.000 -0400,2025-06-27 10:34:03.793 -0400
"122065","204","36366","9098","2213",3352.00,"167",2025-06-30 20:00:00.000 -0400,2025-07-31 19:59:00.000 -0400,"5",2025-06-27 07:34:03.000 -0400,2025-07-28 11:26:47.797 -0400
"532551","177","99010","6141",,180.00,"167",2026-04-30 12:30:00.000 -0400,2026-05-12 06:17:00.000 -0400,"5",2026-04-30 11:31:13.000 -0400,2026-05-12 11:44:21.000 -0400
"588311","1","36555","6141","24150",2990.00,"167",2026-06-16 05:00:00.000 -0400,2026-07-16 05:00:00.000 -0400,"5",2026-06-15 09:34:09.000 -0400,2026-07-16 09:45:15.037 -0400
"119425","2","49349","12573","6777",2490.00,"167",2025-05-27 06:57:00.000 -0400,2025-06-27 06:57:00.000 -0400,"5",2025-06-13 13:12:27.000 -0400,2025-06-25 09:37:10.620 -0400
"121408","3","49349","12573","6777",3090.00,"167",2025-06-27 06:57:00.000 -0400,2025-07-27 19:59:00.000 -0400,"5",2025-06-25 06:37:10.000 -0400,2025-07-25 07:21:41.000 -0400
"132588","4","49349","12573","6777",3090.00,"167",2025-07-27 19:59:00.000 -0400,2025-08-27 19:59:00.000 -0400,"5",2025-07-25 07:21:40.000 -0400,2025-08-25 11:15:56.650 -0400
"148278","5","49349","12573","6777",3090.00,"167",2025-08-27 19:59:00.000 -0400,2025-09-27 19:59:00.000 -0400,"5",2025-08-25 08:15:56.000 -0400,2025-09-25 05:57:35.000 -0400
"159544","6","49349","12573","6777",3090.00,"167",2025-09-27 19:59:00.000 -0400,2025-10-27 19:59:00.000 -0400,"5",2025-09-25 05:57:35.000 -0400,2025-10-25 10:27:07.270 -0400
"173041","7","49349","12573","6777",3090.00,"167",2025-10-27 19:59:00.000 -0400,2025-11-27 19:59:00.000 -0400,"5",2025-10-25 07:27:07.000 -0400,2025-11-25 10:18:58.317 -0400
"185254","8","49349","12573","6777",3090.00,"167",2025-11-27 19:59:00.000 -0400,2025-12-27 19:59:00.000 -0400,"5",2025-11-25 07:18:58.000 -0400,2025-12-24 06:57:15.000 -0400
"215345","9","49349","12573","6777",3090.00,"167",2025-12-27 19:59:00.000 -0400,2026-01-27 19:59:00.000 -0400,"5",2025-12-24 06:57:14.000 -0400,2026-01-24 09:21:03.757 -0400
"237466","10","49349","12573","6777",3090.00,"167",2026-01-27 19:59:00.000 -0400,2026-02-27 19:59:00.000 -0400,"5",2026-01-24 06:21:03.000 -0400,2026-02-25 09:36:34.993 -0400
"266523","11","49349","12573","6777",3090.00,"167",2026-02-27 19:59:00.000 -0400,2026-03-27 19:59:00.000 -0400,"5",2026-02-25 06:36:34.000 -0400,2026-03-27 08:00:04.797 -0400
"315779","12","49349","12573","6777",3090.00,"167",2026-03-27 19:59:00.000 -0400,2026-04-27 19:59:00.000 -0400,"5",2026-03-27 05:00:04.000 -0400,2026-04-27 08:00:18.310 -0400
"529951","13","49349","12573","6777",3090.00,"167",2026-04-27 19:59:00.000 -0400,2026-05-22 11:04:00.000 -0400,"5",2026-04-27 05:00:18.000 -0400,2026-05-22 13:30:52.000 -0400
"590057","181","36315","12573",,220.00,"167",2026-06-18 04:51:00.000 -0400,2026-07-19 04:51:00.000 -0400,"7",2026-06-18 05:57:22.000 -0400,2026-07-17 05:02:56.420 -0400
"109681","8","36427","10062","3720",2500.00,"167",2025-04-30 20:00:00.000 -0400,2025-05-31 19:59:00.000 -0400,"5",2025-05-09 12:40:04.000 -0400,2025-05-30 08:41:10.640 -0400
"114658","9","36427","10062","3720",2500.00,"167",2025-05-31 20:00:00.000 -0400,2025-06-30 19:59:00.000 -0400,"5",2025-05-30 05:41:10.000 -0400,2025-06-27 07:15:04.000 -0400
"122044","10","36427","10062","3720",2500.00,"167",2025-06-30 20:00:00.000 -0400,2025-07-31 19:59:00.000 -0400,"5",2025-06-27 07:15:04.000 -0400,2025-07-30 06:10:14.000 -0400
"133757","11","36427","10062","3720",2500.00,"167",2025-07-31 20:00:00.000 -0400,2025-08-31 19:59:00.000 -0400,"5",2025-07-30 06:10:14.000 -0400,2025-08-28 10:23:10.980 -0400
"149111","12","36427","10062","3720",2500.00,"167",2025-08-31 20:00:00.000 -0400,2025-09-30 19:59:00.000 -0400,"5",2025-08-28 07:23:10.000 -0400,2025-09-29 10:17:58.410 -0400
"160470","13","36427","10062","3720",2500.00,"167",2025-09-30 20:00:00.000 -0400,2025-10-31 19:59:00.000 -0400,"5",2025-09-29 07:17:58.000 -0400,2025-10-30 09:10:03.400 -0400
"175396","14","36427","10062","3720",2500.00,"167",2025-10-31 20:00:00.000 -0400,2025-11-21 07:40:00.000 -0400,"5",2025-10-30 06:10:03.000 -0400,2025-11-21 09:10:40.000 -0400
"214501","1","90608","10062","11532",990.00,"167",2025-12-22 07:30:00.000 -0400,2025-12-29 07:30:00.000 -0400,"5",2025-12-22 07:41:57.000 -0400,2025-12-29 08:17:44.273 -0400
"216145","2","90608","10062","11532",990.00,"167",2025-12-29 07:30:00.000 -0400,2026-01-05 07:30:00.000 -0400,"5",2025-12-29 05:17:44.000 -0400,2026-01-05 05:32:31.000 -0400
"218487","3","90608","10062","11532",990.00,"167",2026-01-05 07:30:00.000 -0400,2026-01-12 07:30:00.000 -0400,"4",2026-01-05 05:32:31.000 -0400,2026-01-06 05:17:48.000 -0400
"222566","1","92183","10062","11799",990.00,"167",2026-01-13 11:53:00.000 -0400,2026-01-20 11:53:00.000 -0400,"5",2026-01-13 12:53:46.000 -0400,2026-01-20 08:08:12.817 -0400
"234790","2","92183","10062","11799",990.00,"167",2026-01-20 11:53:00.000 -0400,2026-01-27 11:53:00.000 -0400,"5",2026-01-20 05:08:12.000 -0400,2026-01-27 10:20:49.400 -0400
"238704","3","92183","10062","11799",990.00,"167",2026-01-27 11:53:00.000 -0400,2026-02-03 11:53:00.000 -0400,"5",2026-01-27 07:20:49.000 -0400,2026-02-03 09:14:02.413 -0400
"251525","4","92183","10062","11799",990.00,"167",2026-02-03 11:53:00.000 -0400,2026-02-10 11:53:00.000 -0400,"5",2026-02-03 06:14:02.000 -0400,2026-02-10 05:19:35.000 -0400
"259292","5","92183","10062","11799",990.00,"167",2026-02-10 11:53:00.000 -0400,2026-02-17 11:53:00.000 -0400,"5",2026-02-10 05:19:35.000 -0400,2026-02-18 13:46:31.417 -0400
"263752","6","92183","10062","11799",990.00,"167",2026-02-17 11:53:00.000 -0400,2026-02-24 11:53:00.000 -0400,"5",2026-02-18 10:46:31.000 -0400,2026-02-24 10:09:51.383 -0400
"266152","7","92183","10062","11799",990.00,"167",2026-02-24 11:53:00.000 -0400,2026-03-03 11:53:00.000 -0400,"5",2026-02-24 07:09:51.000 -0400,2026-03-03 10:17:20.000 -0400
"133181","208","36366","9098","2213",3352.00,"167",2025-07-31 20:00:00.000 -0400,2025-08-31 19:59:00.000 -0400,"5",2025-07-28 08:26:47.000 -0400,2025-08-27 17:42:57.970 -0400
"149001","212","36366","9098","2213",3352.00,"167",2025-08-31 20:00:00.000 -0400,2025-09-30 19:59:00.000 -0400,"5",2025-08-27 14:42:57.000 -0400,2025-09-29 09:25:40.550 -0400
"160444","216","36366","9098","2213",3352.00,"167",2025-09-30 20:00:00.000 -0400,2025-10-31 19:59:00.000 -0400,"5",2025-09-29 06:25:40.000 -0400,2025-10-28 16:15:22.463 -0400
"174824","220","36366","9098","2213",3352.00,"167",2025-10-31 20:00:00.000 -0400,2025-11-30 19:59:00.000 -0400,"5",2025-10-28 13:15:22.000 -0400,2025-11-28 12:16:15.733 -0400
"186847","224","36366","9098","2213",3352.00,"167",2025-11-30 20:00:00.000 -0400,2025-12-31 19:59:00.000 -0400,"5",2025-11-28 09:16:15.000 -0400,2025-12-26 08:30:42.293 -0400
"215619","228","36366","9098","2213",3352.00,"167",2025-12-31 20:00:00.000 -0400,2026-01-31 19:59:00.000 -0400,"5",2025-12-26 05:30:42.000 -0400,2026-01-26 09:46:45.297 -0400
"238054","232","36366","9098","2213",3352.00,"167",2026-01-31 20:00:00.000 -0400,2026-02-28 19:59:00.000 -0400,"5",2026-01-26 06:46:45.000 -0400,2026-02-27 10:56:28.873 -0400
"267917","236","36366","9098","2213",3352.00,"167",2026-02-28 20:00:00.000 -0400,2026-03-31 19:59:00.000 -0400,"5",2026-02-27 07:56:28.000 -0400,2026-03-30 08:00:38.663 -0400
"338533","240","36366","9098","2213",3352.00,"167",2026-03-31 20:00:00.000 -0400,2026-04-30 19:59:00.000 -0400,"5",2026-03-30 05:00:38.000 -0400,2026-04-30 08:01:20.713 -0400
"531905","245","36366","9098","2213",3352.00,"167",2026-04-30 20:00:00.000 -0400,2026-05-31 19:59:00.000 -0400,"5",2026-04-30 05:01:20.000 -0400,2026-05-30 08:01:19.503 -0400
"84443","254","36315","8831","2211",4232.00,"167",2025-01-30 19:59:00.000 -0400,2025-02-28 19:59:00.000 -0400,"5",2025-02-18 10:01:44.000 -0400,2025-02-28 11:47:24.563 -0400
"87017","261","36315","8831","2211",4232.00,"167",2025-02-28 19:59:00.000 -0400,2025-03-28 19:59:00.000 -0400,"5",2025-02-28 08:47:24.000 -0400,2025-03-29 10:48:08.720 -0400
"97636","268","36315","8831","2211",4232.00,"167",2025-03-28 19:59:00.000 -0400,2025-04-28 19:59:00.000 -0400,"5",2025-03-29 07:48:08.000 -0400,2025-04-30 13:48:37.750 -0400
"105831","276","36315","8831","2211",4232.00,"167",2025-04-28 19:59:00.000 -0400,2025-05-28 19:59:00.000 -0400,"5",2025-04-30 10:48:37.000 -0400,2025-05-29 10:37:34.510 -0400
"114380","284","36315","8831","2211",4232.00,"167",2025-05-28 19:59:00.000 -0400,2025-06-28 19:59:00.000 -0400,"5",2025-05-29 07:37:34.000 -0400,2025-06-27 10:23:52.513 -0400
"122053","291","36315","8831","2211",4232.00,"167",2025-06-28 19:59:00.000 -0400,2025-07-28 19:59:00.000 -0400,"5",2025-06-27 07:23:52.000 -0400,2025-07-28 11:21:58.523 -0400
"133166","298","36315","8831","2211",4232.00,"167",2025-07-28 19:59:00.000 -0400,2025-08-28 19:59:00.000 -0400,"5",2025-07-28 08:21:58.000 -0400,2025-08-27 17:28:03.513 -0400
"148986","305","36315","8831","2211",4232.00,"167",2025-08-28 19:59:00.000 -0400,2025-09-28 19:59:00.000 -0400,"5",2025-08-27 14:28:03.000 -0400,2025-09-29 06:17:48.000 -0400
"160423","312","36315","8831","2211",4232.00,"167",2025-09-28 19:59:00.000 -0400,2025-10-28 19:59:00.000 -0400,"5",2025-09-29 06:17:48.000 -0400,2025-10-28 07:00:03.000 -0400
"174419","319","36315","8831","2211",4232.00,"167",2025-10-28 19:59:00.000 -0400,2025-11-28 19:59:00.000 -0400,"5",2025-10-28 07:00:03.000 -0400,2025-11-28 08:40:46.000 -0400
"186803","326","36315","8831","2211",4232.00,"167",2025-11-28 19:59:00.000 -0400,2025-12-28 19:59:00.000 -0400,"5",2025-11-28 08:40:46.000 -0400,2025-12-26 05:24:39.000 -0400
"215599","333","36315","8831","2211",4232.00,"167",2025-12-28 19:59:00.000 -0400,2026-01-28 19:59:00.000 -0400,"5",2025-12-26 05:24:38.000 -0400,2026-01-26 09:42:51.533 -0400
"238036","340","36315","8831","2211",4232.00,"167",2026-01-28 19:59:00.000 -0400,2026-02-28 19:59:00.000 -0400,"5",2026-01-26 06:42:51.000 -0400,2026-02-27 07:34:26.000 -0400
"267891","347","36315","8831","2211",4232.00,"167",2026-02-28 19:59:00.000 -0400,2026-03-28 19:59:00.000 -0400,"5",2026-02-27 07:34:26.000 -0400,2026-03-28 05:00:04.000 -0400
"316605","356","36315","8831","2211",4232.00,"167",2026-03-28 19:59:00.000 -0400,2026-04-28 19:59:00.000 -0400,"5",2026-03-28 05:00:04.000 -0400,2026-04-28 05:00:03.000 -0400
"530609","363","36315","8831","2211",4232.00,"167",2026-04-28 19:59:00.000 -0400,2026-05-28 19:59:00.000 -0400,"5",2026-04-28 05:00:03.000 -0400,2026-05-28 08:00:04.613 -0400
"577907","370","36315","8831","2211",4232.00,"167",2026-05-28 19:59:00.000 -0400,2026-06-28 19:59:00.000 -0400,"5",2026-05-28 05:00:04.000 -0400,2026-06-29 11:02:21.980 -0400
"594960","377","36315","8831","2211",4232.00,"167",2026-06-28 19:59:00.000 -0400,2026-07-28 19:59:00.000 -0400,"1",2026-06-29 08:02:21.000 -0400,2026-06-29 08:02:22.000 -0400
"530608","362","36315","6758","2211",3832.00,"167",2026-04-28 19:59:00.000 -0400,2026-05-28 19:59:00.000 -0400,"5",2026-04-28 05:00:02.000 -0400,2026-05-28 08:00:04.297 -0400
"577906","369","36315","6758","2211",3832.00,"167",2026-05-28 19:59:00.000 -0400,2026-06-28 19:59:00.000 -0400,"5",2026-05-28 05:00:04.000 -0400,2026-06-29 08:02:20.000 -0400
"594959","376","36315","6758","2211",3832.00,"167",2026-06-28 19:59:00.000 -0400,2026-07-28 19:59:00.000 -0400,"1",2026-06-29 08:02:20.000 -0400,2026-06-29 08:02:21.000 -0400
"79075","109","36315","6141",,180.00,"167",2025-01-27 11:12:00.000 -0400,2025-02-05 06:20:00.000 -0400,"5",2025-01-27 12:15:10.000 -0400,2025-02-21 09:53:58.000 -0400
"96656","1","50112","6141","4502",2990.00,"167",2025-03-24 11:51:00.000 -0400,2025-04-24 11:51:00.000 -0400,"5",2025-03-24 12:52:26.000 -0400,2025-04-15 11:42:24.250 -0400
"102958","2","50112","6141","4502",2990.00,"167",2025-04-24 11:51:00.000 -0400,2025-05-24 11:51:00.000 -0400,"5",2025-04-15 08:42:24.000 -0400,2025-05-15 10:40:41.713 -0400
"111329","3","50112","6141","4502",2990.00,"167",2025-05-24 11:51:00.000 -0400,2025-06-24 11:51:00.000 -0400,"5",2025-05-15 07:40:41.000 -0400,2025-06-16 08:07:45.887 -0400
"119599","4","50112","6141","4502",2990.00,"167",2025-06-24 11:51:00.000 -0400,2025-07-24 11:51:00.000 -0400,"5",2025-06-16 05:07:45.000 -0400,2025-07-15 16:59:38.227 -0400
"129711","5","50112","6141","4502",2990.00,"167",2025-07-24 11:51:00.000 -0400,2025-07-25 08:25:00.000 -0400,"5",2025-07-15 13:59:38.000 -0400,2025-07-26 08:40:37.000 -0400
"140756","3","66768","6141","7785",2890.00,"167",2025-08-09 19:59:00.000 -0400,2025-09-09 19:59:00.000 -0400,"5",2025-08-20 06:49:41.000 -0400,2025-09-10 09:52:19.373 -0400
"153300","4","66768","6141","7785",2890.00,"167",2025-09-09 19:59:00.000 -0400,2025-10-09 19:59:00.000 -0400,"5",2025-09-10 06:52:19.000 -0400,2025-10-10 11:57:07.303 -0400
"166511","5","66768","6141","7785",2890.00,"167",2025-10-09 19:59:00.000 -0400,2025-10-10 10:36:00.000 -0400,"3",2025-10-10 08:57:07.000 -0400,2025-10-10 11:59:15.000 -0400
"181861","146","87884","6141",,125.00,"167",2025-11-13 09:43:00.000 -0400,2025-12-13 09:43:00.000 -0400,"5",2025-11-13 10:48:28.000 -0400,2025-12-16 13:41:14.000 -0400
"212962","153","87884","6141",,125.00,"167",2025-12-13 09:44:00.000 -0400,2025-12-23 09:54:00.000 -0400,"5",2025-12-16 13:39:40.000 -0400,2025-12-23 11:16:28.000 -0400
"236483","154","36315","6141",,180.00,"167",2026-01-22 07:02:00.000 -0400,2026-02-11 12:04:00.000 -0400,"5",2026-01-22 08:04:24.000 -0400,2026-02-13 12:09:09.000 -0400
"265321","160","36454","6141",,2790.00,"167",2026-02-23 05:30:00.000 -0400,2026-02-27 12:16:00.000 -0400,"5",2026-02-21 06:33:12.000 -0400,2026-02-28 06:48:04.000 -0400
"280309","164","36454","6141",,2790.00,"167",2026-03-09 05:00:00.000 -0400,2026-03-27 11:33:00.000 -0400,"5",2026-03-07 08:09:03.000 -0400,2026-03-28 06:40:06.000 -0400
"512024","171","36315","6141",,180.00,"167",2026-04-10 09:24:00.000 -0400,2026-04-29 12:02:00.000 -0400,"5",2026-04-10 10:28:21.000 -0400,2026-04-30 05:40:33.000 -0400
"579160","249","36366","9098","2213",3352.00,"167",2026-05-31 20:00:00.000 -0400,2026-06-30 19:59:00.000 -0400,"5",2026-05-30 05:01:19.000 -0400,2026-06-30 07:01:42.000 -0400
"595598","253","36366","9098","2213",3352.00,"167",2026-06-30 20:00:00.000 -0400,2026-07-31 19:59:00.000 -0400,"1",2026-06-30 07:01:41.000 -0400,2026-06-30 07:01:43.000 -0400
"160427","316","36315","9224","2211",2152.00,"167",2025-09-28 19:59:00.000 -0400,2025-10-28 19:59:00.000 -0400,"5",2025-09-29 06:17:49.000 -0400,2025-10-28 10:00:04.820 -0400
"174423","323","36315","9224","2211",2152.00,"167",2025-10-28 19:59:00.000 -0400,2025-11-28 19:59:00.000 -0400,"5",2025-10-28 07:00:04.000 -0400,2025-11-28 11:40:47.453 -0400
"186807","330","36315","9224","2211",2152.00,"167",2025-11-28 19:59:00.000 -0400,2025-12-28 19:59:00.000 -0400,"5",2025-11-28 08:40:47.000 -0400,2025-12-26 08:24:40.213 -0400
"215603","337","36315","9224","2211",2152.00,"167",2025-12-28 19:59:00.000 -0400,2026-01-28 19:59:00.000 -0400,"5",2025-12-26 05:24:40.000 -0400,2026-01-26 09:42:53.937 -0400
"238040","344","36315","9224","2211",2152.00,"167",2026-01-28 19:59:00.000 -0400,2026-02-28 19:59:00.000 -0400,"5",2026-01-26 06:42:53.000 -0400,2026-02-27 10:34:27.303 -0400
"267895","351","36315","9224","2211",2152.00,"167",2026-02-28 19:59:00.000 -0400,2026-03-28 19:59:00.000 -0400,"5",2026-02-27 07:34:27.000 -0400,2026-03-28 08:00:04.893 -0400
"316607","358","36315","9224","2211",2152.00,"167",2026-03-28 19:59:00.000 -0400,2026-04-28 19:59:00.000 -0400,"5",2026-03-28 05:00:04.000 -0400,2026-04-28 08:00:04.673 -0400
"530613","367","36315","9224","2211",2152.00,"167",2026-04-28 19:59:00.000 -0400,2026-05-28 19:59:00.000 -0400,"5",2026-04-28 05:00:04.000 -0400,2026-05-28 08:00:05.840 -0400
"577910","373","36315","9224","2211",2152.00,"167",2026-05-28 19:59:00.000 -0400,2026-06-28 19:59:00.000 -0400,"5",2026-05-28 05:00:05.000 -0400,2026-06-29 11:02:25.893 -0400
"594963","380","36315","9224","2211",2152.00,"167",2026-06-28 19:59:00.000 -0400,2026-07-28 19:59:00.000 -0400,"1",2026-06-29 08:02:25.000 -0400,2026-07-17 05:01:45.670 -0400
"315384","353","36315","27460","2211",1992.00,"167",2026-02-28 19:59:00.000 -0400,2026-03-28 19:59:00.000 -0400,"5",2026-03-26 07:43:42.000 -0400,2026-03-28 08:00:05.687 -0400
"316610","360","36315","27460","2211",1992.00,"167",2026-03-28 19:59:00.000 -0400,2026-04-28 19:59:00.000 -0400,"5",2026-03-28 05:00:05.000 -0400,2026-04-28 08:00:04.273 -0400
"530612","366","36315","27460","2211",1992.00,"167",2026-04-28 19:59:00.000 -0400,2026-05-28 19:59:00.000 -0400,"5",2026-04-28 05:00:04.000 -0400,2026-05-28 08:00:05.510 -0400
"577909","372","36315","27460","2211",1992.00,"167",2026-05-28 19:59:00.000 -0400,2026-06-28 19:59:00.000 -0400,"5",2026-05-28 05:00:05.000 -0400,2026-06-29 08:02:24.000 -0400
"594962","379","36315","27460","2211",1992.00,"167",2026-06-28 19:59:00.000 -0400,2026-07-28 19:59:00.000 -0400,"1",2026-06-29 08:02:24.000 -0400,2026-06-29 08:02:24.000 -0400
"310654","352","36315","27457","2211",1992.00,"167",2026-02-28 19:59:00.000 -0400,2026-03-28 19:59:00.000 -0400,"5",2026-03-23 07:55:15.000 -0400,2026-03-28 08:00:05.293 -0400
"316608","359","36315","27457","2211",1992.00,"167",2026-03-28 19:59:00.000 -0400,2026-04-28 19:59:00.000 -0400,"5",2026-03-28 05:00:05.000 -0400,2026-04-28 08:00:03.783 -0400
"530611","365","36315","27457","2211",1992.00,"167",2026-04-28 19:59:00.000 -0400,2026-05-28 19:59:00.000 -0400,"5",2026-04-28 05:00:03.000 -0400,2026-05-28 08:00:06.280 -0400
"577911","374","36315","27457","2211",1992.00,"167",2026-05-28 19:59:00.000 -0400,2026-06-28 19:59:00.000 -0400,"5",2026-05-28 05:00:06.000 -0400,2026-06-29 08:02:27.000 -0400
"594964","381","36315","27457","2211",1992.00,"167",2026-06-28 19:59:00.000 -0400,2026-07-28 19:59:00.000 -0400,"1",2026-06-29 08:02:26.000 -0400,2026-06-29 08:02:27.000 -0400
"605028","182","36315","29403",,310.00,"167",2026-07-13 10:00:00.000 -0400,2026-07-24 10:59:00.000 -0400,"7",2026-07-13 09:42:02.000 -0400,2026-07-13 12:03:11.000 -0400
"75315","245","36315","6758","2211",3832.00,"167",2024-12-30 19:59:00.000 -0400,2025-01-30 19:59:00.000 -0400,"5",2025-01-08 07:56:41.000 -0400,2025-01-29 17:06:06.887 -0400
"79678","252","36315","6758","2211",3832.00,"167",2025-01-30 19:59:00.000 -0400,2025-02-28 19:59:00.000 -0400,"5",2025-01-29 14:06:06.000 -0400,2025-02-28 11:47:24.303 -0400
"87015","259","36315","6758","2211",3832.00,"167",2025-02-28 19:59:00.000 -0400,2025-03-28 19:59:00.000 -0400,"5",2025-02-28 08:47:24.000 -0400,2025-03-29 10:48:08.510 -0400
"97635","267","36315","6758","2211",3832.00,"167",2025-03-28 19:59:00.000 -0400,2025-04-28 19:59:00.000 -0400,"5",2025-03-29 07:48:08.000 -0400,2025-04-30 13:48:37.537 -0400
"105830","275","36315","6758","2211",3832.00,"167",2025-04-28 19:59:00.000 -0400,2025-05-28 19:59:00.000 -0400,"5",2025-04-30 10:48:37.000 -0400,2025-05-29 10:37:34.310 -0400
"114379","283","36315","6758","2211",3832.00,"167",2025-05-28 19:59:00.000 -0400,2025-06-28 19:59:00.000 -0400,"5",2025-05-29 07:37:34.000 -0400,2025-06-27 10:23:52.190 -0400
"122052","290","36315","6758","2211",3832.00,"167",2025-06-28 19:59:00.000 -0400,2025-07-28 19:59:00.000 -0400,"5",2025-06-27 07:23:52.000 -0400,2025-07-28 08:21:58.000 -0400
"133165","297","36315","6758","2211",3832.00,"167",2025-07-28 19:59:00.000 -0400,2025-08-28 19:59:00.000 -0400,"5",2025-07-28 08:21:58.000 -0400,2025-08-27 17:28:03.220 -0400
"148985","304","36315","6758","2211",3832.00,"167",2025-08-28 19:59:00.000 -0400,2025-09-28 19:59:00.000 -0400,"5",2025-08-27 14:28:03.000 -0400,2025-09-29 09:17:47.847 -0400
"160422","311","36315","6758","2211",3832.00,"167",2025-09-28 19:59:00.000 -0400,2025-10-28 19:59:00.000 -0400,"5",2025-09-29 06:17:47.000 -0400,2025-10-28 10:00:02.810 -0400
"174418","318","36315","6758","2211",3832.00,"167",2025-10-28 19:59:00.000 -0400,2025-11-28 19:59:00.000 -0400,"5",2025-10-28 07:00:02.000 -0400,2025-11-28 11:40:45.760 -0400
"186802","325","36315","6758","2211",3832.00,"167",2025-11-28 19:59:00.000 -0400,2025-12-28 19:59:00.000 -0400,"5",2025-11-28 08:40:45.000 -0400,2025-12-26 08:24:38.717 -0400
"215598","332","36315","6758","2211",3832.00,"167",2025-12-28 19:59:00.000 -0400,2026-01-28 19:59:00.000 -0400,"5",2025-12-26 05:24:38.000 -0400,2026-01-26 09:42:50.587 -0400
"238035","339","36315","6758","2211",3832.00,"167",2026-01-28 19:59:00.000 -0400,2026-02-28 19:59:00.000 -0400,"5",2026-01-26 06:42:50.000 -0400,2026-02-27 10:34:25.653 -0400
"267890","346","36315","6758","2211",3832.00,"167",2026-02-28 19:59:00.000 -0400,2026-03-28 19:59:00.000 -0400,"5",2026-02-27 07:34:25.000 -0400,2026-03-28 08:00:03.863 -0400
"316604","355","36315","6758","2211",3832.00,"167",2026-03-28 19:59:00.000 -0400,2026-04-28 19:59:00.000 -0400,"5",2026-03-28 05:00:03.000 -0400,2026-04-28 08:00:02.823 -0400
"185244","7","57195","10381","6872",2290.00,"167",2025-11-30 19:59:00.000 -0400,2025-12-30 19:59:00.000 -0400,"5",2025-11-25 06:47:53.000 -0400,2025-12-24 09:59:37.560 -0400
"215347","8","57195","10381","6872",2290.00,"167",2025-12-30 19:59:00.000 -0400,2026-01-30 19:59:00.000 -0400,"5",2025-12-24 06:59:37.000 -0400,2026-01-24 06:32:03.000 -0400
"96644","262","36315","9176","2211",4232.00,"167",2025-02-28 10:00:00.000 -0400,2025-03-28 10:00:00.000 -0400,"5",2025-03-24 12:17:37.000 -0400,2025-03-29 10:48:08.930 -0400
"237479","9","57195","10381","6872",2290.00,"167",2026-01-30 19:59:00.000 -0400,2026-02-28 19:59:00.000 -0400,"5",2026-01-24 06:32:03.000 -0400,2026-02-25 09:44:06.360 -0400
"266527","10","57195","10381","6872",2290.00,"167",2026-02-28 19:59:00.000 -0400,2026-03-28 19:59:00.000 -0400,"5",2026-02-25 06:44:06.000 -0400,2026-03-28 08:00:11.560 -0400
"316614","11","57195","10381","6872",2290.00,"167",2026-03-28 19:59:00.000 -0400,2026-04-28 19:59:00.000 -0400,"5",2026-03-28 05:00:11.000 -0400,2026-04-28 08:00:20.747 -0400
"530616","12","57195","10381","6872",2290.00,"167",2026-04-28 19:59:00.000 -0400,2026-04-28 19:59:00.000 -0400,"3",2026-04-28 05:00:20.000 -0400,2026-04-28 10:49:19.387 -0400
"576166","178","132455","10381",,100.00,"167",2026-05-25 12:00:00.000 -0400,2026-05-28 11:25:00.000 -0400,"5",2026-05-25 10:34:11.000 -0400,2026-05-28 12:46:56.000 -0400
"588696","180","36315","10381",,100.00,"167",2026-06-16 05:02:00.000 -0400,2026-06-19 09:07:00.000 -0400,"5",2026-06-16 06:19:02.000 -0400,2026-06-19 12:07:32.000 -0400
"600280","2","135536","10381","24264",2399.00,"167",2026-06-30 13:35:00.000 -0400,2026-07-07 09:45:00.000 -0400,"3",2026-07-03 09:03:12.000 -0400,2026-07-07 11:02:42.000 -0400
"603683","2","136176","10381","24447",2399.00,"167",2026-06-30 14:48:00.000 -0400,2026-07-30 14:48:00.000 -0400,"1",2026-07-09 13:08:02.000 -0400,2026-07-16 05:02:46.170 -0400
"97637","269","36315","9176","2211",4232.00,"167",2025-03-28 10:00:00.000 -0400,2025-04-28 10:00:00.000 -0400,"5",2025-03-29 07:48:08.000 -0400,2025-04-30 13:48:37.960 -0400
"105832","277","36315","9176","2211",4232.00,"167",2025-04-28 10:00:00.000 -0400,2025-05-28 10:00:00.000 -0400,"5",2025-04-30 10:48:37.000 -0400,2025-05-29 10:37:34.713 -0400
"114381","285","36315","9176","2211",4232.00,"167",2025-05-28 10:00:00.000 -0400,2025-06-28 10:00:00.000 -0400,"5",2025-05-29 07:37:34.000 -0400,2025-06-27 07:23:53.000 -0400
"122054","292","36315","9176","2211",4232.00,"167",2025-06-28 10:00:00.000 -0400,2025-07-28 10:00:00.000 -0400,"5",2025-06-27 07:23:53.000 -0400,2025-07-28 11:21:58.840 -0400
"133167","299","36315","9176","2211",4232.00,"167",2025-07-28 10:00:00.000 -0400,2025-08-28 10:00:00.000 -0400,"5",2025-07-28 08:21:58.000 -0400,2025-08-27 17:28:03.810 -0400
"148987","306","36315","9176","2211",4232.00,"167",2025-08-28 10:00:00.000 -0400,2025-09-28 10:00:00.000 -0400,"5",2025-08-27 14:28:03.000 -0400,2025-09-29 09:17:48.473 -0400
"160424","313","36315","9176","2211",4232.00,"167",2025-09-28 10:00:00.000 -0400,2025-10-28 10:00:00.000 -0400,"5",2025-09-29 06:17:48.000 -0400,2025-10-28 10:00:03.507 -0400
"174420","320","36315","9176","2211",4232.00,"167",2025-10-28 10:00:00.000 -0400,2025-11-28 10:00:00.000 -0400,"5",2025-10-28 07:00:03.000 -0400,2025-11-28 11:40:46.590 -0400
"186804","327","36315","9176","2211",4232.00,"167",2025-11-28 10:00:00.000 -0400,2025-12-28 10:00:00.000 -0400,"5",2025-11-28 08:40:46.000 -0400,2025-12-26 08:24:39.273 -0400
"215600","334","36315","9176","2211",4232.00,"167",2025-12-28 10:00:00.000 -0400,2026-01-28 10:00:00.000 -0400,"5",2025-12-26 05:24:39.000 -0400,2026-01-26 06:42:52.000 -0400
"238037","341","36315","9176","2211",4232.00,"167",2026-01-28 10:00:00.000 -0400,2026-02-28 10:00:00.000 -0400,"5",2026-01-26 06:42:51.000 -0400,2026-02-27 10:34:26.387 -0400
"267892","348","36315","9176","2211",4232.00,"167",2026-02-28 10:00:00.000 -0400,2026-03-28 10:00:00.000 -0400,"5",2026-02-27 07:34:26.000 -0400,2026-03-28 08:00:04.543 -0400
"316606","357","36315","9176","2211",4232.00,"167",2026-03-28 10:00:00.000 -0400,2026-04-28 10:00:00.000 -0400,"5",2026-03-28 05:00:04.000 -0400,2026-04-28 08:00:03.380 -0400
"530610","364","36315","9176","2211",4232.00,"167",2026-04-28 10:00:00.000 -0400,2026-05-28 10:00:00.000 -0400,"5",2026-04-28 05:00:03.000 -0400,2026-05-28 08:00:04.937 -0400
"577908","371","36315","9176","2211",4232.00,"167",2026-05-28 10:00:00.000 -0400,2026-06-28 10:00:00.000 -0400,"5",2026-05-28 05:00:04.000 -0400,2026-06-29 08:02:23.000 -0400
"594961","378","36315","9176","2211",4232.00,"167",2026-06-28 10:00:00.000 -0400,2026-07-28 10:00:00.000 -0400,"1",2026-06-29 08:02:22.000 -0400,2026-06-29 08:02:23.000 -0400
"97368","263","36315","9224","2211",2152.00,"167",2025-02-28 19:59:00.000 -0400,2025-03-28 19:59:00.000 -0400,"5",2025-03-28 07:30:53.000 -0400,2025-03-29 10:48:09.143 -0400
"97638","270","36315","9224","2211",2152.00,"167",2025-03-28 19:59:00.000 -0400,2025-04-02 06:24:00.000 -0400,"3",2025-03-29 07:48:09.000 -0400,2025-04-03 08:33:34.470 -0400
"113501","281","36315","9224","2211",2152.00,"167",2025-04-28 19:59:00.000 -0400,2025-05-28 19:59:00.000 -0400,"5",2025-05-24 08:20:11.000 -0400,2025-05-29 10:37:35.367 -0400
"114384","288","36315","9224","2211",2152.00,"167",2025-05-28 19:59:00.000 -0400,2025-06-28 19:59:00.000 -0400,"5",2025-05-29 07:37:35.000 -0400,2025-06-27 10:23:54.213 -0400
"122057","295","36315","9224","2211",2152.00,"167",2025-06-28 19:59:00.000 -0400,2025-07-28 19:59:00.000 -0400,"5",2025-06-27 07:23:54.000 -0400,2025-07-28 08:22:00.000 -0400
"133170","302","36315","9224","2211",2152.00,"167",2025-07-28 19:59:00.000 -0400,2025-08-28 19:59:00.000 -0400,"5",2025-07-28 08:21:59.000 -0400,2025-08-27 17:28:04.823 -0400
"148990","309","36315","9224","2211",2152.00,"167",2025-08-28 19:59:00.000 -0400,2025-09-28 19:59:00.000 -0400,"5",2025-08-27 14:28:04.000 -0400,2025-09-29 09:17:49.433 -0400
"215620","229","36366","10029","2213",2152.00,"167",2025-12-31 20:00:00.000 -0400,2026-01-31 19:59:00.000 -0400,"5",2025-12-26 05:30:42.000 -0400,2026-01-26 09:46:45.890 -0400
"238055","233","36366","10029","2213",2152.00,"167",2026-01-31 20:00:00.000 -0400,2026-02-28 19:59:00.000 -0400,"5",2026-01-26 06:46:45.000 -0400,2026-02-27 10:56:29.507 -0400
"267918","237","36366","10029","2213",2152.00,"167",2026-02-28 20:00:00.000 -0400,2026-03-31 19:59:00.000 -0400,"5",2026-02-27 07:56:29.000 -0400,2026-03-30 05:00:39.000 -0400
"338534","241","36366","10029","2213",2152.00,"167",2026-03-31 20:00:00.000 -0400,2026-04-30 19:59:00.000 -0400,"5",2026-03-30 05:00:39.000 -0400,2026-04-30 08:01:20.993 -0400
"531906","246","36366","10029","2213",2152.00,"167",2026-04-30 20:00:00.000 -0400,2026-05-31 19:59:00.000 -0400,"5",2026-04-30 05:01:20.000 -0400,2026-05-30 08:01:19.870 -0400
"579161","250","36366","10029","2213",2152.00,"167",2026-05-31 20:00:00.000 -0400,2026-06-30 19:59:00.000 -0400,"5",2026-05-30 05:01:19.000 -0400,2026-06-30 07:01:44.000 -0400
"121154","14","36551","10518","2360",2590.00,"167",2025-06-05 07:37:00.000 -0400,2025-07-05 07:37:00.000 -0400,"5",2025-06-23 12:22:44.000 -0400,2025-07-01 14:00:54.457 -0400
"123752","15","36551","10518","2360",2771.85,"167",2025-07-05 07:37:00.000 -0400,2025-08-05 19:59:00.000 -0400,"5",2025-07-01 11:00:54.000 -0400,2025-08-01 10:02:52.707 -0400
"134763","16","36551","10518","2360",2771.85,"167",2025-08-05 19:59:00.000 -0400,2025-08-07 07:53:00.000 -0400,"5",2025-08-01 07:02:52.000 -0400,2025-08-07 11:20:06.000 -0400
"138662","211","36366","10518","2213",2232.00,"167",2025-07-31 20:00:00.000 -0400,2025-08-31 19:59:00.000 -0400,"5",2025-08-13 12:16:47.000 -0400,2025-08-27 17:42:58.970 -0400
"107603","280","36315","10067","2211",1992.00,"167",2025-04-28 19:59:00.000 -0400,2025-05-28 19:59:00.000 -0400,"5",2025-05-07 08:58:36.000 -0400,2025-05-29 10:37:35.150 -0400
"114383","287","36315","10067","2211",1992.00,"167",2025-05-28 19:59:00.000 -0400,2025-06-28 19:59:00.000 -0400,"5",2025-05-29 07:37:35.000 -0400,2025-06-27 10:23:53.907 -0400
"122056","294","36315","10067","2211",1992.00,"167",2025-06-28 19:59:00.000 -0400,2025-07-28 19:59:00.000 -0400,"5",2025-06-27 07:23:53.000 -0400,2025-07-28 11:21:59.647 -0400
"133169","301","36315","10067","2211",1992.00,"167",2025-07-28 19:59:00.000 -0400,2025-08-28 19:59:00.000 -0400,"5",2025-07-28 08:21:59.000 -0400,2025-08-27 17:28:04.443 -0400
"148989","308","36315","10067","2211",1992.00,"167",2025-08-28 19:59:00.000 -0400,2025-09-28 19:59:00.000 -0400,"5",2025-08-27 14:28:04.000 -0400,2025-09-29 06:17:49.000 -0400
"160426","315","36315","10067","2211",1992.00,"167",2025-09-28 19:59:00.000 -0400,2025-10-28 19:59:00.000 -0400,"5",2025-09-29 06:17:49.000 -0400,2025-10-28 07:00:04.000 -0400
"174422","322","36315","10067","2211",1992.00,"167",2025-10-28 19:59:00.000 -0400,2025-11-28 19:59:00.000 -0400,"5",2025-10-28 07:00:04.000 -0400,2025-11-28 11:40:47.173 -0400
"186806","329","36315","10067","2211",1992.00,"167",2025-11-28 19:59:00.000 -0400,2025-12-28 19:59:00.000 -0400,"5",2025-11-28 08:40:47.000 -0400,2025-12-26 08:24:39.920 -0400
"215602","336","36315","10067","2211",1992.00,"167",2025-12-28 19:59:00.000 -0400,2026-01-28 19:59:00.000 -0400,"5",2025-12-26 05:24:39.000 -0400,2026-01-26 06:42:53.000 -0400
"238039","343","36315","10067","2211",1992.00,"167",2026-01-28 19:59:00.000 -0400,2026-02-28 19:59:00.000 -0400,"5",2026-01-26 06:42:53.000 -0400,2026-02-27 07:34:27.000 -0400
"267894","350","36315","10067","2211",1992.00,"167",2026-02-28 19:59:00.000 -0400,2026-03-23 06:26:00.000 -0400,"3",2026-02-27 07:34:26.000 -0400,2026-03-23 10:55:16.010 -0400
"509355","182","36454","10067","7246",2225.60,"167",2026-03-31 20:00:00.000 -0400,2026-04-30 19:59:00.000 -0400,"5",2026-04-06 12:37:38.000 -0400,2026-04-30 08:00:22.897 -0400
"531880","203","36454","10067","7246",2225.60,"167",2026-04-30 20:00:00.000 -0400,2026-05-31 19:59:00.000 -0400,"5",2026-04-30 05:00:22.000 -0400,2026-05-30 08:00:26.990 -0400
"579125","210","36454","10067","7246",2225.60,"167",2026-05-31 20:00:00.000 -0400,2026-06-30 19:59:00.000 -0400,"5",2026-05-30 05:00:26.000 -0400,2026-06-30 11:12:54.000 -0400
"597288","227","36454","10067","7246",2257.93,"167",2026-06-30 20:00:00.000 -0400,2026-07-31 19:59:00.000 -0400,"1",2026-06-30 11:12:54.000 -0400,2026-07-17 05:02:31.757 -0400
"114382","286","36315","10065","2211",1992.00,"167",2025-05-28 19:59:00.000 -0400,2025-06-28 19:59:00.000 -0400,"5",2025-05-29 07:37:34.000 -0400,2025-06-27 10:23:53.623 -0400
"122055","293","36315","10065","2211",1992.00,"167",2025-06-28 19:59:00.000 -0400,2025-07-28 19:59:00.000 -0400,"5",2025-06-27 07:23:53.000 -0400,2025-07-28 11:21:59.300 -0400
"133168","300","36315","10065","2211",1992.00,"167",2025-07-28 19:59:00.000 -0400,2025-08-28 19:59:00.000 -0400,"5",2025-07-28 08:21:59.000 -0400,2025-08-27 14:28:04.000 -0400
"148988","307","36315","10065","2211",1992.00,"167",2025-08-28 19:59:00.000 -0400,2025-09-28 19:59:00.000 -0400,"5",2025-08-27 14:28:04.000 -0400,2025-09-29 09:17:48.820 -0400
"160425","314","36315","10065","2211",1992.00,"167",2025-09-28 19:59:00.000 -0400,2025-10-28 19:59:00.000 -0400,"5",2025-09-29 06:17:48.000 -0400,2025-10-28 10:00:03.843 -0400
"174421","321","36315","10065","2211",1992.00,"167",2025-10-28 19:59:00.000 -0400,2025-11-28 19:59:00.000 -0400,"5",2025-10-28 07:00:03.000 -0400,2025-11-28 11:40:46.890 -0400
"186805","328","36315","10065","2211",1992.00,"167",2025-11-28 19:59:00.000 -0400,2025-12-28 19:59:00.000 -0400,"5",2025-11-28 08:40:46.000 -0400,2025-12-26 08:24:39.637 -0400
"215601","335","36315","10065","2211",1992.00,"167",2025-12-28 19:59:00.000 -0400,2026-01-28 19:59:00.000 -0400,"5",2025-12-26 05:24:39.000 -0400,2026-01-26 09:42:52.677 -0400
"238038","342","36315","10065","2211",1992.00,"167",2026-01-28 19:59:00.000 -0400,2026-02-28 19:59:00.000 -0400,"5",2026-01-26 06:42:52.000 -0400,2026-02-27 10:34:26.690 -0400
"267893","349","36315","10065","2211",1992.00,"167",2026-02-28 19:59:00.000 -0400,2026-03-26 06:21:00.000 -0400,"3",2026-02-27 07:34:26.000 -0400,2026-03-26 10:43:42.460 -0400
"316468","165","36454","10065","7246",2225.60,"167",2026-02-28 20:00:00.000 -0400,2026-03-31 19:59:00.000 -0400,"5",2026-03-27 13:09:40.000 -0400,2026-03-30 08:01:39.860 -0400
"338566","181","36454","10065","7246",2225.60,"167",2026-03-31 20:00:00.000 -0400,2026-04-30 19:59:00.000 -0400,"5",2026-03-30 05:01:39.000 -0400,2026-04-30 08:00:22.627 -0400
"531879","202","36454","10065","7246",2225.60,"167",2026-04-30 20:00:00.000 -0400,2026-05-31 19:59:00.000 -0400,"5",2026-04-30 05:00:22.000 -0400,2026-05-30 05:00:30.000 -0400
"579133","218","36454","10065","7246",2225.60,"167",2026-05-31 20:00:00.000 -0400,2026-06-30 19:59:00.000 -0400,"5",2026-05-30 05:00:30.000 -0400,2026-06-30 11:13:05.000 -0400
"597295","234","36454","10065","7246",2257.93,"167",2026-06-30 20:00:00.000 -0400,2026-07-31 19:59:00.000 -0400,"1",2026-06-30 11:13:04.000 -0400,2026-07-11 05:02:34.080 -0400
"595599","254","36366","10029","2213",2152.00,"167",2026-06-30 20:00:00.000 -0400,2026-07-31 19:59:00.000 -0400,"1",2026-06-30 07:01:44.000 -0400,2026-07-17 05:02:16.567 -0400
"556936","394","36317","27702","2214",1992.00,"167",2026-04-30 20:00:00.000 -0400,2026-05-31 19:59:00.000 -0400,"5",2026-05-14 07:56:28.000 -0400,2026-05-30 08:01:12.963 -0400
"149004","215","36366","10518","2213",2232.00,"167",2025-08-31 20:00:00.000 -0400,2025-09-30 19:59:00.000 -0400,"5",2025-08-27 14:42:58.000 -0400,2025-09-29 09:25:41.523 -0400
"114714","1","57195","10381","6872",2290.00,"167",2025-05-30 04:59:00.000 -0400,2025-06-30 04:59:00.000 -0400,"5",2025-05-30 05:59:36.000 -0400,2025-06-25 09:40:28.897 -0400
"121409","2","57195","10381","6872",2290.00,"167",2025-06-30 04:59:00.000 -0400,2025-07-30 19:59:00.000 -0400,"5",2025-06-25 06:40:28.000 -0400,2025-07-25 07:24:50.000 -0400
"132590","3","57195","10381","6872",2290.00,"167",2025-07-30 19:59:00.000 -0400,2025-08-30 19:59:00.000 -0400,"5",2025-07-25 07:24:50.000 -0400,2025-08-25 11:17:12.570 -0400
"148279","4","57195","10381","6872",2290.00,"167",2025-08-30 19:59:00.000 -0400,2025-09-30 19:59:00.000 -0400,"5",2025-08-25 08:17:12.000 -0400,2025-09-25 08:59:08.717 -0400
"159546","5","57195","10381","6872",2290.00,"167",2025-09-30 19:59:00.000 -0400,2025-10-30 19:59:00.000 -0400,"5",2025-09-25 05:59:08.000 -0400,2025-10-25 10:28:53.340 -0400
"173042","6","57195","10381","6872",2290.00,"167",2025-10-30 19:59:00.000 -0400,2025-11-30 19:59:00.000 -0400,"5",2025-10-25 07:28:53.000 -0400,2025-11-25 09:47:53.457 -0400
"160447","219","36366","10518","2213",2232.00,"167",2025-09-30 20:00:00.000 -0400,2025-10-31 19:59:00.000 -0400,"5",2025-09-29 06:25:41.000 -0400,2025-10-28 16:15:23.653 -0400
"174827","223","36366","10518","2213",2232.00,"167",2025-10-31 20:00:00.000 -0400,2025-11-30 19:59:00.000 -0400,"5",2025-10-28 13:15:23.000 -0400,2025-11-28 12:16:16.697 -0400
"186850","227","36366","10518","2213",2232.00,"167",2025-11-30 20:00:00.000 -0400,2025-12-31 19:59:00.000 -0400,"5",2025-11-28 09:16:16.000 -0400,2025-12-26 08:30:43.403 -0400
"605253","13","83836","20150","9358",3190.00,"167",2026-07-11 05:55:00.000 -0400,2026-08-11 05:55:00.000 -0400,"1",2026-07-13 13:59:56.000 -0400,2026-07-15 05:25:50.000 -0400
"57479","210","36315","5930","2211",1400.00,"167",2024-08-31 20:00:00.000 -0400,2024-09-30 19:59:00.000 -0400,"5",2024-10-05 23:32:37.420 -0400,
"57602","216","36315","5930","2211",1992.00,"167",2024-09-30 20:00:00.000 -0400,2024-10-31 19:59:00.000 -0400,"5",2024-10-05 23:34:09.440 -0400,2024-10-28 13:56:37.000 -0400
"60590","223","36315","5930","2211",1992.00,"167",2024-10-31 19:59:00.000 -0400,2024-11-30 19:59:00.000 -0400,"5",2024-10-28 13:56:37.000 -0400,2024-12-02 11:06:35.730 -0400
"66723","231","36315","5930","2211",1992.00,"167",2024-11-30 19:59:00.000 -0400,2024-12-30 19:59:00.000 -0400,"5",2024-12-02 08:06:35.000 -0400,2024-12-28 12:03:09.250 -0400
"73227","240","36315","5930","2211",1992.00,"167",2024-12-30 19:59:00.000 -0400,2025-01-30 19:59:00.000 -0400,"5",2024-12-28 09:03:09.000 -0400,2025-01-29 17:06:06.353 -0400
"79674","248","36315","5930","2211",1992.00,"167",2025-01-30 19:59:00.000 -0400,2025-02-28 19:59:00.000 -0400,"5",2025-01-29 14:06:06.000 -0400,2025-02-28 08:47:24.000 -0400
"87013","257","36315","5930","2211",1992.00,"167",2025-02-28 19:59:00.000 -0400,2025-03-28 19:59:00.000 -0400,"5",2025-02-28 08:47:24.000 -0400,2025-03-29 10:48:07.967 -0400
"97633","265","36315","5930","2211",1992.00,"167",2025-03-28 19:59:00.000 -0400,2025-04-28 19:59:00.000 -0400,"5",2025-03-29 07:48:07.000 -0400,2025-04-30 10:48:37.000 -0400
"105828","273","36315","5930","2211",1992.00,"167",2025-04-28 19:59:00.000 -0400,2025-05-07 07:56:00.000 -0400,"3",2025-04-30 10:48:37.000 -0400,2025-05-07 08:58:37.000 -0400
"109724","2","53363","5930","4718",2590.00,"167",2025-04-19 07:18:00.000 -0400,2025-05-19 07:18:00.000 -0400,"5",2025-05-09 14:38:51.000 -0400,2025-05-15 10:18:04.457 -0400
"111318","3","53363","5930","4718",2590.00,"167",2025-05-19 07:18:00.000 -0400,2025-06-19 07:18:00.000 -0400,"5",2025-05-15 07:18:04.000 -0400,2025-06-14 09:17:22.817 -0400
"119495","4","53363","5930","4718",3190.00,"167",2025-06-19 07:18:00.000 -0400,2025-07-19 07:18:00.000 -0400,"5",2025-06-14 06:17:22.000 -0400,2025-07-15 16:33:59.780 -0400
"129688","5","53363","5930","4718",3190.00,"167",2025-07-19 07:18:00.000 -0400,2025-07-24 07:13:00.000 -0400,"5",2025-07-15 13:33:59.000 -0400,2025-07-24 10:25:08.000 -0400
"136162","128","81305","5930",,180.00,"167",2025-08-05 13:02:00.000 -0400,2025-08-11 11:16:00.000 -0400,"5",2025-08-05 14:04:07.000 -0400,2025-08-11 12:24:51.000 -0400
"153622","133","36315","5930",,100.00,"167",2025-09-11 05:47:00.000 -0400,2025-10-11 05:47:00.000 -0400,"5",2025-09-11 06:50:10.000 -0400,2025-10-11 05:32:38.000 -0400
"166732","139","36315","5930",,100.00,"167",2025-10-11 05:48:00.000 -0400,2025-10-31 04:18:00.000 -0400,"5",2025-10-11 04:54:57.000 -0400,2025-10-31 06:03:54.000 -0400
"181366","956","36314","5930","2210",2152.00,"167",2025-10-31 20:00:00.000 -0400,2025-11-18 05:28:00.000 -0400,"3",2025-11-12 05:11:18.000 -0400,2025-11-18 10:14:26.887 -0400
"186141","150","36315","5930",,100.00,"167",2025-11-27 12:00:00.000 -0400,2025-12-03 11:39:00.000 -0400,"5",2025-11-27 11:01:31.000 -0400,2025-12-11 07:13:29.000 -0400
"234553","67","36441","5930","7247",2225.60,"167",2026-01-19 10:56:00.000 -0400,2026-01-31 19:59:00.000 -0400,"5",2026-01-19 12:48:27.000 -0400,2026-01-26 09:54:41.567 -0400
"238084","73","36441","5930","7247",2225.60,"167",2026-01-31 20:00:00.000 -0400,2026-02-28 19:59:00.000 -0400,"5",2026-01-26 06:54:41.000 -0400,2026-02-27 11:02:47.643 -0400
"267946","79","36441","5930","7247",2225.60,"167",2026-02-28 20:00:00.000 -0400,2026-03-31 19:59:00.000 -0400,"5",2026-02-27 08:02:47.000 -0400,2026-03-30 05:01:52.000 -0400
"338568","83","36441","5930","7247",2225.60,"167",2026-03-31 20:00:00.000 -0400,2026-04-30 19:59:00.000 -0400,"5",2026-03-30 05:01:52.000 -0400,2026-04-30 05:00:30.000 -0400
"531885","90","36441","5930","7247",2225.60,"167",2026-04-30 20:00:00.000 -0400,2026-05-31 19:59:00.000 -0400,"5",2026-04-30 05:00:30.000 -0400,2026-05-30 08:00:41.760 -0400
"579146","101","36441","5930","7247",2225.60,"167",2026-05-31 20:00:00.000 -0400,2026-06-30 19:59:00.000 -0400,"5",2026-05-30 05:00:41.000 -0400,2026-06-30 14:16:42.773 -0400
"597320","107","36441","5930","7247",2257.93,"167",2026-06-30 20:00:00.000 -0400,2026-07-31 19:59:00.000 -0400,"1",2026-06-30 11:16:42.000 -0400,2026-07-14 05:00:25.050 -0400
"107602","279","36315","10065","2211",1992.00,"167",2025-04-28 19:59:00.000 -0400,2025-05-28 19:59:00.000 -0400,"5",2025-05-07 08:47:56.000 -0400,2025-05-29 10:37:34.933 -0400
"215622","231","36366","10518","2213",2232.00,"167",2025-12-31 20:00:00.000 -0400,2026-01-31 19:59:00.000 -0400,"5",2025-12-26 05:30:43.000 -0400,2026-01-26 09:46:46.850 -0400
"238057","235","36366","10518","2213",2232.00,"167",2026-01-31 20:00:00.000 -0400,2026-02-28 19:59:00.000 -0400,"5",2026-01-26 06:46:46.000 -0400,2026-02-27 10:56:30.397 -0400
"267920","239","36366","10518","2213",2232.00,"167",2026-02-28 20:00:00.000 -0400,2026-03-31 19:59:00.000 -0400,"5",2026-02-27 07:56:30.000 -0400,2026-03-30 08:00:39.873 -0400
"338536","243","36366","10518","2213",2232.00,"167",2026-03-31 20:00:00.000 -0400,2026-04-30 19:59:00.000 -0400,"5",2026-03-30 05:00:39.000 -0400,2026-04-30 08:01:21.280 -0400
"531907","247","36366","10518","2213",2232.00,"167",2026-04-30 20:00:00.000 -0400,2026-05-31 19:59:00.000 -0400,"5",2026-04-30 05:01:21.000 -0400,2026-05-30 08:01:20.230 -0400
"579162","251","36366","10518","2213",2232.00,"167",2026-05-31 20:00:00.000 -0400,2026-06-30 19:59:00.000 -0400,"5",2026-05-30 05:01:20.000 -0400,2026-06-30 07:01:46.000 -0400
"595600","255","36366","10518","2213",2232.00,"167",2026-06-30 20:00:00.000 -0400,2026-07-31 19:59:00.000 -0400,"1",2026-06-30 07:01:46.000 -0400,2026-07-17 05:02:49.747 -0400
"66261","5","36451","6142","2370",2900.00,"167",2024-10-31 20:00:00.000 -0400,2024-11-30 19:59:00.000 -0400,"5",2024-11-29 11:54:38.000 -0400,2024-11-30 10:13:50.660 -0400
"66396","6","36451","6142","2370",2900.00,"167",2024-11-30 20:00:00.000 -0400,2024-12-09 12:20:00.000 -0400,"3",2024-11-30 07:13:50.000 -0400,2024-12-09 13:22:49.000 -0400
"72145","8","36451","6142","2370",2900.00,"167",2024-11-30 20:00:00.000 -0400,2024-12-31 19:59:00.000 -0400,"5",2024-12-23 13:52:22.000 -0400,2024-12-30 13:35:08.270 -0400
"73449","9","36451","6142","2370",2900.00,"167",2024-12-31 20:00:00.000 -0400,2025-01-31 19:59:00.000 -0400,"5",2024-12-30 10:35:08.000 -0400,2025-01-30 06:01:51.000 -0400
"79767","10","36451","6142","2370",2900.00,"167",2025-01-31 20:00:00.000 -0400,2025-02-05 06:46:00.000 -0400,"3",2025-01-30 06:01:51.000 -0400,2025-02-05 07:49:15.000 -0400
"89934","14","36451","6142","2370",2900.00,"167",2025-02-28 20:00:00.000 -0400,2025-03-31 19:59:00.000 -0400,"5",2025-03-14 09:02:00.000 -0400,2025-03-29 10:33:40.853 -0400
"97610","15","36451","6142","2370",2900.00,"167",2025-03-31 20:00:00.000 -0400,2025-04-30 19:59:00.000 -0400,"5",2025-03-29 07:33:40.000 -0400,2025-04-30 13:26:26.460 -0400
"105816","16","36451","6142","2370",2900.00,"167",2025-04-30 20:00:00.000 -0400,2025-05-31 19:59:00.000 -0400,"5",2025-04-30 10:26:26.000 -0400,2025-05-30 08:35:28.430 -0400
"114652","17","36451","6142","2370",2900.00,"167",2025-05-31 20:00:00.000 -0400,2025-06-30 19:59:00.000 -0400,"5",2025-05-30 05:35:28.000 -0400,2025-06-27 10:03:14.813 -0400
"122033","18","36451","6142","2370",2900.00,"167",2025-06-30 20:00:00.000 -0400,2025-07-31 19:59:00.000 -0400,"5",2025-06-27 07:03:14.000 -0400,2025-07-30 05:32:27.000 -0400
"133741","19","36451","6142","2370",2900.00,"167",2025-07-31 20:00:00.000 -0400,2025-08-31 19:59:00.000 -0400,"5",2025-07-30 05:32:27.000 -0400,2025-08-28 07:19:04.000 -0400
"149106","20","36451","6142","2370",2900.00,"167",2025-08-31 20:00:00.000 -0400,2025-09-30 19:59:00.000 -0400,"5",2025-08-28 07:19:04.000 -0400,2025-09-29 09:37:58.603 -0400
"160457","21","36451","6142","2370",2900.00,"167",2025-09-30 20:00:00.000 -0400,2025-10-31 19:59:00.000 -0400,"5",2025-09-29 06:37:58.000 -0400,2025-10-30 09:07:42.473 -0400
"175395","22","36451","6142","2370",2900.00,"167",2025-10-31 20:00:00.000 -0400,2025-11-30 19:59:00.000 -0400,"5",2025-10-30 06:07:42.000 -0400,2025-11-28 12:29:18.670 -0400
"186857","23","36451","6142","2370",2900.00,"167",2025-11-30 20:00:00.000 -0400,2025-12-31 19:59:00.000 -0400,"5",2025-11-28 09:29:18.000 -0400,2025-12-29 06:18:23.000 -0400
"216179","24","36451","6142","2370",2900.00,"167",2025-12-31 20:00:00.000 -0400,2026-01-31 19:59:00.000 -0400,"5",2025-12-29 06:18:23.000 -0400,2026-01-28 09:44:02.420 -0400
"239113","25","36451","6142","2370",2900.00,"167",2026-01-31 20:00:00.000 -0400,2026-02-28 19:59:00.000 -0400,"5",2026-01-28 06:44:02.000 -0400,2026-02-27 15:34:27.953 -0400
"268446","26","36451","6142","2370",2900.00,"167",2026-02-28 20:00:00.000 -0400,2026-03-31 19:59:00.000 -0400,"5",2026-02-27 12:34:27.000 -0400,2026-03-31 11:53:01.007 -0400
"340068","27","36451","6142","2370",2900.00,"167",2026-03-31 20:00:00.000 -0400,2026-04-30 19:59:00.000 -0400,"5",2026-03-31 08:53:00.000 -0400,2026-04-30 11:41:09.633 -0400
"532207","28","36451","6142","2370",2900.00,"167",2026-04-30 20:00:00.000 -0400,2026-05-31 19:59:00.000 -0400,"5",2026-04-30 08:41:09.000 -0400,2026-05-30 10:19:03.653 -0400
"579461","29","36451","6142","2370",2900.00,"167",2026-05-31 20:00:00.000 -0400,2026-06-30 19:59:00.000 -0400,"5",2026-05-30 07:19:03.000 -0400,2026-06-30 07:09:27.000 -0400
"595704","30","36451","6142","2370",2900.00,"167",2026-06-30 20:00:00.000 -0400,2026-07-31 19:59:00.000 -0400,"1",2026-06-30 07:09:26.000 -0400,2026-07-17 05:00:51.967 -0400
"135167","16","36410","12571","2349",3789.53,"167",2025-07-31 20:00:00.000 -0400,2025-08-31 19:59:00.000 -0400,"5",2025-08-02 07:32:34.000 -0400,2025-08-28 10:16:13.350 -0400
"149104","17","36410","12571","2349",3789.53,"167",2025-08-31 20:00:00.000 -0400,2025-09-30 19:59:00.000 -0400,"5",2025-08-28 07:16:13.000 -0400,2025-09-29 09:35:45.680 -0400
"160454","18","36410","12571","2349",3789.53,"167",2025-09-30 20:00:00.000 -0400,2025-10-31 19:59:00.000 -0400,"5",2025-09-29 06:35:45.000 -0400,2025-10-30 08:53:05.573 -0400
"175383","19","36410","12571","2349",3789.53,"167",2025-10-31 20:00:00.000 -0400,2025-11-30 19:59:00.000 -0400,"5",2025-10-30 05:53:05.000 -0400,2025-11-28 12:27:53.393 -0400
"186855","20","36410","12571","2349",3789.53,"167",2025-11-30 20:00:00.000 -0400,2025-12-31 19:59:00.000 -0400,"5",2025-11-28 09:27:53.000 -0400,2025-12-29 08:33:23.670 -0400
"216152","21","36410","12571","2349",3789.53,"167",2025-12-31 20:00:00.000 -0400,2026-01-31 19:59:00.000 -0400,"5",2025-12-29 05:33:23.000 -0400,2026-01-28 08:54:44.583 -0400
"239046","22","36410","12571","2349",3789.53,"167",2026-01-31 20:00:00.000 -0400,2026-02-28 19:59:00.000 -0400,"5",2026-01-28 05:54:44.000 -0400,2026-02-27 15:32:05.417 -0400
"268444","23","36410","12571","2349",3789.53,"167",2026-02-28 20:00:00.000 -0400,2026-03-31 19:59:00.000 -0400,"5",2026-02-27 12:32:05.000 -0400,2026-03-31 14:14:08.680 -0400
"340142","24","36410","12571","2349",3789.53,"167",2026-03-31 20:00:00.000 -0400,2026-04-30 19:59:00.000 -0400,"5",2026-03-31 11:14:08.000 -0400,2026-04-30 11:37:42.480 -0400
"532204","25","36410","12571","2349",3789.53,"167",2026-04-30 20:00:00.000 -0400,2026-05-31 19:59:00.000 -0400,"5",2026-04-30 08:37:42.000 -0400,2026-05-30 08:10:41.000 -0400
"579502","26","36410","12571","2349",3789.53,"167",2026-05-31 20:00:00.000 -0400,2026-06-30 19:59:00.000 -0400,"5",2026-05-30 08:10:40.000 -0400,2026-06-30 14:12:58.000 -0400
"597838","27","36410","12571","2349",3789.53,"167",2026-06-30 20:00:00.000 -0400,2026-07-31 19:59:00.000 -0400,"1",2026-06-30 14:12:58.000 -0400,2026-07-17 05:02:54.773 -0400
"599549","1","36460","46293","24473",2990.00,"167",2026-07-02 05:49:00.000 -0400,2026-08-02 05:49:00.000 -0400,"1",2026-07-02 06:50:23.000 -0400,2026-07-03 06:17:00.000 -0400
"57352","698","36314","5887","2210",1400.00,"167",2024-07-29 05:23:00.000 -0400,2024-07-31 19:59:00.000 -0400,"5",2024-10-05 23:30:59.937 -0400,
"57353","699","36314","5887","2210",1400.00,"167",2024-07-31 20:00:00.000 -0400,2024-08-31 19:59:00.000 -0400,"5",2024-10-05 23:31:00.693 -0400,
"57474","717","36314","5887","2210",1400.00,"167",2024-08-31 20:00:00.000 -0400,2024-09-30 19:59:00.000 -0400,"5",2024-10-05 23:32:33.630 -0400,
"57633","738","36314","5887","2210",2232.00,"167",2024-09-30 20:00:00.000 -0400,2024-10-31 19:59:00.000 -0400,"5",2024-10-05 23:34:32.130 -0400,2024-10-28 16:53:12.617 -0400
"60585","757","36314","5887","2210",2232.00,"167",2024-10-31 20:00:00.000 -0400,2024-11-30 19:59:00.000 -0400,"5",2024-10-28 13:53:12.000 -0400,2024-12-02 08:57:47.193 -0400
"66599","775","36314","5887","2210",2232.00,"167",2024-11-30 20:00:00.000 -0400,2024-12-31 19:59:00.000 -0400,"5",2024-12-02 05:57:47.000 -0400,2024-12-28 12:01:59.867 -0400
"73219","794","36314","5887","2210",2232.00,"167",2024-12-31 20:00:00.000 -0400,2025-01-31 19:59:00.000 -0400,"5",2024-12-28 09:01:59.000 -0400,2025-01-29 17:27:41.287 -0400
"79713","812","36314","5887","2210",2232.00,"167",2025-01-31 20:00:00.000 -0400,2025-02-28 19:59:00.000 -0400,"5",2025-01-29 14:27:41.000 -0400,2025-02-28 18:10:03.643 -0400
"87561","828","36314","5887","2210",2232.00,"167",2025-02-28 20:00:00.000 -0400,2025-03-31 19:59:00.000 -0400,"5",2025-02-28 15:10:03.000 -0400,2025-03-29 10:47:03.930 -0400
"97627","844","36314","5887","2210",2232.00,"167",2025-03-31 20:00:00.000 -0400,2025-04-30 19:59:00.000 -0400,"5",2025-03-29 07:47:03.000 -0400,2025-04-30 11:23:48.000 -0400
"105873","859","36314","5887","2210",2232.00,"167",2025-04-30 20:00:00.000 -0400,2025-05-31 19:59:00.000 -0400,"5",2025-04-30 11:23:48.000 -0400,2025-05-29 10:32:39.167 -0400
"114372","875","36314","5887","2210",2232.00,"167",2025-05-31 20:00:00.000 -0400,2025-06-30 19:59:00.000 -0400,"5",2025-05-29 07:32:39.000 -0400,2025-06-27 11:31:28.953 -0400
"122106","890","36314","5887","2210",2232.00,"167",2025-06-30 20:00:00.000 -0400,2025-07-31 19:59:00.000 -0400,"5",2025-06-27 08:31:28.000 -0400,2025-07-28 11:20:16.207 -0400
"133158","905","36314","5887","2210",2232.00,"167",2025-07-31 20:00:00.000 -0400,2025-08-31 19:59:00.000 -0400,"5",2025-07-28 08:20:16.000 -0400,2025-08-27 14:25:34.000 -0400
"148978","920","36314","5887","2210",2232.00,"167",2025-08-31 20:00:00.000 -0400,2025-09-30 19:59:00.000 -0400,"5",2025-08-27 14:25:34.000 -0400,2025-09-29 06:16:53.000 -0400
"160415","935","36314","5887","2210",2232.00,"167",2025-09-30 20:00:00.000 -0400,2025-10-31 19:59:00.000 -0400,"5",2025-09-29 06:16:53.000 -0400,2025-10-28 11:18:17.203 -0400
"174494","950","36314","5887","2210",2232.00,"167",2025-10-31 20:00:00.000 -0400,2025-11-30 19:59:00.000 -0400,"5",2025-10-28 08:18:17.000 -0400,2025-11-28 11:52:35.360 -0400
"186822","967","36314","5887","2210",2232.00,"167",2025-11-30 20:00:00.000 -0400,2025-12-31 19:59:00.000 -0400,"5",2025-11-28 08:52:35.000 -0400,2025-12-26 08:23:43.553 -0400
"215591","982","36314","5887","2210",2232.00,"167",2025-12-31 20:00:00.000 -0400,2026-01-31 19:59:00.000 -0400,"5",2025-12-26 05:23:43.000 -0400,2026-01-26 09:31:59.770 -0400
"238016","997","36314","5887","2210",2232.00,"167",2026-01-31 20:00:00.000 -0400,2026-02-28 19:59:00.000 -0400,"5",2026-01-26 06:31:59.000 -0400,2026-02-27 07:32:21.000 -0400
"267883","1012","36314","5887","2210",2232.00,"167",2026-02-28 20:00:00.000 -0400,2026-03-31 19:59:00.000 -0400,"5",2026-02-27 07:32:21.000 -0400,2026-03-30 08:00:20.313 -0400
"338526","1026","36314","5887","2210",2232.00,"167",2026-03-31 20:00:00.000 -0400,2026-04-30 19:59:00.000 -0400,"5",2026-03-30 05:00:20.000 -0400,2026-04-30 08:01:41.863 -0400
"531912","1039","36314","5887","2210",2232.00,"167",2026-04-30 20:00:00.000 -0400,2026-05-31 19:59:00.000 -0400,"5",2026-04-30 05:01:41.000 -0400,2026-05-30 08:01:35.810 -0400
"579167","1054","36314","5887","2210",2232.00,"167",2026-05-31 20:00:00.000 -0400,2026-06-30 19:59:00.000 -0400,"5",2026-05-30 05:01:35.000 -0400,2026-06-29 11:52:49.940 -0400
"595020","1069","36314","5887","2210",2232.00,"167",2026-06-30 20:00:00.000 -0400,2026-07-31 19:59:00.000 -0400,"1",2026-06-29 08:52:49.000 -0400,2026-07-15 05:08:01.677 -0400
"61875","28","36497","5886","2302",2152.00,"167",2024-10-31 20:00:00.000 -0400,2024-11-30 19:59:00.000 -0400,"5",2024-11-04 10:05:31.000 -0400,2024-12-02 08:35:00.000 -0400
"66734","29","36497","5886","2302",2152.00,"167",2024-11-30 20:00:00.000 -0400,2024-12-31 19:59:00.000 -0400,"5",2024-12-02 08:35:00.000 -0400,2024-12-28 11:44:51.903 -0400
"73183","30","36497","5886","2302",2152.00,"167",2024-12-31 20:00:00.000 -0400,2025-01-31 19:59:00.000 -0400,"5",2024-12-28 08:44:51.000 -0400,2025-01-29 16:57:43.823 -0400
"79668","31","36497","5886","2302",2152.00,"167",2025-01-31 20:00:00.000 -0400,2025-02-28 19:59:00.000 -0400,"5",2025-01-29 13:57:43.000 -0400,2025-02-28 11:41:57.340 -0400
"87010","32","36497","5886","2302",2152.00,"167",2025-02-28 20:00:00.000 -0400,2025-03-31 19:59:00.000 -0400,"5",2025-02-28 08:41:57.000 -0400,2025-03-29 10:41:30.917 -0400
"133145","37","36497","5886","2302",2152.00,"167",2025-07-31 20:00:00.000 -0400,2025-08-31 19:59:00.000 -0400,"5",2025-07-28 08:17:03.000 -0400,2025-08-27 17:32:52.340 -0400
"148991","38","36497","5886","2302",2152.00,"167",2025-08-31 20:00:00.000 -0400,2025-09-30 19:59:00.000 -0400,"5",2025-08-27 14:32:52.000 -0400,2025-09-29 09:22:17.817 -0400
"160434","39","36497","5886","2302",2152.00,"167",2025-09-30 20:00:00.000 -0400,2025-10-31 19:59:00.000 -0400,"5",2025-09-29 06:22:17.000 -0400,2025-10-28 11:21:31.427 -0400
"174505","40","36497","5886","2302",2152.00,"167",2025-10-31 20:00:00.000 -0400,2025-11-30 19:59:00.000 -0400,"5",2025-10-28 08:21:31.000 -0400,2025-11-28 12:00:33.897 -0400
"338545","45","36497","5886","2302",2152.00,"167",2026-03-31 20:00:00.000 -0400,2026-04-30 19:59:00.000 -0400,"5",2026-03-30 05:01:09.000 -0400,2026-04-30 08:00:46.517 -0400
"531895","46","36497","5886","2302",2152.00,"167",2026-04-30 20:00:00.000 -0400,2026-05-31 19:59:00.000 -0400,"5",2026-04-30 05:00:46.000 -0400,2026-05-30 08:00:57.460 -0400
"579150","47","36497","5886","2302",2152.00,"167",2026-05-31 20:00:00.000 -0400,2026-06-30 19:59:00.000 -0400,"5",2026-05-30 05:00:57.000 -0400,2026-06-29 08:55:11.000 -0400
"595034","48","36497","5886","2302",2152.00,"167",2026-06-30 20:00:00.000 -0400,2026-07-31 19:59:00.000 -0400,"1",2026-06-29 08:55:11.000 -0400,2026-07-17 05:00:22.990 -0400
"579178","37","36512","26689","2324",1992.00,"167",2026-05-31 20:00:00.000 -0400,2026-06-30 19:59:00.000 -0400,"5",2026-05-30 05:01:41.000 -0400,2026-06-30 08:33:30.923 -0400
"595389","38","36512","26689","2324",1992.00,"167",2026-06-30 20:00:00.000 -0400,2026-07-31 19:59:00.000 -0400,"1",2026-06-30 05:33:30.000 -0400,2026-07-17 05:03:34.370 -0400
"57391","6","36542","5954","2347",3290.00,"167",2024-07-31 20:00:00.000 -0400,2024-08-31 19:59:00.000 -0400,"5",2024-10-05 23:31:29.927 -0400,2025-01-30 14:37:05.000 -0400
"57529","7","36542","5954","2347",3290.00,"167",2024-08-31 20:00:00.000 -0400,2024-09-30 19:59:00.000 -0400,"5",2024-10-05 23:33:15.650 -0400,
"80209","12","36542","5954","2347",3290.00,"167",2025-01-31 20:00:00.000 -0400,2025-02-28 19:59:00.000 -0400,"5",2025-01-30 14:38:09.000 -0400,2025-03-03 08:26:30.783 -0400
"87836","13","36542","5954","2347",3290.00,"167",2025-02-28 20:00:00.000 -0400,2025-03-31 19:59:00.000 -0400,"5",2025-03-03 05:26:30.000 -0400,2025-04-02 10:25:55.180 -0400
"98915","14","36542","5954","2347",3290.00,"167",2025-03-31 20:00:00.000 -0400,2025-04-08 04:34:00.000 -0400,"5",2025-04-02 07:25:55.000 -0400,2025-04-08 05:44:45.000 -0400
"105094","1","54089","5954","4777",3590.00,"167",2025-04-26 06:41:00.000 -0400,2025-05-26 06:41:00.000 -0400,"5",2025-04-26 08:28:22.000 -0400,2025-05-24 06:08:36.000 -0400
"148277","5","54089","5954","4777",3590.00,"167",2025-08-26 19:59:00.000 -0400,2025-09-26 19:59:00.000 -0400,"5",2025-08-25 08:14:09.000 -0400,2025-09-25 05:43:48.000 -0400
"159540","6","54089","5954","4777",3590.00,"167",2025-09-26 19:59:00.000 -0400,2025-10-26 19:59:00.000 -0400,"5",2025-09-25 05:43:47.000 -0400,2025-10-25 10:09:12.673 -0400
"173032","7","54089","5954","4777",3590.00,"167",2025-10-26 19:59:00.000 -0400,2025-11-26 19:59:00.000 -0400,"5",2025-10-25 07:09:12.000 -0400,2025-11-25 10:24:20.683 -0400
"100494","1","36538","9241","4226",2600.00,"167",2025-04-14 20:00:00.000 -0400,2025-05-14 19:59:00.000 -0400,"5",2025-04-10 07:16:24.000 -0400,2025-05-10 05:01:26.000 -0400
"109766","2","36538","9241","4226",2600.00,"167",2025-05-14 19:59:00.000 -0400,2025-06-14 19:59:00.000 -0400,"5",2025-05-10 05:01:26.000 -0400,2025-06-10 08:22:21.293 -0400
"118386","3","36538","9241","4226",2600.00,"167",2025-06-14 19:59:00.000 -0400,2025-07-14 19:59:00.000 -0400,"5",2025-06-10 05:22:21.000 -0400,2025-07-10 10:16:15.893 -0400
"524173","13","36538","9241","4226",2666.50,"167",2026-04-14 19:59:00.000 -0400,2026-05-14 19:59:00.000 -0400,"5",2026-04-13 10:28:26.000 -0400,2026-05-14 08:00:09.990 -0400
"556793","14","36538","9241","4226",2666.50,"167",2026-05-14 19:59:00.000 -0400,2026-06-14 19:59:00.000 -0400,"5",2026-05-14 05:00:09.000 -0400,2026-06-15 08:05:20.000 -0400
"588285","15","36538","9241","4226",2666.50,"167",2026-06-14 19:59:00.000 -0400,2026-07-14 19:59:00.000 -0400,"5",2026-06-15 08:05:20.000 -0400,2026-07-14 07:19:09.000 -0400
"591871","29","36539","20014","2345",3718.60,"167",2026-06-18 19:59:00.000 -0400,2026-07-18 19:59:00.000 -0400,"1",2026-06-23 06:24:38.000 -0400,2026-07-17 05:03:32.273 -0400
"57416","1","36542","5951","2373",2590.00,"167",2024-08-23 12:40:00.000 -0400,2024-08-31 19:59:00.000 -0400,"5",2024-10-05 23:31:48.950 -0400,
"57532","2","36542","5951","2373",2590.00,"167",2024-08-31 20:00:00.000 -0400,2024-09-30 19:59:00.000 -0400,"5",2024-10-05 23:33:18.010 -0400,
"279834","14","50186","5951","4519",3490.00,"167",2026-02-28 19:59:00.000 -0400,2026-03-17 12:32:00.000 -0400,"3",2026-03-06 07:42:14.000 -0400,2026-03-17 16:48:34.990 -0400
"509650","184","36454","5951","7246",2225.60,"167",2026-03-31 20:00:00.000 -0400,2026-04-30 19:59:00.000 -0400,"5",2026-04-07 08:57:26.000 -0400,2026-04-30 08:00:20.647 -0400
"527299","173","125875","5976",,3490.00,"167",2026-04-22 09:30:00.000 -0400,2026-05-08 11:13:00.000 -0400,"5",2026-04-20 06:31:58.000 -0400,2026-05-09 07:53:20.000 -0400
"281844","10","36562","26963","8689",2690.00,"167",2026-02-22 19:59:00.000 -0400,2026-03-22 19:59:00.000 -0400,"5",2026-03-11 08:45:03.000 -0400,2026-03-22 08:00:02.620 -0400
"266497","13","49045","6706","4082",3337.20,"167",2026-02-27 19:59:00.000 -0400,2026-03-27 19:59:00.000 -0400,"5",2026-02-25 06:00:17.000 -0400,2026-03-27 05:00:01.000 -0400
"529948","16","49071","10057","4093",3013.20,"167",2026-04-27 19:59:00.000 -0400,2026-05-27 19:59:00.000 -0400,"5",2026-04-27 05:00:10.000 -0400,2026-05-27 05:00:01.000 -0400
"115458","1","36320","5919","4708",2700.00,"167",2025-05-31 20:00:00.000 -0400,2025-06-30 19:59:00.000 -0400,"5",2025-06-02 06:40:23.000 -0400,2025-07-01 11:24:36.000 -0400
"123793","2","36320","5919","4708",2700.00,"167",2025-06-30 19:59:00.000 -0400,2025-07-30 19:59:00.000 -0400,"5",2025-07-01 11:24:36.000 -0400,2025-08-01 10:17:27.357 -0400
"134782","3","36320","5919","4708",2700.00,"167",2025-07-30 19:59:00.000 -0400,2025-08-30 19:59:00.000 -0400,"5",2025-08-01 07:17:27.000 -0400,2025-09-01 10:35:54.290 -0400
"150343","4","36320","5919","4708",2700.00,"167",2025-08-30 19:59:00.000 -0400,2025-09-30 19:59:00.000 -0400,"5",2025-09-01 07:35:54.000 -0400,2025-10-01 07:02:19.000 -0400
"161722","5","36320","5919","4708",2700.00,"167",2025-09-30 19:59:00.000 -0400,2025-10-30 19:59:00.000 -0400,"5",2025-10-01 07:02:19.000 -0400,2025-10-30 10:00:16.890 -0400
"175481","6","36320","5919","4708",2700.00,"167",2025-10-30 19:59:00.000 -0400,2025-11-30 19:59:00.000 -0400,"5",2025-10-30 07:00:16.000 -0400,2025-11-30 14:00:01.980 -0400
"187576","7","36320","5919","4708",2700.00,"167",2025-11-30 19:59:00.000 -0400,2025-12-30 19:59:00.000 -0400,"5",2025-11-30 11:00:01.000 -0400,2026-01-02 11:05:02.000 -0400
"217967","8","36320","5919","4708",2700.00,"167",2025-12-30 19:59:00.000 -0400,2026-01-30 19:59:00.000 -0400,"5",2026-01-02 11:05:02.000 -0400,2026-02-02 08:44:53.260 -0400
"250374","9","36320","5919","4708",2700.00,"167",2026-01-30 19:59:00.000 -0400,2026-02-28 19:59:00.000 -0400,"5",2026-02-02 05:44:53.000 -0400,2026-03-02 10:49:59.937 -0400
"276341","10","36320","5919","4708",2700.00,"167",2026-02-28 19:59:00.000 -0400,2026-03-12 05:45:00.000 -0400,"3",2026-03-02 07:49:59.000 -0400,2026-03-12 09:45:55.567 -0400
"310671","80","36441","5919","7247",2225.60,"167",2026-02-28 20:00:00.000 -0400,2026-03-24 12:39:00.000 -0400,"3",2026-03-23 08:14:42.000 -0400,2026-03-25 09:33:00.397 -0400
"509357","183","36454","5919","7246",2225.60,"167",2026-03-31 20:00:00.000 -0400,2026-04-30 19:59:00.000 -0400,"5",2026-04-06 12:38:10.000 -0400,2026-04-30 08:00:20.360 -0400
"531872","195","36454","5919","7246",2225.60,"167",2026-04-30 20:00:00.000 -0400,2026-05-31 19:59:00.000 -0400,"5",2026-04-30 05:00:20.000 -0400,2026-05-30 08:00:28.580 -0400
"579129","214","36454","5919","7246",2225.60,"167",2026-05-31 20:00:00.000 -0400,2026-06-30 19:59:00.000 -0400,"5",2026-05-30 05:00:28.000 -0400,2026-06-30 11:13:00.000 -0400
"597292","231","36454","5919","7246",2257.93,"167",2026-06-30 20:00:00.000 -0400,2026-07-31 19:59:00.000 -0400,"1",2026-06-30 11:13:00.000 -0400,2026-07-14 05:00:21.670 -0400
"97615","33","36497","5886","2302",2152.00,"167",2025-03-31 20:00:00.000 -0400,2025-04-30 19:59:00.000 -0400,"5",2025-03-29 07:41:30.000 -0400,2025-04-30 13:36:29.360 -0400
"105821","34","36497","5886","2302",2152.00,"167",2025-04-30 20:00:00.000 -0400,2025-05-31 19:59:00.000 -0400,"5",2025-04-30 10:36:29.000 -0400,2025-05-29 10:25:42.330 -0400
"114355","35","36497","5886","2302",2152.00,"167",2025-05-31 20:00:00.000 -0400,2025-06-30 19:59:00.000 -0400,"5",2025-05-29 07:25:42.000 -0400,2025-06-27 07:17:02.000 -0400
"122045","36","36497","5886","2302",2152.00,"167",2025-06-30 20:00:00.000 -0400,2025-07-31 19:59:00.000 -0400,"5",2025-06-27 07:17:01.000 -0400,2025-07-28 08:17:03.000 -0400
"186835","41","36497","5886","2302",2152.00,"167",2025-11-30 20:00:00.000 -0400,2025-12-31 19:59:00.000 -0400,"5",2025-11-28 09:00:33.000 -0400,2025-12-26 08:27:15.950 -0400
"215606","42","36497","5886","2302",2152.00,"167",2025-12-31 20:00:00.000 -0400,2026-01-31 19:59:00.000 -0400,"5",2025-12-26 05:27:15.000 -0400,2026-01-26 09:38:33.327 -0400
"238026","43","36497","5886","2302",2152.00,"167",2026-01-31 20:00:00.000 -0400,2026-02-28 19:59:00.000 -0400,"5",2026-01-26 06:38:33.000 -0400,2026-02-27 10:53:41.847 -0400
"267905","44","36497","5886","2302",2152.00,"167",2026-02-28 20:00:00.000 -0400,2026-03-31 19:59:00.000 -0400,"5",2026-02-27 07:53:41.000 -0400,2026-03-30 08:01:09.673 -0400
"280861","166","104670","26689",,110.00,"167",2026-03-10 09:00:00.000 -0400,2026-03-16 08:01:00.000 -0400,"5",2026-03-10 05:18:50.000 -0400,2026-03-16 11:55:04.000 -0400
"294281","33","36512","26689","2324",1992.00,"167",2026-03-20 04:14:00.000 -0400,2026-03-31 19:59:00.000 -0400,"5",2026-03-20 05:15:08.000 -0400,2026-03-30 05:01:16.000 -0400
"338547","35","36512","26689","2324",1992.00,"167",2026-03-31 20:00:00.000 -0400,2026-04-30 19:59:00.000 -0400,"5",2026-03-30 05:01:15.000 -0400,2026-04-30 08:01:51.207 -0400
"531924","36","36512","26689","2324",1992.00,"167",2026-04-30 20:00:00.000 -0400,2026-05-31 19:59:00.000 -0400,"5",2026-04-30 05:01:51.000 -0400,2026-05-30 05:01:41.000 -0400
"57668","8","36542","5954","2347",3290.00,"167",2024-09-30 20:00:00.000 -0400,2024-10-31 19:59:00.000 -0400,"5",2024-10-05 23:34:57.453 -0400,2024-11-04 14:23:58.720 -0400
"61944","9","36542","5954","2347",3290.00,"167",2024-10-31 20:00:00.000 -0400,2024-11-30 19:59:00.000 -0400,"5",2024-11-04 11:23:58.000 -0400,2024-12-02 14:31:01.210 -0400
"66818","10","36542","5954","2347",3290.00,"167",2024-11-30 20:00:00.000 -0400,2024-12-31 19:59:00.000 -0400,"5",2024-12-02 11:31:01.000 -0400,2025-01-07 13:09:40.173 -0400
"75178","11","36542","5954","2347",3290.00,"167",2024-12-31 20:00:00.000 -0400,2025-01-31 19:59:00.000 -0400,"5",2025-01-07 10:09:40.000 -0400,2025-01-30 17:38:09.620 -0400
"113450","2","54089","5954","4777",3590.00,"167",2025-05-26 06:41:00.000 -0400,2025-06-26 06:41:00.000 -0400,"5",2025-05-24 06:08:36.000 -0400,2025-06-25 08:45:53.323 -0400
"121398","3","54089","5954","4777",3590.00,"167",2025-06-26 06:41:00.000 -0400,2025-07-26 19:59:00.000 -0400,"5",2025-06-25 05:45:53.000 -0400,2025-07-25 10:14:01.983 -0400
"132586","4","54089","5954","4777",3590.00,"167",2025-07-26 19:59:00.000 -0400,2025-08-26 19:59:00.000 -0400,"5",2025-07-25 07:14:01.000 -0400,2025-08-25 08:14:10.000 -0400
"584763","29","36553","5954","2361",2985.89,"167",2026-06-06 19:59:00.000 -0400,2026-07-06 19:59:00.000 -0400,"5",2026-06-06 09:09:29.000 -0400,2026-07-06 05:50:13.000 -0400
"601018","30","36553","5954","2361",3124.76,"167",2026-07-06 19:59:00.000 -0400,2026-08-06 19:59:00.000 -0400,"1",2026-07-06 05:50:13.000 -0400,2026-07-16 05:00:02.360 -0400
"97672","17","36538","9241","2344",2200.00,"167",2025-03-14 19:59:00.000 -0400,2025-04-14 19:59:00.000 -0400,"5",2025-03-29 09:27:07.000 -0400,2025-04-10 07:09:18.000 -0400
"221210","10","36538","9241","4226",2600.00,"167",2026-01-14 19:59:00.000 -0400,2026-02-14 19:59:00.000 -0400,"5",2026-01-10 05:37:17.000 -0400,2026-02-10 05:34:18.000 -0400
"259596","11","36538","9241","4226",2600.00,"167",2026-02-14 19:59:00.000 -0400,2026-03-14 19:59:00.000 -0400,"5",2026-02-10 05:34:18.000 -0400,2026-03-10 09:23:19.363 -0400
"280981","12","36538","9241","4226",2600.00,"167",2026-03-14 19:59:00.000 -0400,2026-04-14 19:59:00.000 -0400,"5",2026-03-10 06:23:19.000 -0400,2026-04-13 13:28:26.450 -0400
"292547","26","36539","20014","2345",3718.60,"167",2026-03-18 19:59:00.000 -0400,2026-04-18 19:59:00.000 -0400,"5",2026-03-16 07:32:48.000 -0400,2026-04-18 05:00:01.000 -0400
"526876","27","36539","20014","2345",3718.60,"167",2026-04-18 19:59:00.000 -0400,2026-05-18 19:59:00.000 -0400,"5",2026-04-18 05:00:00.000 -0400,2026-05-18 05:00:01.000 -0400
"572807","28","36539","20014","2345",3718.60,"167",2026-05-18 19:59:00.000 -0400,2026-06-18 19:59:00.000 -0400,"5",2026-05-18 05:00:01.000 -0400,2026-06-23 06:24:38.000 -0400
"171893","141","86520","5951",,100.00,"167",2025-10-22 07:00:00.000 -0400,2025-11-21 06:51:00.000 -0400,"5",2025-10-21 13:59:07.000 -0400,2025-11-21 08:28:51.000 -0400
"186312","13","38688","5951","3127",3190.00,"167",2025-11-05 19:59:00.000 -0400,2025-12-02 13:50:00.000 -0400,"5",2025-11-27 14:05:19.000 -0400,2025-12-03 05:29:15.000 -0400
"256133","156","98647","5951",,140.00,"167",2026-02-06 12:30:00.000 -0400,2026-02-09 04:22:00.000 -0400,"5",2026-02-06 11:56:27.000 -0400,2026-02-09 06:46:57.000 -0400
"171508","140","86424","5976",,220.00,"167",2025-10-20 11:56:00.000 -0400,2025-10-23 12:19:00.000 -0400,"5",2025-10-20 12:59:09.000 -0400,2025-10-23 13:51:36.000 -0400
"265322","161","36454","5976",,3490.00,"167",2026-02-23 05:00:00.000 -0400,2026-03-24 06:12:00.000 -0400,"5",2026-02-21 06:34:19.000 -0400,2026-03-24 08:02:23.000 -0400
"604270","21","39130","27466","3240",2551.05,"167",2026-07-12 19:59:00.000 -0400,2026-08-12 19:59:00.000 -0400,"1",2026-07-11 06:04:53.000 -0400,2026-07-11 06:04:55.000 -0400
"237338","12","49045","6706","4082",3090.00,"167",2026-01-27 19:59:00.000 -0400,2026-02-27 19:59:00.000 -0400,"5",2026-01-24 05:34:42.000 -0400,2026-02-25 06:00:17.000 -0400
"577140","17","49071","10057","4093",3013.20,"167",2026-05-27 19:59:00.000 -0400,2026-06-27 19:59:00.000 -0400,"5",2026-05-27 05:00:01.000 -0400,2026-06-27 05:27:42.000 -0400
"609054","2","135050","48619","24191",3149.00,"167",2026-07-17 19:59:00.000 -0400,2026-08-17 19:59:00.000 -0400,"1",2026-07-17 06:09:15.000 -0400,2026-07-17 06:09:18.000 -0400
"185257","8","54089","5954","4777",3590.00,"167",2025-11-26 19:59:00.000 -0400,2025-12-26 19:59:00.000 -0400,"5",2025-11-25 07:24:20.000 -0400,2025-12-24 09:49:15.783 -0400
"215339","9","54089","5954","4777",3590.00,"167",2025-12-26 19:59:00.000 -0400,2026-01-20 10:19:00.000 -0400,"2",2025-12-24 06:49:15.000 -0400,2026-01-20 11:20:33.000 -0400
"268486","163","36520","5954",,220.00,"167",2026-02-27 11:44:00.000 -0400,2026-03-03 11:20:00.000 -0400,"5",2026-02-27 12:46:28.000 -0400,2026-03-03 12:55:15.000 -0400
"508472","26","36553","5954","2361",2985.89,"167",2026-03-06 19:59:00.000 -0400,2026-04-06 19:59:00.000 -0400,"5",2026-04-04 09:11:55.000 -0400,2026-04-06 05:00:01.000 -0400
"508713","27","36553","5954","2361",2985.89,"167",2026-04-06 19:59:00.000 -0400,2026-05-06 19:59:00.000 -0400,"5",2026-04-06 05:00:01.000 -0400,2026-05-06 05:00:00.000 -0400
"537293","28","36553","5954","2361",2985.89,"167",2026-05-06 19:59:00.000 -0400,2026-06-06 19:59:00.000 -0400,"5",2026-05-06 05:00:00.000 -0400,2026-06-06 09:09:29.000 -0400
"128351","4","36538","9241","4226",2600.00,"167",2025-07-14 19:59:00.000 -0400,2025-08-14 19:59:00.000 -0400,"5",2025-07-10 07:16:15.000 -0400,2025-08-09 09:57:26.420 -0400
"137441","5","36538","9241","4226",2600.00,"167",2025-08-14 19:59:00.000 -0400,2025-09-14 19:59:00.000 -0400,"5",2025-08-09 06:57:26.000 -0400,2025-09-10 06:34:46.000 -0400
"153294","6","36538","9241","4226",2600.00,"167",2025-09-14 19:59:00.000 -0400,2025-10-14 19:59:00.000 -0400,"5",2025-09-10 06:34:45.000 -0400,2025-10-10 11:23:10.973 -0400
"166500","7","36538","9241","4226",2600.00,"167",2025-10-14 19:59:00.000 -0400,2025-11-14 19:59:00.000 -0400,"5",2025-10-10 08:23:10.000 -0400,2025-11-10 13:46:42.377 -0400
"180420","8","36538","9241","4226",2600.00,"167",2025-11-14 19:59:00.000 -0400,2025-12-14 19:59:00.000 -0400,"5",2025-11-10 10:46:42.000 -0400,2025-12-10 08:43:46.563 -0400
"193188","9","36538","9241","4226",2600.00,"167",2025-12-14 19:59:00.000 -0400,2026-01-14 19:59:00.000 -0400,"5",2025-12-10 05:43:46.000 -0400,2026-01-10 08:37:17.780 -0400
"605503","16","36538","9241","4226",2666.50,"167",2026-07-14 19:59:00.000 -0400,2026-08-14 19:59:00.000 -0400,"1",2026-07-14 07:19:09.000 -0400,2026-07-17 05:01:50.283 -0400
"180580","21","36539","20014","2345",3643.60,"167",2025-10-18 19:59:00.000 -0400,2025-11-18 19:59:00.000 -0400,"5",2025-11-10 14:07:04.000 -0400,2025-11-17 10:10:24.513 -0400
"182775","22","36539","20014","2345",3643.60,"167",2025-11-18 19:59:00.000 -0400,2025-12-18 19:59:00.000 -0400,"5",2025-11-17 07:10:24.000 -0400,2025-12-15 08:53:22.507 -0400
"212071","23","36539","20014","2345",3643.60,"167",2025-12-18 19:59:00.000 -0400,2026-01-18 19:59:00.000 -0400,"5",2025-12-15 05:53:22.000 -0400,2026-01-15 09:42:46.367 -0400
"223088","24","36539","20014","2345",3643.60,"167",2026-01-18 19:59:00.000 -0400,2026-02-18 19:59:00.000 -0400,"5",2026-01-15 06:42:46.000 -0400,2026-02-14 08:00:54.837 -0400
"262783","25","36539","20014","2345",3643.60,"167",2026-02-18 19:59:00.000 -0400,2026-03-18 19:59:00.000 -0400,"5",2026-02-14 05:00:54.000 -0400,2026-03-16 10:32:48.410 -0400
"57664","3","36542","5951","2373",2590.00,"167",2024-09-30 20:00:00.000 -0400,2024-10-31 19:59:00.000 -0400,"5",2024-10-05 23:34:54.473 -0400,2024-11-04 14:20:36.313 -0400
"61942","4","36542","5951","2373",2590.00,"167",2024-10-31 20:00:00.000 -0400,2024-11-30 19:59:00.000 -0400,"5",2024-11-04 11:20:36.000 -0400,2024-12-02 15:39:57.907 -0400
"66873","5","36542","5951","2373",2590.00,"167",2024-11-30 20:00:00.000 -0400,2024-12-31 19:59:00.000 -0400,"5",2024-12-02 12:39:57.000 -0400,2025-01-07 10:11:06.000 -0400
"151812","18","36553","5951","2361",2985.89,"167",2025-09-06 19:59:00.000 -0400,2025-10-06 19:59:00.000 -0400,"5",2025-09-04 11:28:55.000 -0400,2025-10-01 06:54:58.000 -0400
"161716","19","36553","5951","2361",2985.89,"167",2025-10-06 19:59:00.000 -0400,2025-10-07 11:04:00.000 -0400,"3",2025-10-01 06:54:58.000 -0400,2025-10-03 16:25:50.687 -0400
"531873","196","36454","5951","7246",2225.60,"167",2026-04-30 20:00:00.000 -0400,2026-05-31 19:59:00.000 -0400,"5",2026-04-30 05:00:20.000 -0400,2026-05-30 08:00:28.933 -0400
"106359","11","36542","5976","2371",4490.00,"167",2025-04-30 20:00:00.000 -0400,2025-05-31 19:59:00.000 -0400,"5",2025-05-02 09:08:59.000 -0400,2025-06-02 09:33:46.390 -0400
"115457","12","36542","5976","2371",4490.00,"167",2025-05-31 20:00:00.000 -0400,2025-06-30 19:59:00.000 -0400,"5",2025-06-02 06:33:46.000 -0400,2025-07-01 14:06:05.700 -0400
"123763","13","36542","5976","2371",4490.00,"167",2025-06-30 20:00:00.000 -0400,2025-07-31 19:59:00.000 -0400,"5",2025-07-01 11:06:05.000 -0400,2025-08-01 10:14:15.580 -0400
"134772","14","36542","5976","2371",4490.00,"167",2025-07-31 20:00:00.000 -0400,2025-08-13 12:41:00.000 -0400,"5",2025-08-01 07:14:15.000 -0400,2025-08-13 13:46:58.000 -0400
"86589","1","49045","6706","4082",3090.00,"167",2025-02-27 05:48:00.000 -0400,2025-03-27 05:48:00.000 -0400,"5",2025-02-27 06:50:14.000 -0400,2025-03-25 08:40:07.143 -0400
"96721","2","49045","6706","4082",3090.00,"167",2025-03-27 05:48:00.000 -0400,2025-04-27 05:48:00.000 -0400,"5",2025-03-25 05:40:07.000 -0400,2025-04-25 15:36:51.293 -0400
"104923","3","49045","6706","4082",3090.00,"167",2025-04-27 05:48:00.000 -0400,2025-05-27 05:48:00.000 -0400,"5",2025-04-25 12:36:51.000 -0400,2025-05-24 08:41:17.187 -0400
"113439","4","49045","6706","4082",3090.00,"167",2025-05-27 05:48:00.000 -0400,2025-06-27 05:48:00.000 -0400,"5",2025-05-24 05:41:17.000 -0400,2025-06-25 08:39:57.397 -0400
"121395","5","49045","6706","4082",3090.00,"167",2025-06-27 05:48:00.000 -0400,2025-07-27 19:59:00.000 -0400,"5",2025-06-25 05:39:57.000 -0400,2025-07-25 09:48:37.693 -0400
"221207","14","49349","12782","4214",2790.00,"167",2026-01-14 19:59:00.000 -0400,2026-02-14 19:59:00.000 -0400,"5",2026-01-10 05:34:02.000 -0400,2026-02-10 08:29:54.353 -0400
"259524","15","49349","12782","4214",2790.00,"167",2026-02-14 19:59:00.000 -0400,2026-03-14 19:59:00.000 -0400,"5",2026-02-10 05:29:54.000 -0400,2026-03-10 09:08:14.823 -0400
"280949","16","49349","12782","4214",3013.20,"167",2026-03-14 19:59:00.000 -0400,2026-04-14 19:59:00.000 -0400,"5",2026-03-10 06:08:14.000 -0400,2026-04-14 05:00:07.000 -0400
"524414","17","49349","12782","4214",3013.20,"167",2026-04-14 19:59:00.000 -0400,2026-05-14 19:59:00.000 -0400,"5",2026-04-14 05:00:07.000 -0400,2026-05-14 05:00:03.000 -0400
"75181","6","36542","5951","2373",2590.00,"167",2024-12-31 20:00:00.000 -0400,2025-01-31 19:59:00.000 -0400,"5",2025-01-07 10:11:06.000 -0400,2025-01-30 10:47:16.377 -0400
"79884","7","36542","5951","2373",2590.00,"167",2025-01-31 20:00:00.000 -0400,2025-02-28 19:59:00.000 -0400,"5",2025-01-30 07:47:16.000 -0400,2025-03-01 09:49:23.530 -0400
"87664","8","36542","5951","2373",2590.00,"167",2025-02-28 20:00:00.000 -0400,2025-03-31 19:59:00.000 -0400,"5",2025-03-01 06:49:23.000 -0400,2025-03-20 08:34:30.433 -0400
"90935","9","36542","5951","2373",2590.00,"167",2025-03-31 20:00:00.000 -0400,2025-04-30 19:59:00.000 -0400,"5",2025-03-20 05:34:30.000 -0400,2025-04-02 10:31:16.670 -0400
"98916","10","36542","5951","2373",2590.00,"167",2025-04-30 20:00:00.000 -0400,2025-05-31 19:59:00.000 -0400,"5",2025-04-02 07:31:16.000 -0400,2025-05-02 13:41:19.867 -0400
"106386","11","36542","5951","2373",2590.00,"167",2025-05-31 20:00:00.000 -0400,2025-06-30 19:59:00.000 -0400,"5",2025-05-02 10:41:19.000 -0400,2025-07-01 14:08:27.897 -0400
"123765","12","36542","5951","2373",2590.00,"167",2025-06-30 20:00:00.000 -0400,2025-07-31 19:59:00.000 -0400,"5",2025-07-01 11:08:27.000 -0400,2025-08-01 10:16:16.013 -0400
"134773","13","36542","5951","2373",2590.00,"167",2025-07-31 20:00:00.000 -0400,2025-08-20 10:04:00.000 -0400,"5",2025-08-01 07:16:15.000 -0400,2025-08-20 12:00:21.000 -0400
"579130","215","36454","5951","7246",2225.60,"167",2026-05-31 20:00:00.000 -0400,2026-06-30 19:59:00.000 -0400,"5",2026-05-30 05:00:28.000 -0400,2026-06-30 14:13:01.970 -0400
"597293","232","36454","5951","7246",2257.93,"167",2026-06-30 20:00:00.000 -0400,2026-07-31 19:59:00.000 -0400,"1",2026-06-30 11:13:01.000 -0400,2026-07-14 05:00:50.650 -0400
"62475","5","36542","5976","2371",4490.00,"167",2024-10-31 20:00:00.000 -0400,2024-11-30 19:59:00.000 -0400,"5",2024-11-05 14:27:38.000 -0400,2024-12-02 14:20:57.600 -0400
"66811","6","36542","5976","2371",4490.00,"167",2024-11-30 20:00:00.000 -0400,2024-12-31 19:59:00.000 -0400,"5",2024-12-02 11:20:57.000 -0400,2025-01-07 13:11:28.810 -0400
"75182","7","36542","5976","2371",4490.00,"167",2024-12-31 20:00:00.000 -0400,2025-01-31 19:59:00.000 -0400,"5",2025-01-07 10:11:28.000 -0400,2025-01-30 07:48:02.000 -0400
"79887","8","36542","5976","2371",4490.00,"167",2025-01-31 20:00:00.000 -0400,2025-02-28 19:59:00.000 -0400,"5",2025-01-30 07:48:01.000 -0400,2025-03-01 11:39:44.850 -0400
"87709","9","36542","5976","2371",4490.00,"167",2025-02-28 20:00:00.000 -0400,2025-03-31 19:59:00.000 -0400,"5",2025-03-01 08:39:44.000 -0400,2025-04-02 10:23:29.317 -0400
"98914","10","36542","5976","2371",4490.00,"167",2025-03-31 20:00:00.000 -0400,2025-04-30 19:59:00.000 -0400,"5",2025-04-02 07:23:29.000 -0400,2025-05-02 12:08:59.523 -0400
"294785","11","36562","26963","8689",2690.00,"167",2026-03-22 19:59:00.000 -0400,2026-04-22 19:59:00.000 -0400,"5",2026-03-22 05:00:02.000 -0400,2026-04-22 13:35:35.977 -0400
"528250","12","36562","26963","8689",2690.00,"167",2026-04-22 19:59:00.000 -0400,2026-05-22 19:59:00.000 -0400,"5",2026-04-22 10:35:35.000 -0400,2026-05-22 05:00:19.000 -0400
"575050","13","36562","26963","8689",2690.00,"167",2026-05-22 19:59:00.000 -0400,2026-06-22 19:59:00.000 -0400,"5",2026-05-22 05:00:19.000 -0400,2026-06-23 14:49:51.907 -0400
"592287","14","36562","26963","8689",2690.00,"167",2026-06-22 19:59:00.000 -0400,2026-07-22 19:59:00.000 -0400,"1",2026-06-23 11:49:51.000 -0400,2026-07-17 05:03:50.673 -0400
"508468","17","39130","27466","3240",2551.05,"167",2026-03-12 19:59:00.000 -0400,2026-04-12 19:59:00.000 -0400,"5",2026-04-04 08:18:50.000 -0400,2026-04-12 08:00:00.810 -0400
"512777","18","39130","27466","3240",2551.05,"167",2026-04-12 19:59:00.000 -0400,2026-05-12 19:59:00.000 -0400,"5",2026-04-12 05:00:00.000 -0400,2026-05-12 08:00:00.980 -0400
"555934","19","39130","27466","3240",2551.05,"167",2026-05-12 19:59:00.000 -0400,2026-06-12 19:59:00.000 -0400,"5",2026-05-12 05:00:00.000 -0400,2026-06-12 08:09:20.000 -0400
"587567","20","39130","27466","3240",2551.05,"167",2026-06-12 19:59:00.000 -0400,2026-07-12 19:59:00.000 -0400,"5",2026-06-12 08:09:20.000 -0400,2026-07-11 06:04:53.000 -0400
"315778","14","49045","6706","4082",3337.20,"167",2026-03-27 19:59:00.000 -0400,2026-03-31 07:31:00.000 -0400,"5",2026-03-27 05:00:01.000 -0400,2026-03-31 11:18:33.000 -0400
"601354","19","42722","6706","3486",3430.24,"167",2026-06-08 19:59:00.000 -0400,2026-07-08 19:59:00.000 -0400,"5",2026-07-06 10:43:00.000 -0400,2026-07-08 07:52:49.000 -0400
"602501","20","42722","6706","3486",3430.24,"167",2026-07-08 19:59:00.000 -0400,2026-08-08 19:59:00.000 -0400,"1",2026-07-08 07:52:49.000 -0400,2026-07-08 07:52:52.000 -0400
"109703","1","44688","8749","4101",3690.00,"167",2025-05-09 12:11:00.000 -0400,2025-06-09 12:11:00.000 -0400,"5",2025-05-09 13:21:22.000 -0400,2025-06-10 08:44:53.570 -0400
"193186","8","44688","8749","4101",3690.00,"167",2025-12-09 19:59:00.000 -0400,2026-01-09 19:59:00.000 -0400,"5",2025-12-10 05:33:14.000 -0400,2026-01-05 14:59:34.247 -0400
"276345","14","49318","10057","4206",2890.00,"167",2026-03-08 19:59:00.000 -0400,2026-04-08 19:59:00.000 -0400,"2",2026-03-02 07:54:02.000 -0400,2026-04-08 08:00:10.253 -0400
"529297","15","49071","10057","4093",3013.20,"167",2026-03-27 19:59:00.000 -0400,2026-04-27 19:59:00.000 -0400,"5",2026-04-24 11:37:53.000 -0400,2026-04-27 08:00:10.553 -0400
"556792","18","49349","12782","4214",3013.20,"167",2026-05-14 19:59:00.000 -0400,2026-06-14 19:59:00.000 -0400,"5",2026-05-14 05:00:03.000 -0400,2026-06-15 07:42:22.000 -0400
"588251","19","49349","12782","4214",3013.20,"167",2026-06-14 19:59:00.000 -0400,2026-07-14 19:59:00.000 -0400,"5",2026-06-15 07:42:21.000 -0400,2026-07-14 06:47:37.000 -0400
"605412","20","49349","12782","4214",3013.20,"167",2026-07-14 19:59:00.000 -0400,2026-08-14 19:59:00.000 -0400,"1",2026-07-14 06:47:37.000 -0400,2026-07-17 05:03:10.980 -0400
"113502","4","49648","10387","4297",2990.00,"167",2025-05-24 12:37:00.000 -0400,2025-06-24 12:37:00.000 -0400,"5",2025-05-24 08:24:59.000 -0400,2025-06-14 09:36:50.550 -0400
"263186","13","49648","10387","4297",2990.00,"167",2026-02-24 19:59:00.000 -0400,2026-03-24 19:59:00.000 -0400,"5",2026-02-16 08:11:57.000 -0400,2026-03-20 15:34:51.397 -0400
"294519","14","49648","10387","4297",3229.20,"167",2026-03-24 19:59:00.000 -0400,2026-04-24 19:59:00.000 -0400,"5",2026-03-20 12:34:51.000 -0400,2026-04-24 16:49:21.750 -0400
"132561","6","49045","6706","4082",3090.00,"167",2025-07-27 19:59:00.000 -0400,2025-08-27 19:59:00.000 -0400,"5",2025-07-25 06:48:37.000 -0400,2025-08-25 11:01:48.710 -0400
"148274","7","49045","6706","4082",3090.00,"167",2025-08-27 19:59:00.000 -0400,2025-09-27 19:59:00.000 -0400,"5",2025-08-25 08:01:48.000 -0400,2025-09-25 05:28:17.000 -0400
"159534","8","49045","6706","4082",3090.00,"167",2025-09-27 19:59:00.000 -0400,2025-10-27 19:59:00.000 -0400,"5",2025-09-25 05:28:16.000 -0400,2025-10-25 10:00:43.997 -0400
"173025","9","49045","6706","4082",3090.00,"167",2025-10-27 19:59:00.000 -0400,2025-11-27 19:59:00.000 -0400,"5",2025-10-25 07:00:43.000 -0400,2025-11-25 07:46:29.000 -0400
"185270","10","49045","6706","4082",3090.00,"167",2025-11-27 19:59:00.000 -0400,2025-12-27 19:59:00.000 -0400,"5",2025-11-25 07:46:29.000 -0400,2025-12-24 09:03:58.847 -0400
"215323","11","49045","6706","4082",3090.00,"167",2025-12-27 19:59:00.000 -0400,2026-01-27 19:59:00.000 -0400,"5",2025-12-24 06:03:58.000 -0400,2026-01-24 08:34:42.330 -0400
"118397","2","44688","8749","4101",3690.00,"167",2025-06-09 12:11:00.000 -0400,2025-07-09 12:11:00.000 -0400,"5",2025-06-10 05:44:53.000 -0400,2025-07-09 10:00:00.953 -0400
"128086","3","44688","8749","4101",3690.00,"167",2025-07-09 12:11:00.000 -0400,2025-08-09 19:59:00.000 -0400,"5",2025-07-09 07:00:00.000 -0400,2025-08-09 06:33:35.000 -0400
"137424","4","44688","8749","4101",3690.00,"167",2025-08-09 19:59:00.000 -0400,2025-09-09 19:59:00.000 -0400,"5",2025-08-09 06:33:35.000 -0400,2025-09-09 09:00:01.490 -0400
"153000","5","44688","8749","4101",3690.00,"167",2025-09-09 19:59:00.000 -0400,2025-10-09 19:59:00.000 -0400,"5",2025-09-09 06:00:01.000 -0400,2025-10-09 06:00:00.000 -0400
"164929","6","44688","8749","4101",3690.00,"167",2025-10-09 19:59:00.000 -0400,2025-11-09 19:59:00.000 -0400,"5",2025-10-09 06:00:00.000 -0400,2025-11-09 11:00:01.000 -0400
"180187","7","44688","8749","4101",3690.00,"167",2025-11-09 19:59:00.000 -0400,2025-12-09 19:59:00.000 -0400,"5",2025-11-09 11:00:00.000 -0400,2025-12-10 08:33:14.700 -0400
"218829","9","44688","8749","4101",3690.00,"167",2026-01-09 19:59:00.000 -0400,2026-02-09 19:59:00.000 -0400,"5",2026-01-05 11:59:34.000 -0400,2026-02-10 08:26:32.613 -0400
"259393","10","44688","8749","4101",3690.00,"167",2026-02-09 19:59:00.000 -0400,2026-03-09 19:59:00.000 -0400,"5",2026-02-10 05:26:32.000 -0400,2026-03-10 09:02:36.917 -0400
"280905","11","44688","8749","4101",3690.00,"167",2026-03-09 19:59:00.000 -0400,2026-04-09 19:59:00.000 -0400,"5",2026-03-10 06:02:36.000 -0400,2026-04-09 08:00:01.000 -0400
"511263","12","44688","8749","4101",3690.00,"167",2026-04-09 19:59:00.000 -0400,2026-05-09 19:59:00.000 -0400,"5",2026-04-09 05:00:00.000 -0400,2026-05-09 08:00:00.860 -0400
"539331","13","44688","8749","4101",3690.00,"167",2026-05-09 19:59:00.000 -0400,2026-06-09 19:59:00.000 -0400,"5",2026-05-09 05:00:00.000 -0400,2026-06-09 05:00:02.000 -0400
"585618","14","44688","8749","4101",3690.00,"167",2026-06-09 19:59:00.000 -0400,2026-07-09 19:59:00.000 -0400,"5",2026-06-09 05:00:02.000 -0400,2026-07-09 14:02:47.000 -0400
"603707","15","44688","8749","4101",3985.20,"167",2026-07-09 19:59:00.000 -0400,2026-08-09 19:59:00.000 -0400,"1",2026-07-09 14:02:46.000 -0400,2026-07-16 05:01:32.077 -0400
"118976","5","49318","10057","4206",2890.00,"167",2025-06-08 05:27:00.000 -0400,2025-07-08 05:27:00.000 -0400,"5",2025-06-12 13:48:58.000 -0400,2025-07-01 10:59:00.000 -0400
"123747","6","49318","10057","4206",2890.00,"167",2025-07-08 05:27:00.000 -0400,2025-08-08 19:59:00.000 -0400,"5",2025-07-01 10:58:59.000 -0400,2025-08-01 10:24:38.467 -0400
"134787","7","49318","10057","4206",2890.00,"167",2025-08-08 19:59:00.000 -0400,2025-09-08 19:59:00.000 -0400,"5",2025-08-01 07:24:38.000 -0400,2025-09-01 11:13:11.763 -0400
"150355","8","49318","10057","4206",2890.00,"167",2025-09-08 19:59:00.000 -0400,2025-10-08 19:59:00.000 -0400,"5",2025-09-01 08:13:11.000 -0400,2025-10-01 09:05:40.000 -0400
"161838","9","49318","10057","4206",2890.00,"167",2025-10-08 19:59:00.000 -0400,2025-11-08 19:59:00.000 -0400,"5",2025-10-01 09:05:39.000 -0400,2025-11-01 07:23:30.000 -0400
"176961","10","49318","10057","4206",2890.00,"167",2025-11-08 19:59:00.000 -0400,2025-12-08 19:59:00.000 -0400,"5",2025-11-01 07:23:30.000 -0400,2025-12-01 06:35:09.000 -0400
"188237","11","49318","10057","4206",2890.00,"167",2025-12-08 19:59:00.000 -0400,2026-01-08 19:59:00.000 -0400,"5",2025-12-01 06:35:09.000 -0400,2026-01-02 14:09:57.407 -0400
"217971","12","49318","10057","4206",2890.00,"167",2026-01-08 19:59:00.000 -0400,2026-02-08 19:59:00.000 -0400,"5",2026-01-02 11:09:57.000 -0400,2026-02-02 08:57:18.750 -0400
"250422","13","49318","10057","4206",2890.00,"167",2026-02-08 19:59:00.000 -0400,2026-03-08 19:59:00.000 -0400,"5",2026-02-02 05:57:18.000 -0400,2026-03-02 10:54:02.907 -0400
"529496","15","49648","10387","4297",3229.20,"167",2026-04-24 19:59:00.000 -0400,2026-05-24 19:59:00.000 -0400,"5",2026-04-24 13:49:21.000 -0400,2026-05-24 08:00:00.847 -0400
"575890","16","49648","10387","4297",3229.20,"167",2026-05-24 19:59:00.000 -0400,2026-06-24 19:59:00.000 -0400,"5",2026-05-24 05:00:00.000 -0400,2026-06-24 06:00:03.000 -0400
"592472","17","49648","10387","4297",3229.20,"167",2026-06-24 19:59:00.000 -0400,2026-07-24 19:59:00.000 -0400,"1",2026-06-24 06:00:02.000 -0400,2026-07-15 05:04:14.970 -0400
"113400","3","50186","10388","4519",3390.00,"167",2025-04-28 05:01:00.000 -0400,2025-05-28 05:01:00.000 -0400,"5",2025-05-23 13:58:04.000 -0400,2025-05-26 10:10:51.590 -0400
"602495","11","130488","26687","22252",1050.00,"167",2026-07-08 11:09:00.000 -0400,2026-07-15 11:09:00.000 -0400,"5",2026-07-08 07:45:06.000 -0400,2026-07-15 05:18:44.000 -0400
"608742","3","136176","48351","24447",2399.00,"167",2026-06-30 14:48:00.000 -0400,2026-07-30 14:48:00.000 -0400,"1",2026-07-16 15:00:54.000 -0400,2026-07-16 15:04:09.000 -0400
"578590","1","133794","45949","23798",2299.00,"167",2026-05-29 10:00:00.000 -0400,2026-06-29 10:00:00.000 -0400,"5",2026-05-29 06:00:49.000 -0400,2026-06-30 11:50:04.000 -0400
"531551","191","36454","27703","7246",2225.60,"167",2026-03-31 20:00:00.000 -0400,2026-04-30 19:59:00.000 -0400,"5",2026-04-29 08:10:21.000 -0400,2026-04-30 08:00:24.000 -0400
"594064","18","49071","10057","4093",3013.20,"167",2026-06-27 19:59:00.000 -0400,2026-07-27 19:59:00.000 -0400,"1",2026-06-27 05:27:42.000 -0400,2026-07-09 05:04:05.577 -0400
"120532","7","49349","12782","4214",2790.00,"167",2025-06-14 12:45:00.000 -0400,2025-07-14 12:45:00.000 -0400,"5",2025-06-20 08:20:25.000 -0400,2025-07-10 10:36:47.840 -0400
"128360","8","49349","12782","4214",2790.00,"167",2025-07-14 12:45:00.000 -0400,2025-08-14 19:59:00.000 -0400,"5",2025-07-10 07:36:47.000 -0400,2025-08-09 06:36:48.000 -0400
"137427","9","49349","12782","4214",2790.00,"167",2025-08-14 19:59:00.000 -0400,2025-09-14 19:59:00.000 -0400,"5",2025-08-09 06:36:48.000 -0400,2025-09-10 06:29:35.000 -0400
"153291","10","49349","12782","4214",2790.00,"167",2025-09-14 19:59:00.000 -0400,2025-10-14 19:59:00.000 -0400,"5",2025-09-10 06:29:35.000 -0400,2025-10-13 12:14:18.000 -0400
"167316","11","49349","12782","4214",2790.00,"167",2025-10-14 19:59:00.000 -0400,2025-11-14 19:59:00.000 -0400,"5",2025-10-13 12:14:18.000 -0400,2025-11-10 10:12:20.710 -0400
"180344","12","49349","12782","4214",2790.00,"167",2025-11-14 19:59:00.000 -0400,2025-12-14 19:59:00.000 -0400,"5",2025-11-10 07:12:20.000 -0400,2025-12-10 08:37:45.853 -0400
"193187","13","49349","12782","4214",2790.00,"167",2025-12-14 19:59:00.000 -0400,2026-01-14 19:59:00.000 -0400,"5",2025-12-10 05:37:45.000 -0400,2026-01-10 08:34:02.657 -0400
"119501","5","49648","10387","4297",2990.00,"167",2025-06-24 12:37:00.000 -0400,2025-07-24 12:37:00.000 -0400,"5",2025-06-14 06:36:50.000 -0400,2025-07-15 13:54:04.000 -0400
"129708","6","49648","10387","4297",2990.00,"167",2025-07-24 12:37:00.000 -0400,2025-08-24 19:59:00.000 -0400,"5",2025-07-15 13:54:03.000 -0400,2025-08-15 10:30:49.733 -0400
"139369","7","49648","10387","4297",2990.00,"167",2025-08-24 19:59:00.000 -0400,2025-09-24 19:59:00.000 -0400,"5",2025-08-15 07:30:49.000 -0400,2025-09-15 10:13:55.677 -0400
"154397","8","49648","10387","4297",2990.00,"167",2025-09-24 19:59:00.000 -0400,2025-10-24 19:59:00.000 -0400,"5",2025-09-15 07:13:55.000 -0400,2025-10-15 10:38:31.540 -0400
"168035","9","49648","10387","4297",2990.00,"167",2025-10-24 19:59:00.000 -0400,2025-11-24 19:59:00.000 -0400,"5",2025-10-15 07:38:31.000 -0400,2025-11-17 10:31:40.610 -0400
"182785","10","49648","10387","4297",2990.00,"167",2025-11-24 19:59:00.000 -0400,2025-12-24 19:59:00.000 -0400,"5",2025-11-17 07:31:40.000 -0400,2025-12-15 06:10:23.000 -0400
"212087","11","49648","10387","4297",2990.00,"167",2025-12-24 19:59:00.000 -0400,2026-01-24 19:59:00.000 -0400,"5",2025-12-15 06:10:23.000 -0400,2026-01-15 10:55:36.337 -0400
"223112","12","49648","10387","4297",2990.00,"167",2026-01-24 19:59:00.000 -0400,2026-02-24 19:59:00.000 -0400,"5",2026-01-15 07:55:36.000 -0400,2026-02-16 11:11:57.693 -0400
"113595","4","50186","10388","4519",3490.00,"167",2025-05-28 05:01:00.000 -0400,2025-06-28 05:01:00.000 -0400,"5",2025-05-26 07:10:51.000 -0400,2025-06-25 08:43:33.500 -0400
"121396","5","50186","10388","4519",3490.00,"167",2025-06-28 05:01:00.000 -0400,2025-07-28 19:59:00.000 -0400,"5",2025-06-25 05:43:33.000 -0400,2025-07-25 07:10:28.000 -0400
"132585","6","50186","10388","4519",3490.00,"167",2025-07-28 19:59:00.000 -0400,2025-08-28 19:59:00.000 -0400,"5",2025-07-25 07:10:28.000 -0400,2025-08-25 11:12:18.533 -0400
"148276","7","50186","10388","4519",3490.00,"167",2025-08-28 19:59:00.000 -0400,2025-09-28 19:59:00.000 -0400,"5",2025-08-25 08:12:18.000 -0400,2025-09-25 05:42:05.000 -0400
"159539","8","50186","10388","4519",3490.00,"167",2025-09-28 19:59:00.000 -0400,2025-10-28 19:59:00.000 -0400,"5",2025-09-25 05:42:05.000 -0400,2025-10-25 10:07:41.943 -0400
"173031","9","50186","10388","4519",3490.00,"167",2025-10-28 19:59:00.000 -0400,2025-11-28 19:59:00.000 -0400,"5",2025-10-25 07:07:41.000 -0400,2025-11-25 10:25:53.487 -0400
"185260","10","50186","10388","4519",3490.00,"167",2025-11-28 19:59:00.000 -0400,2025-12-28 19:59:00.000 -0400,"5",2025-11-25 07:25:53.000 -0400,2025-12-26 05:18:12.000 -0400
"266519","13","50186","10388","4519",3490.00,"167",2026-02-28 19:59:00.000 -0400,2026-03-06 06:19:00.000 -0400,"3",2026-02-25 06:23:50.000 -0400,2026-03-06 10:42:14.907 -0400
"293237","15","50186","10388","4519",3490.00,"167",2026-02-28 19:59:00.000 -0400,2026-03-28 19:59:00.000 -0400,"5",2026-03-17 13:48:34.000 -0400,2026-03-28 05:00:10.000 -0400
"577912","18","50186","10388","4519",3769.20,"167",2026-05-28 19:59:00.000 -0400,2026-06-28 19:59:00.000 -0400,"5",2026-05-28 05:00:15.000 -0400,2026-06-27 05:32:38.000 -0400
"594067","19","50186","10388","4519",3769.20,"167",2026-06-28 19:59:00.000 -0400,2026-07-28 19:59:00.000 -0400,"1",2026-06-27 05:32:38.000 -0400,2026-07-17 05:02:37.960 -0400
"115461","3","50299","9273","4548",2590.00,"167",2025-06-03 06:16:00.000 -0400,2025-07-03 06:16:00.000 -0400,"5",2025-06-02 06:44:46.000 -0400,2025-07-01 14:20:07.477 -0400
"123790","4","50299","9273","4548",2590.00,"167",2025-07-03 06:16:00.000 -0400,2025-08-03 19:59:00.000 -0400,"5",2025-07-01 11:20:07.000 -0400,2025-08-01 07:26:39.000 -0400
"159552","2","82518","9273","8986",2990.00,"167",2025-09-24 19:59:00.000 -0400,2025-10-24 19:59:00.000 -0400,"5",2025-09-25 06:02:17.000 -0400,2025-10-25 07:32:22.000 -0400
"173047","3","82518","9273","8986",2990.00,"167",2025-10-24 19:59:00.000 -0400,2025-11-24 19:59:00.000 -0400,"5",2025-10-25 07:32:22.000 -0400,2025-11-25 09:38:19.423 -0400
"237538","6","82518","9273","8986",2990.00,"167",2026-01-24 19:59:00.000 -0400,2026-02-24 19:59:00.000 -0400,"5",2026-01-24 06:44:22.000 -0400,2026-02-25 09:53:08.640 -0400
"266542","7","82518","9273","8986",2990.00,"167",2026-02-24 19:59:00.000 -0400,2026-03-24 19:59:00.000 -0400,"5",2026-02-25 06:53:08.000 -0400,2026-03-24 05:00:00.000 -0400
"575891","10","82518","9273","8986",2990.00,"167",2026-05-24 19:59:00.000 -0400,2026-06-24 19:59:00.000 -0400,"5",2026-05-24 05:00:16.000 -0400,2026-06-24 09:00:15.953 -0400
"592473","11","82518","9273","8986",2990.00,"167",2026-06-24 19:59:00.000 -0400,2026-07-24 19:59:00.000 -0400,"1",2026-06-24 06:00:15.000 -0400,2026-07-17 05:01:54.183 -0400
"161769","8","50299","12983","4548",2990.00,"167",2025-10-02 19:59:00.000 -0400,2025-11-02 19:59:00.000 -0400,"5",2025-10-01 07:40:11.000 -0400,2025-11-01 10:25:02.440 -0400
"176964","9","50299","12983","4548",2990.00,"167",2025-11-02 19:59:00.000 -0400,2025-12-02 19:59:00.000 -0400,"5",2025-11-01 07:25:02.000 -0400,2025-12-01 06:37:24.000 -0400
"215568","11","50186","10388","4519",3490.00,"167",2025-12-28 19:59:00.000 -0400,2026-01-28 19:59:00.000 -0400,"5",2025-12-26 05:18:12.000 -0400,2026-01-24 08:49:42.717 -0400
"237393","12","50186","10388","4519",3490.00,"167",2026-01-28 19:59:00.000 -0400,2026-02-28 19:59:00.000 -0400,"5",2026-01-24 05:49:42.000 -0400,2026-02-25 09:23:50.760 -0400
"316613","16","50186","10388","4519",3490.00,"167",2026-03-28 19:59:00.000 -0400,2026-04-28 19:59:00.000 -0400,"5",2026-03-28 05:00:09.000 -0400,2026-04-28 08:00:15.493 -0400
"530615","17","50186","10388","4519",3769.20,"167",2026-04-28 19:59:00.000 -0400,2026-05-28 19:59:00.000 -0400,"5",2026-04-28 05:00:15.000 -0400,2026-05-28 05:00:15.000 -0400
"99216","1","50299","9273","4548",2590.00,"167",2025-04-03 06:16:00.000 -0400,2025-05-03 06:16:00.000 -0400,"5",2025-04-03 08:16:24.000 -0400,2025-05-02 13:48:36.667 -0400
"106389","2","50299","9273","4548",2590.00,"167",2025-05-03 06:16:00.000 -0400,2025-06-03 06:16:00.000 -0400,"5",2025-05-02 10:48:36.000 -0400,2025-06-02 09:44:46.503 -0400
"134788","5","50299","9273","4548",2590.00,"167",2025-08-03 19:59:00.000 -0400,2025-08-20 06:17:00.000 -0400,"5",2025-08-01 07:26:38.000 -0400,2025-08-20 08:57:19.000 -0400
"148472","1","82518","9273","8986",2990.00,"167",2025-08-25 12:53:00.000 -0400,2025-09-24 19:59:00.000 -0400,"5",2025-08-26 05:19:16.000 -0400,2025-09-25 09:02:17.690 -0400
"185233","4","82518","9273","8986",2990.00,"167",2025-11-24 19:59:00.000 -0400,2025-12-24 19:59:00.000 -0400,"5",2025-11-25 06:38:19.000 -0400,2025-12-24 10:04:11.387 -0400
"215350","5","82518","9273","8986",2990.00,"167",2025-12-24 19:59:00.000 -0400,2026-01-24 19:59:00.000 -0400,"5",2025-12-24 07:04:11.000 -0400,2026-01-24 09:44:22.657 -0400
"310975","8","82518","9273","8986",2990.00,"167",2026-03-24 19:59:00.000 -0400,2026-04-24 19:59:00.000 -0400,"5",2026-03-24 05:00:00.000 -0400,2026-04-24 08:00:14.763 -0400
"529067","9","82518","9273","8986",2990.00,"167",2026-04-24 19:59:00.000 -0400,2026-05-24 19:59:00.000 -0400,"5",2026-04-24 05:00:14.000 -0400,2026-05-24 08:00:16.510 -0400
"140784","6","50299","12983","4548",2990.00,"167",2025-08-20 06:25:00.000 -0400,2025-09-02 19:59:00.000 -0400,"5",2025-08-20 08:08:09.000 -0400,2025-09-01 08:28:09.000 -0400
"150365","7","50299","12983","4548",2990.00,"167",2025-09-02 19:59:00.000 -0400,2025-10-02 19:59:00.000 -0400,"5",2025-09-01 08:28:09.000 -0400,2025-10-01 10:40:11.833 -0400
"188240","10","50299","12983","4548",2990.00,"167",2025-12-02 19:59:00.000 -0400,2026-01-02 19:59:00.000 -0400,"5",2025-12-01 06:37:24.000 -0400,2026-01-02 11:11:54.000 -0400
"217972","11","50299","12983","4548",2990.00,"167",2026-01-02 19:59:00.000 -0400,2026-02-02 19:59:00.000 -0400,"5",2026-01-02 11:11:54.000 -0400,2026-02-02 08:59:48.637 -0400
"250430","12","50299","12983","4548",2990.00,"167",2026-02-02 19:59:00.000 -0400,2026-03-02 19:59:00.000 -0400,"5",2026-02-02 05:59:48.000 -0400,2026-03-02 10:55:52.947 -0400
"276347","13","50299","12983","4548",2990.00,"167",2026-03-02 19:59:00.000 -0400,2026-04-02 19:59:00.000 -0400,"5",2026-03-02 07:55:52.000 -0400,2026-04-01 16:44:08.650 -0400
"350020","14","50299","12983","4548",3129.20,"167",2026-04-02 19:59:00.000 -0400,2026-05-02 19:59:00.000 -0400,"5",2026-04-01 13:44:08.000 -0400,2026-05-04 07:44:18.000 -0400
"535430","15","50299","12983","4548",3129.20,"167",2026-05-02 19:59:00.000 -0400,2026-06-02 19:59:00.000 -0400,"5",2026-05-04 07:44:17.000 -0400,2026-06-02 05:00:02.000 -0400
"582325","16","50299","12983","4548",3129.20,"167",2026-06-02 19:59:00.000 -0400,2026-07-02 19:59:00.000 -0400,"5",2026-06-02 05:00:02.000 -0400,2026-07-02 12:29:33.000 -0400
"599962","17","50299","12983","4548",3129.20,"167",2026-07-02 19:59:00.000 -0400,2026-08-02 19:59:00.000 -0400,"1",2026-07-02 12:29:33.000 -0400,2026-07-17 05:03:18.787 -0400
"100925","1","50590","6491","4616",3290.00,"167",2025-04-11 07:10:00.000 -0400,2025-05-11 07:10:00.000 -0400,"5",2025-04-11 09:11:30.000 -0400,2025-05-10 08:17:31.327 -0400
"109778","2","50590","6491","4616",3290.00,"167",2025-05-11 07:10:00.000 -0400,2025-06-11 07:10:00.000 -0400,"5",2025-05-10 05:17:31.000 -0400,2025-06-10 05:36:47.000 -0400
"118393","3","50590","6491","4616",3290.00,"167",2025-06-11 07:10:00.000 -0400,2025-06-17 08:40:00.000 -0400,"5",2025-06-10 05:36:46.000 -0400,2025-06-17 10:40:41.000 -0400
"138544","5","56075","6491","6558",3190.00,"167",2025-08-13 07:30:00.000 -0400,2025-09-12 19:59:00.000 -0400,"5",2025-08-13 08:59:29.000 -0400,2025-09-10 09:45:45.870 -0400
"591882","16","53454","6491","4749",3553.20,"167",2026-06-23 19:59:00.000 -0400,2026-07-23 19:59:00.000 -0400,"1",2026-06-23 06:28:54.000 -0400,2026-07-16 05:00:53.453 -0400
"102737","1","50712","9274","4649",2690.00,"167",2025-04-15 05:43:00.000 -0400,2025-05-15 05:43:00.000 -0400,"5",2025-04-15 07:24:22.000 -0400,2025-05-10 08:19:55.543 -0400
"109779","2","50712","9274","4649",2690.00,"167",2025-05-15 05:43:00.000 -0400,2025-06-15 05:43:00.000 -0400,"5",2025-05-10 05:19:55.000 -0400,2025-06-10 05:41:43.000 -0400
"118396","3","50712","9274","4649",2690.00,"167",2025-06-15 05:43:00.000 -0400,2025-07-15 05:43:00.000 -0400,"5",2025-06-10 05:41:43.000 -0400,2025-07-10 10:39:07.720 -0400
"128361","4","50712","9274","4649",2690.00,"167",2025-07-15 05:43:00.000 -0400,2025-08-15 19:59:00.000 -0400,"5",2025-07-10 07:39:07.000 -0400,2025-08-09 10:03:39.643 -0400
"137445","5","50712","9274","4649",2690.00,"167",2025-08-15 19:59:00.000 -0400,2025-09-15 19:59:00.000 -0400,"5",2025-08-09 07:03:39.000 -0400,2025-09-10 09:39:16.870 -0400
"280999","12","50712","9274","4649",2690.00,"167",2026-03-15 19:59:00.000 -0400,2026-04-15 19:59:00.000 -0400,"5",2026-03-10 06:39:27.000 -0400,2026-04-14 13:51:31.000 -0400
"524888","13","50712","9274","4649",2905.20,"167",2026-04-15 19:59:00.000 -0400,2026-05-15 19:59:00.000 -0400,"5",2026-04-14 13:51:31.000 -0400,2026-05-15 08:00:00.940 -0400
"557315","14","50712","9274","4649",2905.20,"167",2026-05-15 19:59:00.000 -0400,2026-06-15 19:59:00.000 -0400,"5",2026-05-15 05:00:00.000 -0400,2026-06-15 06:55:35.000 -0400
"588213","15","50712","9274","4649",2905.20,"167",2026-06-15 19:59:00.000 -0400,2026-07-15 19:59:00.000 -0400,"5",2026-06-15 06:55:35.000 -0400,2026-07-15 07:05:36.000 -0400
"605975","16","50712","9274","4649",2905.20,"167",2026-07-15 19:59:00.000 -0400,2026-08-15 19:59:00.000 -0400,"1",2026-07-15 07:05:35.000 -0400,2026-07-17 05:01:56.467 -0400
"153296","6","56075","6491","6558",3190.00,"167",2025-09-12 19:59:00.000 -0400,2025-09-12 19:59:00.000 -0400,"3",2025-09-10 06:45:45.000 -0400,2025-09-10 12:58:25.817 -0400
"182779","147","36311","6491",,140.00,"167",2025-11-17 06:19:00.000 -0400,2025-11-18 06:19:00.000 -0400,"4",2025-11-17 07:21:05.000 -0400,2025-11-17 13:33:02.000 -0400
"276652","12","53454","6491","4749",3290.00,"167",2026-02-23 19:59:00.000 -0400,2026-03-23 19:59:00.000 -0400,"5",2026-03-02 11:54:10.000 -0400,2026-03-23 05:00:01.000 -0400
"310555","13","53454","6491","4749",3290.00,"167",2026-03-23 19:59:00.000 -0400,2026-04-23 19:59:00.000 -0400,"5",2026-03-23 05:00:00.000 -0400,2026-04-22 13:29:26.000 -0400
"528454","14","53454","6491","4749",3553.20,"167",2026-04-23 19:59:00.000 -0400,2026-05-23 19:59:00.000 -0400,"5",2026-04-22 13:29:26.000 -0400,2026-05-23 05:00:01.000 -0400
"575665","15","53454","6491","4749",3553.20,"167",2026-05-23 19:59:00.000 -0400,2026-06-23 19:59:00.000 -0400,"5",2026-05-23 05:00:00.000 -0400,2026-06-23 09:28:54.803 -0400
"153295","6","50712","9274","4649",2690.00,"167",2025-09-15 19:59:00.000 -0400,2025-10-15 19:59:00.000 -0400,"5",2025-09-10 06:39:16.000 -0400,2025-10-10 11:40:06.850 -0400
"166505","7","50712","9274","4649",2690.00,"167",2025-10-15 19:59:00.000 -0400,2025-11-15 19:59:00.000 -0400,"5",2025-10-10 08:40:06.000 -0400,2025-11-10 10:26:02.497 -0400
"180347","8","50712","9274","4649",2690.00,"167",2025-11-15 19:59:00.000 -0400,2025-12-15 19:59:00.000 -0400,"5",2025-11-10 07:26:02.000 -0400,2025-12-10 05:46:09.000 -0400
"193190","9","50712","9274","4649",2690.00,"167",2025-12-15 19:59:00.000 -0400,2026-01-15 19:59:00.000 -0400,"5",2025-12-10 05:46:09.000 -0400,2026-01-10 08:41:35.660 -0400
"221211","10","50712","9274","4649",2690.00,"167",2026-01-15 19:59:00.000 -0400,2026-02-15 19:59:00.000 -0400,"5",2026-01-10 05:41:35.000 -0400,2026-02-10 08:36:13.803 -0400
"259599","11","50712","9274","4649",2690.00,"167",2026-02-15 19:59:00.000 -0400,2026-03-15 19:59:00.000 -0400,"5",2026-02-10 05:36:13.000 -0400,2026-03-10 06:39:28.000 -0400
"605549","19","56075","48018","6558",3345.20,"167",2026-07-12 19:59:00.000 -0400,2026-08-12 19:59:00.000 -0400,"1",2026-07-14 08:39:41.000 -0400,2026-07-14 08:43:10.000 -0400
"530955","13","57195","27463","6872",2290.00,"167",2026-04-28 19:59:00.000 -0400,2026-05-28 19:59:00.000 -0400,"5",2026-04-28 07:49:19.000 -0400,2026-05-28 08:00:23.270 -0400
"577913","14","57195","27463","6872",2290.00,"167",2026-05-28 19:59:00.000 -0400,2026-06-28 19:59:00.000 -0400,"5",2026-05-28 05:00:23.000 -0400,2026-06-27 05:35:42.000 -0400
"594070","15","57195","27463","6872",2473.20,"167",2026-06-28 19:59:00.000 -0400,2026-07-28 19:59:00.000 -0400,"1",2026-06-27 05:35:42.000 -0400,2026-07-16 05:04:56.280 -0400
"122377","1","65746","12610","7508",3190.00,"167",2025-06-30 07:42:00.000 -0400,2025-07-30 19:59:00.000 -0400,"5",2025-06-28 08:42:48.000 -0400,2025-07-25 07:28:52.000 -0400
"132598","2","65746","12610","7508",3190.00,"167",2025-07-30 19:59:00.000 -0400,2025-08-30 19:59:00.000 -0400,"5",2025-07-25 07:28:51.000 -0400,2025-08-25 11:18:46.197 -0400
"148281","3","65746","12610","7508",3190.00,"167",2025-08-30 19:59:00.000 -0400,2025-09-30 19:59:00.000 -0400,"5",2025-08-25 08:18:46.000 -0400,2025-09-25 06:00:42.000 -0400
"159549","4","65746","12610","7508",3190.00,"167",2025-09-30 19:59:00.000 -0400,2025-10-30 19:59:00.000 -0400,"5",2025-09-25 06:00:41.000 -0400,2025-10-25 07:30:44.000 -0400
"173045","5","65746","12610","7508",3190.00,"167",2025-10-30 19:59:00.000 -0400,2025-11-30 19:59:00.000 -0400,"5",2025-10-25 07:30:44.000 -0400,2025-11-25 06:45:06.000 -0400
"185241","6","65746","12610","7508",3190.00,"167",2025-11-30 19:59:00.000 -0400,2025-12-30 19:59:00.000 -0400,"5",2025-11-25 06:45:06.000 -0400,2025-12-24 07:01:44.000 -0400
"215348","7","65746","12610","7508",3190.00,"167",2025-12-30 19:59:00.000 -0400,2026-01-30 19:59:00.000 -0400,"5",2025-12-24 07:01:44.000 -0400,2026-01-24 09:38:08.737 -0400
"237518","8","65746","12610","7508",3190.00,"167",2026-01-30 19:59:00.000 -0400,2026-02-28 19:59:00.000 -0400,"5",2026-01-24 06:38:08.000 -0400,2026-02-25 09:50:11.837 -0400
"266538","9","65746","12610","7508",3190.00,"167",2026-02-28 19:59:00.000 -0400,2026-03-28 19:59:00.000 -0400,"5",2026-02-25 06:50:11.000 -0400,2026-03-28 05:00:13.000 -0400
"316615","10","65746","12610","7508",3190.00,"167",2026-03-28 19:59:00.000 -0400,2026-04-28 19:59:00.000 -0400,"5",2026-03-28 05:00:12.000 -0400,2026-04-28 05:00:26.000 -0400
"530617","11","65746","12610","7508",3190.00,"167",2026-04-28 19:59:00.000 -0400,2026-05-28 19:59:00.000 -0400,"5",2026-04-28 05:00:26.000 -0400,2026-05-28 08:00:28.793 -0400
"577914","12","65746","12610","7508",3190.00,"167",2026-05-28 19:59:00.000 -0400,2026-06-28 19:59:00.000 -0400,"5",2026-05-28 05:00:28.000 -0400,2026-06-27 05:44:30.000 -0400
"594076","13","65746","12610","7508",3190.00,"167",2026-06-28 19:59:00.000 -0400,2026-07-28 19:59:00.000 -0400,"1",2026-06-27 05:44:30.000 -0400,2026-07-17 05:03:12.480 -0400
"180188","7","66768","12875","7785",2890.00,"167",2025-11-09 19:59:00.000 -0400,2025-12-09 19:59:00.000 -0400,"5",2025-11-09 11:00:02.000 -0400,2025-12-10 08:53:21.733 -0400
"193198","8","66768","12875","7785",2890.00,"167",2025-12-09 19:59:00.000 -0400,2026-01-09 19:59:00.000 -0400,"5",2025-12-10 05:53:21.000 -0400,2026-01-10 09:01:57.490 -0400
"221216","9","66768","12875","7785",2890.00,"167",2026-01-09 19:59:00.000 -0400,2026-02-09 19:59:00.000 -0400,"5",2026-01-10 06:01:57.000 -0400,2026-02-10 08:41:25.267 -0400
"259771","10","66768","12875","7785",2890.00,"167",2026-02-09 19:59:00.000 -0400,2026-03-09 19:59:00.000 -0400,"5",2026-02-10 05:41:25.000 -0400,2026-03-10 09:43:55.837 -0400
"281006","11","66768","12875","7785",2890.00,"167",2026-03-09 19:59:00.000 -0400,2026-04-09 19:59:00.000 -0400,"5",2026-03-10 06:43:55.000 -0400,2026-04-09 05:00:11.000 -0400
"598801","10","130488","26687","22252",1050.00,"167",2026-07-01 11:09:00.000 -0400,2026-07-08 11:09:00.000 -0400,"5",2026-07-01 10:34:53.000 -0400,2026-07-08 07:45:06.000 -0400
"132759","14","36474","12575","2366",3790.00,"167",2025-07-07 07:00:00.000 -0400,2025-08-07 19:59:00.000 -0400,"5",2025-07-25 12:16:21.000 -0400,2025-08-05 07:03:07.000 -0400
"135978","1","36474","12575","8118",3990.00,"167",2025-08-06 20:05:00.000 -0400,2025-09-06 19:59:00.000 -0400,"5",2025-08-05 07:06:41.000 -0400,2025-09-01 07:20:59.000 -0400
"150337","2","36474","12575","8118",3990.00,"167",2025-09-06 19:59:00.000 -0400,2025-10-06 19:59:00.000 -0400,"5",2025-09-01 07:20:59.000 -0400,2025-10-14 14:02:02.940 -0400
"311257","11","66678","27431","7771",3790.00,"167",2026-03-10 19:59:00.000 -0400,2026-04-10 19:59:00.000 -0400,"5",2026-03-24 11:57:05.000 -0400,2026-04-10 05:00:04.000 -0400
"511825","12","66678","27431","7771",3790.00,"167",2026-04-10 19:59:00.000 -0400,2026-05-10 19:59:00.000 -0400,"5",2026-04-10 05:00:04.000 -0400,2026-05-10 05:00:01.000 -0400
"547770","13","66678","27431","7771",3790.00,"167",2026-05-10 19:59:00.000 -0400,2026-06-10 19:59:00.000 -0400,"5",2026-05-10 05:00:01.000 -0400,2026-06-10 05:00:02.000 -0400
"586109","14","66678","27431","7771",3790.00,"167",2026-06-10 19:59:00.000 -0400,2026-07-10 19:59:00.000 -0400,"5",2026-06-10 05:00:02.000 -0400,2026-07-10 11:20:24.000 -0400
"604064","15","66678","27431","7771",3993.20,"167",2026-07-10 19:59:00.000 -0400,2026-08-10 19:59:00.000 -0400,"1",2026-07-10 11:20:24.000 -0400,2026-07-17 05:03:46.267 -0400
"128172","1","66768","12875","7785",2890.00,"167",2025-07-09 11:15:00.000 -0400,2025-08-09 19:59:00.000 -0400,"5",2025-07-09 12:15:21.000 -0400,2025-08-09 10:15:58.733 -0400
"137454","2","66768","12875","7785",2890.00,"167",2025-08-09 19:59:00.000 -0400,2025-08-18 05:32:00.000 -0400,"3",2025-08-09 07:15:58.000 -0400,2025-08-20 06:49:41.000 -0400
"166598","6","66768","12875","7785",2890.00,"167",2025-10-09 19:59:00.000 -0400,2025-11-09 19:59:00.000 -0400,"5",2025-10-10 11:59:14.000 -0400,2025-11-09 14:00:02.493 -0400
"511264","12","66768","12875","7785",2890.00,"167",2026-04-09 19:59:00.000 -0400,2026-05-09 19:59:00.000 -0400,"5",2026-04-09 05:00:11.000 -0400,2026-05-09 08:00:13.960 -0400
"539332","13","66768","12875","7785",2890.00,"167",2026-05-09 19:59:00.000 -0400,2026-06-09 19:59:00.000 -0400,"5",2026-05-09 05:00:13.000 -0400,2026-06-09 05:00:20.000 -0400
"585619","14","66768","12875","7785",2890.00,"167",2026-06-09 19:59:00.000 -0400,2026-07-09 19:59:00.000 -0400,"5",2026-06-09 05:00:20.000 -0400,2026-07-09 08:28:13.900 -0400
"603317","15","66768","12875","7785",2890.00,"167",2026-07-09 19:59:00.000 -0400,2026-08-09 19:59:00.000 -0400,"1",2026-07-09 05:28:13.000 -0400,2026-07-17 05:03:07.993 -0400
"130382","1","73611","14814","7960",2690.00,"167",2025-07-18 06:53:00.000 -0400,2025-08-18 06:53:00.000 -0400,"5",2025-07-18 07:54:03.000 -0400,2025-08-15 07:36:56.000 -0400
"139376","2","73611","14814","7960",2690.00,"167",2025-08-18 06:53:00.000 -0400,2025-09-18 06:53:00.000 -0400,"5",2025-08-15 07:36:56.000 -0400,2025-09-15 10:34:11.460 -0400
"154408","3","73611","14814","7960",2690.00,"167",2025-09-18 06:53:00.000 -0400,2025-10-18 06:53:00.000 -0400,"5",2025-09-15 07:34:11.000 -0400,2025-10-15 08:23:14.000 -0400
"168057","4","73611","14814","7960",2690.00,"167",2025-10-18 06:53:00.000 -0400,2025-11-18 06:53:00.000 -0400,"5",2025-10-15 08:23:14.000 -0400,2025-11-17 11:04:00.217 -0400
"182811","5","73611","14814","7960",2690.00,"167",2025-11-18 06:53:00.000 -0400,2025-12-18 06:53:00.000 -0400,"5",2025-11-17 08:04:00.000 -0400,2025-12-15 06:24:09.000 -0400
"212094","6","73611","14814","7960",2690.00,"167",2025-12-18 06:53:00.000 -0400,2026-01-18 06:53:00.000 -0400,"5",2025-12-15 06:24:09.000 -0400,2026-01-15 11:54:21.043 -0400
"223153","7","73611","14814","7960",2690.00,"167",2026-01-18 06:53:00.000 -0400,2026-02-18 06:53:00.000 -0400,"5",2026-01-15 08:54:20.000 -0400,2026-02-16 11:20:32.260 -0400
"263196","8","73611","14814","7960",2690.00,"167",2026-02-18 06:53:00.000 -0400,2026-03-18 06:53:00.000 -0400,"5",2026-02-16 08:20:32.000 -0400,2026-03-18 05:00:01.000 -0400
"293313","9","73611","14814","7960",2690.00,"167",2026-03-18 06:53:00.000 -0400,2026-04-18 06:53:00.000 -0400,"5",2026-03-18 05:00:01.000 -0400,2026-04-18 08:00:10.747 -0400
"526877","10","73611","14814","7960",2690.00,"167",2026-04-18 06:53:00.000 -0400,2026-04-29 06:36:00.000 -0400,"3",2026-04-18 05:00:10.000 -0400,2026-04-29 08:05:21.000 -0400
"576671","13","73611","14814","7960",2690.00,"167",2026-05-18 06:53:00.000 -0400,2026-06-18 06:53:00.000 -0400,"5",2026-05-26 08:35:42.000 -0400,2026-06-18 16:45:09.750 -0400
"590515","14","73611","14814","7960",2690.00,"167",2026-06-18 06:53:00.000 -0400,2026-07-18 06:53:00.000 -0400,"1",2026-06-18 13:45:09.000 -0400,2026-07-17 05:03:20.880 -0400
"583699","11","81271","10385","8470",3690.00,"167",2026-06-04 19:59:00.000 -0400,2026-07-04 19:59:00.000 -0400,"5",2026-06-04 05:00:02.000 -0400,2026-07-04 05:40:04.000 -0400
"600694","12","81271","10385","8470",3690.00,"167",2026-07-04 19:59:00.000 -0400,2026-08-04 19:59:00.000 -0400,"1",2026-07-04 05:40:03.000 -0400,2026-07-16 05:02:47.950 -0400
"167674","3","36474","12575","8118",3990.00,"167",2025-10-06 19:59:00.000 -0400,2025-11-06 19:59:00.000 -0400,"5",2025-10-14 11:02:02.000 -0400,2025-11-01 10:13:41.870 -0400
"176951","4","36474","12575","8118",3990.00,"167",2025-11-06 19:59:00.000 -0400,2025-12-06 19:59:00.000 -0400,"5",2025-11-01 07:13:41.000 -0400,2025-12-01 06:27:26.000 -0400
"188232","5","36474","12575","8118",3990.00,"167",2025-12-06 19:59:00.000 -0400,2026-01-06 19:59:00.000 -0400,"5",2025-12-01 06:27:25.000 -0400,2026-01-02 11:01:32.000 -0400
"148582","1","82515","15798","8950",3290.00,"167",2025-08-23 07:11:00.000 -0400,2025-09-22 07:11:00.000 -0400,"5",2025-08-26 08:31:03.000 -0400,2025-09-15 07:19:57.000 -0400
"154401","2","82515","15798","8950",3290.00,"167",2025-09-22 07:11:00.000 -0400,2025-10-22 07:11:00.000 -0400,"5",2025-09-15 07:19:57.000 -0400,2025-10-15 10:37:39.000 -0400
"168180","3","82515","15798","8950",3290.00,"167",2025-10-22 07:11:00.000 -0400,2025-11-22 07:11:00.000 -0400,"5",2025-10-15 10:37:39.000 -0400,2025-11-17 10:47:46.460 -0400
"182796","4","82515","15798","8950",3290.00,"167",2025-11-22 07:11:00.000 -0400,2025-12-22 07:11:00.000 -0400,"5",2025-11-17 07:47:46.000 -0400,2025-12-15 09:13:03.577 -0400
"212089","5","82515","15798","8950",3290.00,"167",2025-12-22 07:11:00.000 -0400,2026-01-22 07:11:00.000 -0400,"5",2025-12-15 06:13:03.000 -0400,2026-01-15 13:29:36.833 -0400
"223257","6","82515","15798","8950",3290.00,"167",2026-01-22 07:11:00.000 -0400,2026-02-22 07:11:00.000 -0400,"5",2026-01-15 10:29:36.000 -0400,2026-02-16 08:14:05.000 -0400
"263189","7","82515","15798","8950",3290.00,"167",2026-02-22 07:11:00.000 -0400,2026-03-22 07:11:00.000 -0400,"5",2026-02-16 08:14:05.000 -0400,2026-03-22 05:00:04.000 -0400
"294786","8","82515","15798","8950",3290.00,"167",2026-03-22 07:11:00.000 -0400,2026-04-22 07:11:00.000 -0400,"5",2026-03-22 05:00:04.000 -0400,2026-04-22 08:00:51.620 -0400
"592805","9","130488","26687","22252",1050.00,"167",2026-06-24 11:09:00.000 -0400,2026-07-01 11:09:00.000 -0400,"5",2026-06-24 13:13:16.000 -0400,2026-07-01 10:34:53.000 -0400
"136087","1","81271","10385","8470",3690.00,"167",2025-08-05 07:33:00.000 -0400,2025-09-04 19:59:00.000 -0400,"5",2025-08-05 10:03:02.000 -0400,2025-09-01 11:21:49.420 -0400
"150360","2","81271","10385","8470",3690.00,"167",2025-09-04 19:59:00.000 -0400,2025-10-04 19:59:00.000 -0400,"5",2025-09-01 08:21:49.000 -0400,2025-10-02 09:06:32.953 -0400
"162276","3","81271","10385","8470",3690.00,"167",2025-10-04 19:59:00.000 -0400,2025-11-04 19:59:00.000 -0400,"5",2025-10-02 06:06:32.000 -0400,2025-11-01 10:26:29.860 -0400
"176967","4","81271","10385","8470",3690.00,"167",2025-11-04 19:59:00.000 -0400,2025-12-04 19:59:00.000 -0400,"5",2025-11-01 07:26:29.000 -0400,2025-12-01 09:39:06.330 -0400
"188242","5","81271","10385","8470",3690.00,"167",2025-12-04 19:59:00.000 -0400,2026-01-04 19:59:00.000 -0400,"5",2025-12-01 06:39:06.000 -0400,2026-01-02 14:30:57.593 -0400
"217978","6","81271","10385","8470",3690.00,"167",2026-01-04 19:59:00.000 -0400,2026-02-04 19:59:00.000 -0400,"5",2026-01-02 11:30:57.000 -0400,2026-02-02 09:02:07.273 -0400
"250437","7","81271","10385","8470",3690.00,"167",2026-02-04 19:59:00.000 -0400,2026-03-04 19:59:00.000 -0400,"5",2026-02-02 06:02:07.000 -0400,2026-03-02 11:32:08.290 -0400
"276375","8","81271","10385","8470",3690.00,"167",2026-03-04 19:59:00.000 -0400,2026-04-04 19:59:00.000 -0400,"5",2026-03-02 08:32:08.000 -0400,2026-04-04 08:00:00.953 -0400
"508419","9","81271","10385","8470",3690.00,"167",2026-04-04 19:59:00.000 -0400,2026-05-04 19:59:00.000 -0400,"5",2026-04-04 05:00:00.000 -0400,2026-05-04 08:00:00.913 -0400
"535083","10","81271","10385","8470",3690.00,"167",2026-05-04 19:59:00.000 -0400,2026-06-04 19:59:00.000 -0400,"5",2026-05-04 05:00:00.000 -0400,2026-06-04 05:00:02.000 -0400
"527983","9","82515","15798","8950",3290.00,"167",2026-04-22 07:11:00.000 -0400,2026-05-22 07:11:00.000 -0400,"5",2026-04-22 05:00:51.000 -0400,2026-05-22 08:00:36.570 -0400
"217965","6","36474","12575","8118",3990.00,"167",2026-01-06 19:59:00.000 -0400,2026-02-06 19:59:00.000 -0400,"5",2026-01-02 11:01:32.000 -0400,2026-02-02 05:43:02.000 -0400
"250373","7","36474","12575","8118",3990.00,"167",2026-02-06 19:59:00.000 -0400,2026-03-06 19:59:00.000 -0400,"5",2026-02-02 05:43:02.000 -0400,2026-03-02 07:42:32.000 -0400
"276319","8","36474","12575","8118",4090.00,"167",2026-03-06 19:59:00.000 -0400,2026-04-06 19:59:00.000 -0400,"5",2026-03-02 07:42:32.000 -0400,2026-04-06 05:00:13.000 -0400
"508715","9","36474","12575","8118",4090.00,"167",2026-04-06 19:59:00.000 -0400,2026-04-09 06:33:00.000 -0400,"3",2026-04-06 05:00:13.000 -0400,2026-04-09 10:58:54.340 -0400
"575051","10","82515","15798","8950",3290.00,"167",2026-05-22 07:11:00.000 -0400,2026-06-22 07:11:00.000 -0400,"5",2026-05-22 05:00:36.000 -0400,2026-06-22 11:41:29.930 -0400
"556059","12","36474","12575","8118",4090.00,"167",2026-05-06 19:59:00.000 -0400,2026-06-06 19:59:00.000 -0400,"5",2026-05-12 07:17:28.000 -0400,2026-06-06 12:04:01.867 -0400
"584762","13","36474","12575","8118",4090.00,"167",2026-06-06 19:59:00.000 -0400,2026-07-06 19:59:00.000 -0400,"5",2026-06-06 09:04:01.000 -0400,2026-07-06 08:01:41.000 -0400
"601207","14","36474","12575","8118",4090.00,"167",2026-07-06 19:59:00.000 -0400,2026-08-06 19:59:00.000 -0400,"1",2026-07-06 08:01:41.000 -0400,2026-07-14 07:20:57.000 -0400
"591366","11","82515","15798","8950",3290.00,"167",2026-06-22 07:11:00.000 -0400,2026-07-22 07:11:00.000 -0400,"1",2026-06-22 08:41:29.000 -0400,2026-07-17 05:03:25.073 -0400
"153091","1","83289","16063","9200",3390.00,"167",2025-09-09 07:13:00.000 -0400,2025-10-09 07:13:00.000 -0400,"5",2025-09-09 08:47:44.000 -0400,2025-10-01 07:58:45.000 -0400
"161803","2","83289","16063","9200",3390.00,"167",2025-10-09 07:13:00.000 -0400,2025-11-09 07:13:00.000 -0400,"5",2025-10-01 07:58:45.000 -0400,2025-11-01 10:32:49.327 -0400
"176971","3","83289","16063","9200",3390.00,"167",2025-11-09 07:13:00.000 -0400,2025-12-09 07:13:00.000 -0400,"5",2025-11-01 07:32:49.000 -0400,2025-12-01 09:41:30.243 -0400
"188246","4","83289","16063","9200",3390.00,"167",2025-12-09 07:13:00.000 -0400,2026-01-09 07:13:00.000 -0400,"5",2025-12-01 06:41:30.000 -0400,2026-01-02 11:44:09.000 -0400
"217983","5","83289","16063","9200",3390.00,"167",2026-01-09 07:13:00.000 -0400,2026-02-09 07:13:00.000 -0400,"5",2026-01-02 11:44:09.000 -0400,2026-02-02 09:04:47.410 -0400
"250440","6","83289","16063","9200",3390.00,"167",2026-02-09 07:13:00.000 -0400,2026-03-09 07:13:00.000 -0400,"5",2026-02-02 06:04:47.000 -0400,2026-03-02 08:19:30.000 -0400
"276371","7","83289","16063","9200",3390.00,"167",2026-03-09 07:13:00.000 -0400,2026-04-09 07:13:00.000 -0400,"5",2026-03-02 08:19:30.000 -0400,2026-04-09 08:00:17.770 -0400
"511265","8","83289","16063","9200",3390.00,"167",2026-04-09 07:13:00.000 -0400,2026-05-09 07:13:00.000 -0400,"5",2026-04-09 05:00:17.000 -0400,2026-05-09 08:00:19.360 -0400
"539333","9","83289","16063","9200",3390.00,"167",2026-05-09 07:13:00.000 -0400,2026-06-09 07:13:00.000 -0400,"5",2026-05-09 05:00:19.000 -0400,2026-06-09 05:00:30.000 -0400
"585620","10","83289","16063","9200",3390.00,"167",2026-06-09 07:13:00.000 -0400,2026-07-09 07:13:00.000 -0400,"5",2026-06-09 05:00:29.000 -0400,2026-07-09 08:06:37.990 -0400
"603313","11","83289","16063","9200",3390.00,"167",2026-07-09 07:13:00.000 -0400,2026-08-09 07:13:00.000 -0400,"1",2026-07-09 05:06:37.000 -0400,2026-07-17 05:03:22.580 -0400
"556703","1","130488","26687","22252",1050.00,"167",2026-05-13 11:09:00.000 -0400,2026-05-20 11:09:00.000 -0400,"5",2026-05-13 12:09:28.000 -0400,2026-05-20 15:18:41.713 -0400
"574201","2","130488","26687","22252",1050.00,"167",2026-05-20 11:09:00.000 -0400,2026-05-27 11:09:00.000 -0400,"5",2026-05-20 12:18:41.000 -0400,2026-05-27 09:22:05.703 -0400
"577203","3","130488","26687","22252",1050.00,"167",2026-05-27 11:09:00.000 -0400,2026-05-29 10:17:00.000 -0400,"3",2026-05-27 06:22:05.000 -0400,2026-05-29 11:35:38.000 -0400
"585236","6","130488","26687","22252",1050.00,"167",2026-06-03 11:09:00.000 -0400,2026-06-10 11:09:00.000 -0400,"5",2026-06-08 10:28:50.000 -0400,2026-06-10 10:37:39.000 -0400
"586450","7","130488","26687","22252",1050.00,"167",2026-06-10 11:09:00.000 -0400,2026-06-17 11:09:00.000 -0400,"5",2026-06-10 10:37:39.000 -0400,2026-06-18 13:08:27.000 -0400
"590488","8","130488","26687","22252",1050.00,"167",2026-06-17 11:09:00.000 -0400,2026-06-24 11:09:00.000 -0400,"5",2026-06-18 13:08:27.000 -0400,2026-06-24 13:13:17.000 -0400
"605847","12","130488","26687","22252",1050.00,"167",2026-07-15 11:09:00.000 -0400,2026-07-22 11:09:00.000 -0400,"1",2026-07-15 05:18:43.000 -0400,2026-07-15 05:19:05.000 -0400
"606313","2","134586","48617","24023",2839.00,"167",2026-07-16 19:59:00.000 -0400,2026-08-16 19:59:00.000 -0400,"1",2026-07-16 05:25:36.000 -0400,2026-07-16 05:25:40.000 -0400
"606317","2","134747","48612","24097",3199.00,"167",2026-07-16 19:59:00.000 -0400,2026-08-16 19:59:00.000 -0400,"1",2026-07-16 05:36:17.000 -0400,2026-07-16 05:36:19.000 -0400
"104312","1","53454","6490","4749",3090.00,"167",2025-04-23 11:22:00.000 -0400,2025-05-23 11:22:00.000 -0400,"5",2025-04-23 12:46:45.000 -0400,2025-05-15 10:30:51.307 -0400
"111322","2","53454","6490","4749",3090.00,"167",2025-05-23 11:22:00.000 -0400,2025-06-23 11:22:00.000 -0400,"5",2025-05-15 07:30:51.000 -0400,2025-06-14 09:32:42.477 -0400
"119499","3","53454","6490","4749",3290.00,"167",2025-06-23 11:22:00.000 -0400,2025-07-23 11:22:00.000 -0400,"5",2025-06-14 06:32:42.000 -0400,2025-07-15 16:47:24.637 -0400
"129704","4","53454","6490","4749",3290.00,"167",2025-07-23 11:22:00.000 -0400,2025-08-23 19:59:00.000 -0400,"5",2025-07-15 13:47:24.000 -0400,2025-08-15 10:35:23.513 -0400
"139375","5","53454","6490","4749",3290.00,"167",2025-08-23 19:59:00.000 -0400,2025-09-23 19:59:00.000 -0400,"5",2025-08-15 07:35:23.000 -0400,2025-09-15 10:29:39.780 -0400
"154406","6","53454","6490","4749",3290.00,"167",2025-09-23 19:59:00.000 -0400,2025-10-23 19:59:00.000 -0400,"5",2025-09-15 07:29:39.000 -0400,2025-10-15 08:05:29.000 -0400
"168048","7","53454","6490","4749",3290.00,"167",2025-10-23 19:59:00.000 -0400,2025-11-23 19:59:00.000 -0400,"5",2025-10-15 08:05:29.000 -0400,2025-11-17 11:02:29.920 -0400
"182809","8","53454","6490","4749",3290.00,"167",2025-11-23 19:59:00.000 -0400,2025-12-23 19:59:00.000 -0400,"5",2025-11-17 08:02:29.000 -0400,2025-12-15 09:22:40.690 -0400
"212093","9","53454","6490","4749",3290.00,"167",2025-12-23 19:59:00.000 -0400,2026-01-23 19:59:00.000 -0400,"5",2025-12-15 06:22:40.000 -0400,2026-01-15 11:52:21.780 -0400
"223148","10","53454","6490","4749",3290.00,"167",2026-01-23 19:59:00.000 -0400,2026-02-23 19:59:00.000 -0400,"5",2026-01-15 08:52:21.000 -0400,2026-02-16 11:17:52.943 -0400
"263193","11","53454","6490","4749",3290.00,"167",2026-02-23 19:59:00.000 -0400,2026-03-02 10:35:00.000 -0400,"3",2026-02-16 08:17:52.000 -0400,2026-03-02 11:54:10.000 -0400
"529179","15","56075","6490","6558",3190.00,"167",2026-04-12 19:59:00.000 -0400,2026-05-12 19:59:00.000 -0400,"5",2026-04-24 09:15:33.000 -0400,2026-05-12 05:00:06.000 -0400
"555935","16","56075","6490","6558",3190.00,"167",2026-05-12 19:59:00.000 -0400,2026-06-12 19:59:00.000 -0400,"5",2026-05-12 05:00:06.000 -0400,2026-06-12 13:02:28.000 -0400
"587723","17","56075","6490","6558",3190.00,"167",2026-06-12 19:59:00.000 -0400,2026-07-12 19:59:00.000 -0400,"5",2026-06-12 13:02:28.000 -0400,2026-07-11 06:19:13.000 -0400
"604275","18","56075","6490","6558",3345.20,"167",2026-07-12 19:59:00.000 -0400,2026-08-12 19:59:00.000 -0400,"1",2026-07-11 06:19:13.000 -0400,2026-07-14 05:01:32.670 -0400
"575826","1","132386","30777","23686",2299.00,"167",2026-05-25 06:00:00.000 -0400,2026-06-25 06:00:00.000 -0400,"5",2026-05-23 08:57:45.000 -0400,2026-06-25 06:53:57.000 -0400
"593029","2","132386","30777","23686",2299.00,"167",2026-06-25 06:00:00.000 -0400,2026-07-25 06:00:00.000 -0400,"1",2026-06-25 06:53:57.000 -0400,2026-07-02 07:54:41.000 -0400
"509795","1","118090","26686","15460",1049.00,"167",2026-04-07 10:08:00.000 -0400,2026-04-14 10:08:00.000 -0400,"5",2026-04-07 11:08:43.000 -0400,2026-04-14 13:43:28.257 -0400
"524608","2","118090","26686","15460",1049.00,"167",2026-04-14 10:08:00.000 -0400,2026-04-21 10:08:00.000 -0400,"5",2026-04-14 10:43:28.000 -0400,2026-04-22 05:36:29.000 -0400
"528007","3","118090","26686","15460",1049.00,"167",2026-04-21 10:08:00.000 -0400,2026-04-28 10:08:00.000 -0400,"5",2026-04-22 05:36:29.000 -0400,2026-04-28 10:13:50.480 -0400
"530781","4","118090","26686","15460",1049.00,"167",2026-04-28 10:08:00.000 -0400,2026-05-05 10:08:00.000 -0400,"5",2026-04-28 07:13:50.000 -0400,2026-05-05 10:46:25.293 -0400
"536768","5","118090","26686","15460",1049.00,"167",2026-05-05 10:08:00.000 -0400,2026-05-07 13:05:00.000 -0400,"3",2026-05-05 07:46:25.000 -0400,2026-05-07 17:07:31.427 -0400
"585394","9","118090","26686","15460",1050.00,"167",2026-06-08 10:12:00.000 -0400,2026-06-15 10:12:00.000 -0400,"5",2026-06-08 12:23:57.000 -0400,2026-06-15 05:49:55.000 -0400
"588180","10","118090","26686","15460",1050.00,"167",2026-06-15 10:12:00.000 -0400,2026-06-22 10:12:00.000 -0400,"5",2026-06-15 05:49:55.000 -0400,2026-06-22 14:00:59.943 -0400
"591466","11","118090","26686","15460",1050.00,"167",2026-06-22 10:12:00.000 -0400,2026-06-29 10:12:00.000 -0400,"5",2026-06-22 11:00:59.000 -0400,2026-06-29 07:54:57.000 -0400
"594952","12","118090","26686","15460",1050.00,"167",2026-06-29 10:12:00.000 -0400,2026-07-06 10:12:00.000 -0400,"5",2026-06-29 07:54:56.000 -0400,2026-07-06 05:59:39.000 -0400
"601031","13","118090","26686","15460",1050.00,"167",2026-07-06 10:12:00.000 -0400,2026-07-13 10:12:00.000 -0400,"5",2026-07-06 05:59:39.000 -0400,2026-07-13 10:00:59.023 -0400
"604935","14","118090","26686","15460",1050.00,"167",2026-07-13 10:12:00.000 -0400,2026-07-20 10:12:00.000 -0400,"1",2026-07-13 07:00:58.000 -0400,2026-07-16 07:00:21.000 -0400
"572915","1","130705","30778","22317",2389.00,"167",2026-05-18 10:00:00.000 -0400,2026-06-18 10:00:00.000 -0400,"5",2026-05-18 06:37:31.000 -0400,2026-06-18 12:48:06.000 -0400
"590476","2","130705","30778","22317",2389.00,"167",2026-06-18 10:00:00.000 -0400,2026-07-18 10:00:00.000 -0400,"1",2026-06-18 12:48:06.000 -0400,2026-07-15 06:23:04.000 -0400
"594950","1","136019","48146","24406",2989.00,"167",2026-06-29 07:30:00.000 -0400,2026-07-29 07:30:00.000 -0400,"1",2026-06-29 07:47:16.000 -0400,2026-06-29 08:58:40.000 -0400
"574393","1","132079","30775","23618",2299.00,"167",2026-05-21 04:36:00.000 -0400,2026-06-21 04:36:00.000 -0400,"5",2026-05-21 05:37:18.000 -0400,2026-06-22 10:23:26.000 -0400
"591437","2","132079","30775","23618",2299.00,"167",2026-06-21 04:36:00.000 -0400,2026-07-21 04:36:00.000 -0400,"1",2026-06-22 10:23:26.000 -0400,2026-07-06 06:36:01.000 -0400
"578182","1","133737","45948","23780",2299.00,"167",2026-05-28 12:30:00.000 -0400,2026-06-28 12:30:00.000 -0400,"5",2026-05-28 08:55:24.000 -0400,2026-06-29 08:13:17.000 -0400
"594984","2","133737","45948","23780",2299.00,"167",2026-06-28 12:30:00.000 -0400,2026-07-28 12:30:00.000 -0400,"1",2026-06-29 08:13:17.000 -0400,2026-07-04 05:05:34.850 -0400
"576658","1","132487","45950","23713",2389.00,"167",2026-05-26 11:00:00.000 -0400,2026-06-26 11:00:00.000 -0400,"5",2026-05-26 08:04:21.000 -0400,2026-06-26 05:48:01.000 -0400
"593464","2","132487","45950","23713",2389.00,"167",2026-06-26 11:00:00.000 -0400,2026-07-26 11:00:00.000 -0400,"1",2026-06-26 05:48:00.000 -0400,2026-07-03 05:06:18.917 -0400
"577454","1","132612","30780","23763",2389.00,"167",2026-05-28 06:00:00.000 -0400,2026-06-28 19:59:00.000 -0400,"5",2026-05-27 10:49:11.000 -0400,2026-06-29 08:10:18.000 -0400
"594981","2","132612","30780","23763",2389.00,"167",2026-06-28 19:59:00.000 -0400,2026-07-28 19:59:00.000 -0400,"1",2026-06-29 08:10:18.000 -0400,2026-06-30 04:56:44.000 -0400
"582725","1","134077","30776","23884",2499.00,"167",2026-06-02 12:30:00.000 -0400,2026-07-02 12:30:00.000 -0400,"5",2026-06-02 11:57:49.000 -0400,2026-07-02 12:39:17.000 -0400
"599974","2","134077","30776","23884",2499.00,"167",2026-07-02 12:30:00.000 -0400,2026-08-02 12:30:00.000 -0400,"1",2026-07-02 12:39:17.000 -0400,2026-07-17 05:04:48.677 -0400
"606315","2","134748","48618","24093",2949.00,"167",2026-07-16 19:59:00.000 -0400,2026-08-16 19:59:00.000 -0400,"1",2026-07-16 05:29:17.000 -0400,2026-07-16 05:29:20.000 -0400
"579131","216","36454","5967","7246",2225.60,"167",2026-05-31 20:00:00.000 -0400,2026-06-30 19:59:00.000 -0400,"5",2026-05-30 05:00:29.000 -0400,2026-06-30 11:13:03.000 -0400
"597298","237","36454","27700","7246",2257.93,"167",2026-06-30 20:00:00.000 -0400,2026-07-31 19:59:00.000 -0400,"1",2026-06-30 11:13:08.000 -0400,2026-07-17 05:04:22.700 -0400
"597882","1","136176","48351","24447",2399.00,"167",2026-06-30 14:48:00.000 -0400,2026-07-09 12:07:00.000 -0400,"3",2026-06-30 15:48:11.000 -0400,2026-07-09 13:08:03.000 -0400
"597470","2","133794","45949","23798",2299.00,"167",2026-06-29 10:00:00.000 -0400,2026-07-29 10:00:00.000 -0400,"1",2026-06-30 11:50:03.000 -0400,2026-06-30 11:50:06.000 -0400
"581175","1","133956","45705","23846",2589.00,"167",2026-06-01 07:30:00.000 -0400,2026-07-01 07:30:00.000 -0400,"5",2026-06-01 07:00:02.000 -0400,2026-07-01 10:42:01.000 -0400
"598819","2","133956","45705","23846",2589.00,"167",2026-07-01 07:30:00.000 -0400,2026-08-01 07:30:00.000 -0400,"1",2026-07-01 10:42:01.000 -0400,2026-07-17 05:04:56.567 -0400
"588314","1","134586","48617","24023",2839.00,"167",2026-06-16 06:00:00.000 -0400,2026-07-16 19:59:00.000 -0400,"5",2026-06-15 09:50:03.000 -0400,2026-07-16 05:25:37.000 -0400
"586738","1","134703","30779","24075",2389.00,"167",2026-06-11 05:00:00.000 -0400,2026-07-11 05:00:00.000 -0400,"5",2026-06-11 04:32:36.000 -0400,2026-07-11 07:41:06.000 -0400
"604347","2","134703","30779","24075",2389.00,"167",2026-07-11 05:00:00.000 -0400,2026-08-11 05:00:00.000 -0400,"1",2026-07-11 07:41:05.000 -0400,2026-07-11 07:41:08.000 -0400
"588312","1","134747","48612","24097",3199.00,"167",2026-06-16 06:00:00.000 -0400,2026-07-16 19:59:00.000 -0400,"5",2026-06-15 09:45:07.000 -0400,2026-07-16 05:36:17.000 -0400
"588313","1","134748","48618","24093",2949.00,"167",2026-06-16 05:00:00.000 -0400,2026-07-16 19:59:00.000 -0400,"5",2026-06-15 09:47:26.000 -0400,2026-07-16 05:29:18.000 -0400
"588894","1","135050","48619","24191",3149.00,"167",2026-06-17 07:00:00.000 -0400,2026-07-17 19:59:00.000 -0400,"5",2026-06-16 12:35:14.000 -0400,2026-07-17 09:09:15.880 -0400
"604257","1","135050","50216","24669",3099.00,"167",2026-07-11 04:26:00.000 -0400,2026-08-11 04:26:00.000 -0400,"1",2026-07-11 05:27:02.000 -0400,2026-07-11 08:22:40.000 -0400
"597854","1","135536","48359","24264",2399.00,"167",2026-06-30 13:35:00.000 -0400,2026-07-03 08:02:00.000 -0400,"3",2026-06-30 14:35:12.000 -0400,2026-07-03 09:03:13.000 -0400
"602081","3","135536","48359","24264",2399.00,"167",2026-06-30 13:35:00.000 -0400,2026-07-30 13:35:00.000 -0400,"1",2026-07-07 11:02:42.000 -0400,2026-07-07 11:09:14.000 -0400
"592807","1","135777","49931","24349",2899.99,"167",2026-06-24 12:18:00.000 -0400,2026-07-24 12:18:00.000 -0400,"1",2026-06-24 13:19:02.000 -0400,2026-06-25 09:15:06.000 -0400
"604258","1","136899","48360","24668",2499.00,"167",2026-07-11 04:27:00.000 -0400,2026-08-11 04:27:00.000 -0400,"1",2026-07-11 05:27:20.000 -0400,2026-07-11 07:21:39.000 -0400
"604125","1","136857","50217","24662",2999.00,"167",2026-07-11 06:00:00.000 -0400,2026-08-11 19:59:00.000 -0400,"1",2026-07-10 12:53:59.000 -0400,2026-07-11 08:16:09.000 -0400
"597339","1","136075","49932","24435",2999.00,"167",2026-06-30 12:00:00.000 -0400,2026-07-30 12:00:00.000 -0400,"1",2026-06-30 11:25:00.000 -0400,2026-06-30 13:09:21.000 -0400
"591070","1","135050","49078","24262",3149.00,"167",2026-06-22 06:00:00.000 -0400,2026-07-22 19:59:00.000 -0400,"1",2026-06-20 07:12:07.000 -0400,2026-07-15 07:38:27.000 -0400
"597853","1","135634","48348","24305",2399.00,"167",2026-06-30 13:34:00.000 -0400,2026-07-30 13:34:00.000 -0400,"1",2026-06-30 14:34:50.000 -0400,2026-07-07 12:29:49.000 -0400
"600287","1","136355","49077","24523",2899.99,"167",2026-07-03 12:00:00.000 -0400,2026-08-03 12:00:00.000 -0400,"1",2026-07-03 09:21:23.000 -0400,2026-07-04 07:33:11.000 -0400
"586007","226","36454","46099","7246",2225.60,"167",2026-05-31 20:00:00.000 -0400,2026-06-30 19:59:00.000 -0400,"5",2026-06-09 13:25:10.000 -0400,2026-06-30 11:13:16.000 -0400
"597303","242","36454","46099","7246",2257.93,"167",2026-06-30 20:00:00.000 -0400,2026-07-31 19:59:00.000 -0400,"1",2026-06-30 11:13:16.000 -0400,2026-07-17 05:05:30.467 -0400
"605534","243","36454","48141","7246",2257.93,"167",2026-06-30 20:00:00.000 -0400,2026-07-31 19:59:00.000 -0400,"1",2026-07-14 08:02:09.000 -0400,2026-07-14 08:06:10.000 -0400
"605538","244","36454","48144","7246",2257.93,"167",2026-06-30 20:00:00.000 -0400,2026-07-31 19:59:00.000 -0400,"1",2026-07-14 08:06:02.000 -0400,2026-07-14 08:09:40.000 -0400
"530156","187","36454","27704","7246",2225.60,"167",2026-03-31 20:00:00.000 -0400,2026-04-30 19:59:00.000 -0400,"5",2026-04-27 08:55:41.000 -0400,2026-04-30 08:00:23.443 -0400
"531882","205","36454","27704","7246",2225.60,"167",2026-04-30 20:00:00.000 -0400,2026-05-31 19:59:00.000 -0400,"5",2026-04-30 05:00:23.000 -0400,2026-05-30 08:00:30.807 -0400
"579135","220","36454","27704","7246",2225.60,"167",2026-05-31 20:00:00.000 -0400,2026-06-30 19:59:00.000 -0400,"5",2026-05-30 05:00:30.000 -0400,2026-06-30 11:13:07.000 -0400
"597297","236","36454","27704","7246",2257.93,"167",2026-06-30 20:00:00.000 -0400,2026-07-31 19:59:00.000 -0400,"1",2026-06-30 11:13:07.000 -0400,2026-07-10 05:05:15.280 -0400
"532211","208","36454","27705","7246",2225.60,"167",2026-04-30 20:00:00.000 -0400,2026-05-31 19:59:00.000 -0400,"5",2026-04-30 08:48:11.000 -0400,2026-05-30 08:00:31.883 -0400
"579138","223","36454","27705","7246",2225.60,"167",2026-05-31 20:00:00.000 -0400,2026-06-30 19:59:00.000 -0400,"5",2026-05-30 05:00:31.000 -0400,2026-06-30 11:13:11.000 -0400
"597300","239","36454","27705","7246",2257.93,"167",2026-06-30 20:00:00.000 -0400,2026-07-31 19:59:00.000 -0400,"1",2026-06-30 11:13:11.000 -0400,2026-07-11 05:04:32.083 -0400
"531550","190","36454","27700","7246",2225.60,"167",2026-03-31 20:00:00.000 -0400,2026-04-30 19:59:00.000 -0400,"5",2026-04-29 08:08:55.000 -0400,2026-04-30 08:00:23.723 -0400
"531883","206","36454","27700","7246",2225.60,"167",2026-04-30 20:00:00.000 -0400,2026-05-31 19:59:00.000 -0400,"5",2026-04-30 05:00:23.000 -0400,2026-05-30 05:00:31.000 -0400
"579136","221","36454","27700","7246",2225.60,"167",2026-05-31 20:00:00.000 -0400,2026-06-30 19:59:00.000 -0400,"5",2026-05-30 05:00:31.000 -0400,2026-06-30 14:13:08.933 -0400
"531884","207","36454","27703","7246",2225.60,"167",2026-04-30 20:00:00.000 -0400,2026-05-31 19:59:00.000 -0400,"5",2026-04-30 05:00:23.000 -0400,2026-05-30 08:00:31.520 -0400
"579137","222","36454","27703","7246",2225.60,"167",2026-05-31 20:00:00.000 -0400,2026-06-30 19:59:00.000 -0400,"5",2026-05-30 05:00:31.000 -0400,2026-06-30 11:13:10.000 -0400
"597299","238","36454","27703","7246",2257.93,"167",2026-06-30 20:00:00.000 -0400,2026-07-31 19:59:00.000 -0400,"1",2026-06-30 11:13:09.000 -0400,2026-07-03 10:53:17.430 -0400
"112368","864","36314","10059","2210",2152.00,"167",2025-04-30 20:00:00.000 -0400,2025-05-31 19:59:00.000 -0400,"5",2025-05-19 13:51:02.000 -0400,2025-05-29 10:32:40.540 -0400
"114376","879","36314","10059","2210",2152.00,"167",2025-05-31 20:00:00.000 -0400,2025-06-30 19:59:00.000 -0400,"5",2025-05-29 07:32:40.000 -0400,2025-06-27 08:31:30.000 -0400
"122110","894","36314","10059","2210",2152.00,"167",2025-06-30 20:00:00.000 -0400,2025-07-31 19:59:00.000 -0400,"5",2025-06-27 08:31:30.000 -0400,2025-07-28 11:20:17.833 -0400
"133162","909","36314","10059","2210",2152.00,"167",2025-07-31 20:00:00.000 -0400,2025-08-31 19:59:00.000 -0400,"5",2025-07-28 08:20:17.000 -0400,2025-08-27 17:25:35.330 -0400
"148982","924","36314","10059","2210",2152.00,"167",2025-08-31 20:00:00.000 -0400,2025-09-30 19:59:00.000 -0400,"5",2025-08-27 14:25:35.000 -0400,2025-09-29 09:16:54.320 -0400
"160419","939","36314","10059","2210",2152.00,"167",2025-09-30 20:00:00.000 -0400,2025-10-31 19:59:00.000 -0400,"5",2025-09-29 06:16:54.000 -0400,2025-10-28 11:18:18.740 -0400
"174499","954","36314","10059","2210",2152.00,"167",2025-10-31 20:00:00.000 -0400,2025-11-11 06:02:00.000 -0400,"3",2025-10-28 08:18:18.000 -0400,2025-11-12 05:11:18.000 -0400
"183192","957","36314","10059","2210",2152.00,"167",2025-10-31 20:00:00.000 -0400,2025-11-30 19:59:00.000 -0400,"5",2025-11-18 07:14:26.000 -0400,2025-11-28 08:52:37.000 -0400
"186827","972","36314","10059","2210",2152.00,"167",2025-11-30 20:00:00.000 -0400,2025-12-31 19:59:00.000 -0400,"5",2025-11-28 08:52:36.000 -0400,2025-12-26 08:23:44.987 -0400
"215596","987","36314","10059","2210",2152.00,"167",2025-12-31 20:00:00.000 -0400,2026-01-31 19:59:00.000 -0400,"5",2025-12-26 05:23:44.000 -0400,2026-01-26 09:32:01.480 -0400
"238021","1002","36314","10059","2210",2152.00,"167",2026-01-31 20:00:00.000 -0400,2026-02-28 19:59:00.000 -0400,"5",2026-01-26 06:32:01.000 -0400,2026-02-27 10:32:22.707 -0400
"267888","1017","36314","10059","2210",2152.00,"167",2026-02-28 20:00:00.000 -0400,2026-03-31 19:59:00.000 -0400,"5",2026-02-27 07:32:22.000 -0400,2026-03-30 08:00:22.553 -0400
"338531","1031","36314","10059","2210",2152.00,"167",2026-03-31 20:00:00.000 -0400,2026-04-01 04:53:00.000 -0400,"3",2026-03-30 05:00:22.000 -0400,2026-04-01 09:07:11.560 -0400
"509673","185","36454","10059","7246",2225.60,"167",2026-03-31 20:00:00.000 -0400,2026-04-30 19:59:00.000 -0400,"5",2026-04-07 09:33:38.000 -0400,2026-04-30 05:00:23.000 -0400
"531881","204","36454","10059","7246",2225.60,"167",2026-04-30 20:00:00.000 -0400,2026-05-31 19:59:00.000 -0400,"5",2026-04-30 05:00:23.000 -0400,2026-05-30 08:00:30.457 -0400
"579134","219","36454","10059","7246",2225.60,"167",2026-05-31 20:00:00.000 -0400,2026-06-30 19:59:00.000 -0400,"5",2026-05-30 05:00:30.000 -0400,2026-06-30 11:13:06.000 -0400
"597296","235","36454","10059","7246",2257.93,"167",2026-06-30 20:00:00.000 -0400,2026-07-31 19:59:00.000 -0400,"1",2026-06-30 11:13:06.000 -0400,2026-07-10 05:02:45.167 -0400
"597294","233","36454","5967","7246",2257.93,"167",2026-06-30 20:00:00.000 -0400,2026-07-31 19:59:00.000 -0400,"1",2026-06-30 11:13:03.000 -0400,2026-07-12 05:00:43.070 -0400
"538984","209","36454","27455","7246",2225.60,"167",2026-04-30 20:00:00.000 -0400,2026-05-31 19:59:00.000 -0400,"5",2026-05-08 11:31:51.000 -0400,2026-05-30 08:00:27.840 -0400
"579127","212","36454","27455","7246",2225.60,"167",2026-05-31 20:00:00.000 -0400,2026-06-30 19:59:00.000 -0400,"5",2026-05-30 05:00:27.000 -0400,2026-06-30 11:12:57.000 -0400
"597290","229","36454","27455","7246",2257.93,"167",2026-06-30 20:00:00.000 -0400,2026-07-31 19:59:00.000 -0400,"1",2026-06-30 11:12:57.000 -0400,2026-07-15 05:07:16.070 -0400
"153838","66","36454","10383","7246",2225.60,"167",2025-08-31 20:00:00.000 -0400,2025-09-30 19:59:00.000 -0400,"5",2025-09-11 14:17:20.000 -0400,2025-09-27 11:11:05.700 -0400
"160242","82","36454","10383","7246",2225.60,"167",2025-09-30 20:00:00.000 -0400,2025-10-31 19:59:00.000 -0400,"5",2025-09-27 08:11:05.000 -0400,2025-10-28 11:46:17.267 -0400
"174540","98","36454","10383","7246",2225.60,"167",2025-10-31 20:00:00.000 -0400,2025-11-30 19:59:00.000 -0400,"5",2025-10-28 08:46:17.000 -0400,2025-11-28 10:54:04.250 -0400
"186759","114","36454","10383","7246",2225.60,"167",2025-11-30 20:00:00.000 -0400,2025-12-31 19:59:00.000 -0400,"5",2025-11-28 07:54:04.000 -0400,2025-12-26 08:38:51.650 -0400
"215643","130","36454","10383","7246",2225.60,"167",2025-12-31 20:00:00.000 -0400,2026-01-31 19:59:00.000 -0400,"5",2025-12-26 05:38:51.000 -0400,2026-01-26 09:51:40.280 -0400
"238075","146","36454","10383","7246",2225.60,"167",2026-01-31 20:00:00.000 -0400,2026-02-28 19:59:00.000 -0400,"5",2026-01-26 06:51:40.000 -0400,2026-02-27 10:59:19.250 -0400
"267939","162","36454","10383","7246",2225.60,"167",2026-02-28 20:00:00.000 -0400,2026-03-31 19:59:00.000 -0400,"5",2026-02-27 07:59:19.000 -0400,2026-03-30 08:01:38.967 -0400
"338564","179","36454","10383","7246",2225.60,"167",2026-03-31 20:00:00.000 -0400,2026-04-30 19:59:00.000 -0400,"5",2026-03-30 05:01:38.000 -0400,2026-04-30 05:00:22.000 -0400
"531878","201","36454","10383","7246",2225.60,"167",2026-04-30 20:00:00.000 -0400,2026-05-31 19:59:00.000 -0400,"5",2026-04-30 05:00:22.000 -0400,2026-05-30 08:00:27.463 -0400
"579126","211","36454","10383","7246",2225.60,"167",2026-05-31 20:00:00.000 -0400,2026-06-30 19:59:00.000 -0400,"5",2026-05-30 05:00:27.000 -0400,2026-06-30 11:12:56.000 -0400
"597289","228","36454","10383","7246",2257.93,"167",2026-06-30 20:00:00.000 -0400,2026-07-31 19:59:00.000 -0400,"1",2026-06-30 11:12:55.000 -0400,2026-07-03 14:30:33.583 -0400
"68276","779","36314","6144","2210",2232.00,"167",2024-11-30 20:00:00.000 -0400,2024-12-31 19:59:00.000 -0400,"5",2024-12-09 11:11:12.000 -0400,2024-12-28 12:02:00.380 -0400
"73223","798","36314","6144","2210",2232.00,"167",2024-12-31 20:00:00.000 -0400,2025-01-31 19:59:00.000 -0400,"5",2024-12-28 09:02:00.000 -0400,2025-01-29 17:27:41.787 -0400
"79717","816","36314","6144","2210",2232.00,"167",2025-01-31 20:00:00.000 -0400,2025-02-28 19:59:00.000 -0400,"5",2025-01-29 14:27:41.000 -0400,2025-02-28 18:10:04.103 -0400
"595019","1068","36314","5959","2210",2152.00,"167",2026-06-30 20:00:00.000 -0400,2026-07-31 19:59:00.000 -0400,"1",2026-06-29 08:52:48.000 -0400,2026-06-30 05:01:17.570 -0400
"215587","978","36314","5962","2210",2152.00,"167",2025-12-31 20:00:00.000 -0400,2026-01-31 19:59:00.000 -0400,"5",2025-12-26 05:23:41.000 -0400,2026-01-26 09:31:58.453 -0400
"159507","14","36813","9140","2468",2790.00,"167",2025-09-25 19:59:00.000 -0400,2025-10-25 19:59:00.000 -0400,"5",2025-09-25 05:18:49.000 -0400,2025-10-25 09:55:55.427 -0400
"173023","15","36813","9140","2468",2882.87,"167",2025-10-25 19:59:00.000 -0400,2025-11-25 19:59:00.000 -0400,"5",2025-10-25 06:55:55.000 -0400,2025-11-25 09:16:31.733 -0400
"185224","16","36813","9140","2468",2882.87,"167",2025-11-25 19:59:00.000 -0400,2025-12-25 19:59:00.000 -0400,"5",2025-11-25 06:16:31.000 -0400,2025-12-24 05:53:58.000 -0400
"60577","749","36314","5918","2210",1992.00,"167",2024-10-31 20:00:00.000 -0400,2024-11-30 19:59:00.000 -0400,"5",2024-10-28 13:53:11.000 -0400,2024-12-02 08:57:46.177 -0400
"66591","767","36314","5918","2210",1992.00,"167",2024-11-30 20:00:00.000 -0400,2024-12-31 19:59:00.000 -0400,"5",2024-12-02 05:57:46.000 -0400,2024-12-28 09:01:59.000 -0400
"73212","787","36314","5918","2210",1992.00,"167",2024-12-31 20:00:00.000 -0400,2025-01-31 19:59:00.000 -0400,"5",2024-12-28 09:01:59.000 -0400,2025-01-29 17:27:40.407 -0400
"79706","805","36314","5918","2210",1992.00,"167",2025-01-31 20:00:00.000 -0400,2025-02-28 19:59:00.000 -0400,"5",2025-01-29 14:27:40.000 -0400,2025-02-28 18:10:02.727 -0400
"87555","822","36314","5918","2210",1992.00,"167",2025-02-28 20:00:00.000 -0400,2025-03-31 19:59:00.000 -0400,"5",2025-02-28 15:10:02.000 -0400,2025-03-29 10:47:02.610 -0400
"97621","838","36314","5918","2210",1992.00,"167",2025-03-31 20:00:00.000 -0400,2025-04-30 19:59:00.000 -0400,"5",2025-03-29 07:47:02.000 -0400,2025-04-30 14:23:46.567 -0400
"105867","853","36314","5918","2210",1992.00,"167",2025-04-30 20:00:00.000 -0400,2025-05-31 19:59:00.000 -0400,"5",2025-04-30 11:23:46.000 -0400,2025-05-29 10:32:37.843 -0400
"114366","869","36314","5918","2210",1992.00,"167",2025-05-31 20:00:00.000 -0400,2025-06-30 19:59:00.000 -0400,"5",2025-05-29 07:32:37.000 -0400,2025-06-27 08:31:27.000 -0400
"122100","884","36314","5918","2210",1992.00,"167",2025-06-30 20:00:00.000 -0400,2025-07-31 19:59:00.000 -0400,"5",2025-06-27 08:31:27.000 -0400,2025-07-28 11:20:13.900 -0400
"133152","899","36314","5918","2210",1992.00,"167",2025-07-31 20:00:00.000 -0400,2025-08-31 19:59:00.000 -0400,"5",2025-07-28 08:20:13.000 -0400,2025-08-27 14:25:32.000 -0400
"148972","914","36314","5918","2210",1992.00,"167",2025-08-31 20:00:00.000 -0400,2025-09-30 19:59:00.000 -0400,"5",2025-08-27 14:25:32.000 -0400,2025-09-29 09:16:50.950 -0400
"579128","213","36454","5918","7246",2225.60,"167",2026-05-31 20:00:00.000 -0400,2026-06-30 19:59:00.000 -0400,"5",2026-05-30 05:00:28.000 -0400,2026-06-30 11:12:59.000 -0400
"215316","17","36813","9140","2468",2882.87,"167",2025-12-25 19:59:00.000 -0400,2026-01-25 19:59:00.000 -0400,"5",2025-12-24 05:53:58.000 -0400,2026-01-24 08:31:40.700 -0400
"237334","18","36813","9140","2468",2882.87,"167",2026-01-25 19:59:00.000 -0400,2026-02-25 19:59:00.000 -0400,"5",2026-01-24 05:31:40.000 -0400,2026-02-25 05:57:04.000 -0400
"266492","19","36813","9140","2468",2882.87,"167",2026-02-25 19:59:00.000 -0400,2026-03-25 19:59:00.000 -0400,"5",2026-02-25 05:57:04.000 -0400,2026-03-25 05:00:02.000 -0400
"238014","995","36314","5865","2210",2232.00,"167",2026-01-31 20:00:00.000 -0400,2026-02-28 19:59:00.000 -0400,"5",2026-01-26 06:31:59.000 -0400,2026-02-27 10:32:19.673 -0400
"267881","1010","36314","5865","2210",2232.00,"167",2026-02-28 20:00:00.000 -0400,2026-03-31 19:59:00.000 -0400,"5",2026-02-27 07:32:19.000 -0400,2026-03-30 08:00:19.820 -0400
"338525","1025","36314","5865","2210",2232.00,"167",2026-03-31 20:00:00.000 -0400,2026-04-30 19:59:00.000 -0400,"5",2026-03-30 05:00:19.000 -0400,2026-04-30 08:01:44.737 -0400
"531919","1046","36314","5865","2210",2232.00,"167",2026-04-30 20:00:00.000 -0400,2026-05-31 19:59:00.000 -0400,"5",2026-04-30 05:01:44.000 -0400,2026-05-30 08:01:34.540 -0400
"579164","1051","36314","5865","2210",2232.00,"167",2026-05-31 20:00:00.000 -0400,2026-06-30 19:59:00.000 -0400,"5",2026-05-30 05:01:34.000 -0400,2026-06-29 08:52:47.000 -0400
"595018","1067","36314","5865","2210",2232.00,"167",2026-06-30 20:00:00.000 -0400,2026-07-31 19:59:00.000 -0400,"1",2026-06-29 08:52:47.000 -0400,2026-07-06 06:24:33.000 -0400
"87510","817","36314","8829","2210",2232.00,"167",2025-02-25 07:00:00.000 -0400,2025-02-28 19:59:00.000 -0400,"5",2025-02-28 14:22:37.000 -0400,2025-02-28 18:10:04.247 -0400
"87565","832","36314","8829","2210",2232.00,"167",2025-02-28 20:00:00.000 -0400,2025-03-31 19:59:00.000 -0400,"5",2025-02-28 15:10:04.000 -0400,2025-03-29 10:47:04.733 -0400
"97631","848","36314","8829","2210",2232.00,"167",2025-03-31 20:00:00.000 -0400,2025-04-30 19:59:00.000 -0400,"5",2025-03-29 07:47:04.000 -0400,2025-04-30 14:23:49.203 -0400
"105877","863","36314","8829","2210",2232.00,"167",2025-04-30 20:00:00.000 -0400,2025-05-31 19:59:00.000 -0400,"5",2025-04-30 11:23:49.000 -0400,2025-05-29 10:32:40.220 -0400
"114375","878","36314","8829","2210",2232.00,"167",2025-05-31 20:00:00.000 -0400,2025-06-30 19:59:00.000 -0400,"5",2025-05-29 07:32:40.000 -0400,2025-06-27 11:31:29.803 -0400
"122109","893","36314","8829","2210",2232.00,"167",2025-06-30 20:00:00.000 -0400,2025-07-31 19:59:00.000 -0400,"5",2025-06-27 08:31:29.000 -0400,2025-07-28 11:20:17.523 -0400
"133161","908","36314","8829","2210",2232.00,"167",2025-07-31 20:00:00.000 -0400,2025-08-31 19:59:00.000 -0400,"5",2025-07-28 08:20:17.000 -0400,2025-08-27 17:25:34.943 -0400
"148981","923","36314","8829","2210",2232.00,"167",2025-08-31 20:00:00.000 -0400,2025-09-30 19:59:00.000 -0400,"5",2025-08-27 14:25:34.000 -0400,2025-09-29 06:16:54.000 -0400
"160418","938","36314","8829","2210",2232.00,"167",2025-09-30 20:00:00.000 -0400,2025-10-31 19:59:00.000 -0400,"5",2025-09-29 06:16:53.000 -0400,2025-10-28 11:18:18.447 -0400
"87564","831","36314","6144","2210",2232.00,"167",2025-02-28 20:00:00.000 -0400,2025-03-31 19:59:00.000 -0400,"5",2025-02-28 15:10:04.000 -0400,2025-03-29 10:47:04.537 -0400
"97630","847","36314","6144","2210",2232.00,"167",2025-03-31 20:00:00.000 -0400,2025-04-30 19:59:00.000 -0400,"5",2025-03-29 07:47:04.000 -0400,2025-04-30 14:23:48.970 -0400
"105876","862","36314","6144","2210",2232.00,"167",2025-04-30 20:00:00.000 -0400,2025-05-31 19:59:00.000 -0400,"5",2025-04-30 11:23:48.000 -0400,2025-05-29 10:32:39.843 -0400
"114374","877","36314","6144","2210",2232.00,"167",2025-05-31 20:00:00.000 -0400,2025-06-30 19:59:00.000 -0400,"5",2025-05-29 07:32:39.000 -0400,2025-06-27 11:31:29.527 -0400
"122108","892","36314","6144","2210",2232.00,"167",2025-06-30 20:00:00.000 -0400,2025-07-31 19:59:00.000 -0400,"5",2025-06-27 08:31:29.000 -0400,2025-07-28 11:20:16.953 -0400
"133160","907","36314","6144","2210",2232.00,"167",2025-07-31 20:00:00.000 -0400,2025-08-31 19:59:00.000 -0400,"5",2025-07-28 08:20:16.000 -0400,2025-08-27 17:25:34.650 -0400
"160411","931","36314","5962","2210",2152.00,"167",2025-09-30 20:00:00.000 -0400,2025-10-31 19:59:00.000 -0400,"5",2025-09-29 06:16:51.000 -0400,2025-10-28 08:18:16.000 -0400
"174490","946","36314","5962","2210",2152.00,"167",2025-10-31 20:00:00.000 -0400,2025-11-30 19:59:00.000 -0400,"5",2025-10-28 08:18:16.000 -0400,2025-11-28 08:52:34.000 -0400
"186818","963","36314","5962","2210",2152.00,"167",2025-11-30 20:00:00.000 -0400,2025-12-31 19:59:00.000 -0400,"5",2025-11-28 08:52:34.000 -0400,2025-12-26 05:23:42.000 -0400
"238012","993","36314","5962","2210",2152.00,"167",2026-01-31 20:00:00.000 -0400,2026-02-28 19:59:00.000 -0400,"5",2026-01-26 06:31:58.000 -0400,2026-02-27 10:32:18.987 -0400
"114414","16","36454","5967","7246",2225.60,"167",2025-05-31 20:00:00.000 -0400,2025-06-30 19:59:00.000 -0400,"5",2025-05-29 07:53:35.000 -0400,2025-06-27 09:41:57.830 -0400
"122022","32","36454","5967","7246",2225.60,"167",2025-06-30 20:00:00.000 -0400,2025-07-31 19:59:00.000 -0400,"5",2025-06-27 06:41:57.000 -0400,2025-07-28 14:12:40.763 -0400
"133262","48","36454","5967","7246",2225.60,"167",2025-07-31 20:00:00.000 -0400,2025-08-31 19:59:00.000 -0400,"5",2025-07-28 11:12:40.000 -0400,2025-08-27 16:59:17.783 -0400
"148947","64","36454","5967","7246",2225.60,"167",2025-08-31 20:00:00.000 -0400,2025-09-30 19:59:00.000 -0400,"5",2025-08-27 13:59:17.000 -0400,2025-09-27 11:11:05.420 -0400
"160241","81","36454","5967","7246",2225.60,"167",2025-09-30 20:00:00.000 -0400,2025-10-31 19:59:00.000 -0400,"5",2025-09-27 08:11:05.000 -0400,2025-10-28 11:46:16.930 -0400
"174539","97","36454","5967","7246",2225.60,"167",2025-10-31 20:00:00.000 -0400,2025-11-30 19:59:00.000 -0400,"5",2025-10-28 08:46:16.000 -0400,2025-11-28 10:54:03.937 -0400
"186758","113","36454","5967","7246",2225.60,"167",2025-11-30 20:00:00.000 -0400,2025-12-31 19:59:00.000 -0400,"5",2025-11-28 07:54:03.000 -0400,2025-12-26 08:38:51.377 -0400
"215642","129","36454","5967","7246",2225.60,"167",2025-12-31 20:00:00.000 -0400,2026-01-31 19:59:00.000 -0400,"5",2025-12-26 05:38:51.000 -0400,2026-01-26 06:51:39.000 -0400
"238074","145","36454","5967","7246",2225.60,"167",2026-01-31 20:00:00.000 -0400,2026-02-28 19:59:00.000 -0400,"5",2026-01-26 06:51:39.000 -0400,2026-02-27 10:59:18.960 -0400
"267938","161","36454","5967","7246",2225.60,"167",2026-02-28 20:00:00.000 -0400,2026-03-31 19:59:00.000 -0400,"5",2026-02-27 07:59:18.000 -0400,2026-03-30 08:01:38.543 -0400
"338563","178","36454","5967","7246",2225.60,"167",2026-03-31 20:00:00.000 -0400,2026-04-27 07:25:00.000 -0400,"3",2026-03-30 05:01:38.000 -0400,2026-04-27 11:55:41.890 -0400
"530375","188","36454","5967","7246",2225.60,"167",2026-03-31 20:00:00.000 -0400,2026-04-30 19:59:00.000 -0400,"5",2026-04-27 12:12:54.000 -0400,2026-04-30 08:00:20.930 -0400
"531874","197","36454","5967","7246",2225.60,"167",2026-04-30 20:00:00.000 -0400,2026-05-31 19:59:00.000 -0400,"5",2026-04-30 05:00:20.000 -0400,2026-05-30 08:00:29.300 -0400
"174498","953","36314","8829","2210",2232.00,"167",2025-10-31 20:00:00.000 -0400,2025-11-30 19:59:00.000 -0400,"5",2025-10-28 08:18:18.000 -0400,2025-11-28 11:52:36.217 -0400
"186825","970","36314","8829","2210",2232.00,"167",2025-11-30 20:00:00.000 -0400,2025-12-31 19:59:00.000 -0400,"5",2025-11-28 08:52:36.000 -0400,2025-12-26 08:23:44.400 -0400
"215594","985","36314","8829","2210",2232.00,"167",2025-12-31 20:00:00.000 -0400,2026-01-31 19:59:00.000 -0400,"5",2025-12-26 05:23:44.000 -0400,2026-01-26 09:32:00.710 -0400
"57025","643","36314","5918","2210",1400.00,"167",2024-04-30 20:00:00.000 -0400,2024-05-31 19:59:00.000 -0400,"5",2024-10-05 23:26:47.880 -0400,
"57071","654","36314","5918","2210",1400.00,"167",2024-05-31 20:00:00.000 -0400,2024-06-30 19:59:00.000 -0400,"5",2024-10-05 23:27:23.943 -0400,
"57194","672","36314","5918","2210",1400.00,"167",2024-06-30 20:00:00.000 -0400,2024-07-31 19:59:00.000 -0400,"5",2024-10-05 23:28:57.320 -0400,
"57323","690","36314","5918","2210",1400.00,"167",2024-07-31 20:00:00.000 -0400,2024-08-31 19:59:00.000 -0400,"5",2024-10-05 23:30:37.287 -0400,
"57466","709","36314","5918","2210",1400.00,"167",2024-08-31 20:00:00.000 -0400,2024-09-30 19:59:00.000 -0400,"5",2024-10-05 23:32:27.597 -0400,
"57625","730","36314","5918","2210",1992.00,"167",2024-09-30 20:00:00.000 -0400,2024-10-31 19:59:00.000 -0400,"5",2024-10-05 23:34:26.277 -0400,2024-10-28 16:53:11.420 -0400
"238019","1000","36314","8829","2210",2232.00,"167",2026-01-31 20:00:00.000 -0400,2026-02-28 19:59:00.000 -0400,"5",2026-01-26 06:32:00.000 -0400,2026-02-27 10:32:21.930 -0400
"267886","1015","36314","8829","2210",2232.00,"167",2026-02-28 20:00:00.000 -0400,2026-03-31 19:59:00.000 -0400,"5",2026-02-27 07:32:21.000 -0400,2026-03-30 08:00:21.873 -0400
"338529","1029","36314","8829","2210",2232.00,"167",2026-03-31 20:00:00.000 -0400,2026-04-30 19:59:00.000 -0400,"5",2026-03-30 05:00:21.000 -0400,2026-04-30 08:01:42.557 -0400
"531914","1041","36314","8829","2210",2232.00,"167",2026-04-30 20:00:00.000 -0400,2026-05-31 19:59:00.000 -0400,"5",2026-04-30 05:01:42.000 -0400,2026-05-30 08:01:36.593 -0400
"579169","1056","36314","8829","2210",2232.00,"167",2026-05-31 20:00:00.000 -0400,2026-06-30 19:59:00.000 -0400,"5",2026-05-30 05:01:36.000 -0400,2026-06-29 08:52:51.000 -0400
"595021","1070","36314","8829","2210",2232.00,"167",2026-06-30 20:00:00.000 -0400,2026-07-31 19:59:00.000 -0400,"1",2026-06-29 08:52:50.000 -0400,2026-07-17 05:01:20.070 -0400
"160409","929","36314","5918","2210",1992.00,"167",2025-09-30 20:00:00.000 -0400,2025-10-31 19:59:00.000 -0400,"5",2025-09-29 06:16:50.000 -0400,2025-10-28 11:18:15.390 -0400
"174488","944","36314","5918","2210",1992.00,"167",2025-10-31 20:00:00.000 -0400,2025-11-30 19:59:00.000 -0400,"5",2025-10-28 08:18:15.000 -0400,2025-11-28 11:52:33.537 -0400
"186816","961","36314","5918","2210",1992.00,"167",2025-11-30 20:00:00.000 -0400,2025-12-31 19:59:00.000 -0400,"5",2025-11-28 08:52:33.000 -0400,2025-12-26 08:23:41.390 -0400
"215585","976","36314","5918","2210",1992.00,"167",2025-12-31 20:00:00.000 -0400,2026-01-31 19:59:00.000 -0400,"5",2025-12-26 05:23:41.000 -0400,2026-01-26 09:31:57.777 -0400
"238010","991","36314","5918","2210",1992.00,"167",2026-01-31 20:00:00.000 -0400,2026-02-28 19:59:00.000 -0400,"5",2026-01-26 06:31:57.000 -0400,2026-02-27 10:32:18.347 -0400
"267877","1006","36314","5918","2210",1992.00,"167",2026-02-28 20:00:00.000 -0400,2026-03-31 19:59:00.000 -0400,"5",2026-02-27 07:32:18.000 -0400,2026-03-30 08:00:16.923 -0400
"338521","1021","36314","5918","2210",1992.00,"167",2026-03-31 20:00:00.000 -0400,2026-04-01 13:02:00.000 -0400,"3",2026-03-30 05:00:16.000 -0400,2026-03-30 17:17:51.740 -0400
"512370","186","36454","5918","7246",2225.60,"167",2026-03-31 20:00:00.000 -0400,2026-04-30 19:59:00.000 -0400,"5",2026-04-11 06:06:26.000 -0400,2026-04-30 05:00:20.000 -0400
"531871","194","36454","5918","7246",2225.60,"167",2026-04-30 20:00:00.000 -0400,2026-05-31 19:59:00.000 -0400,"5",2026-04-30 05:00:20.000 -0400,2026-05-30 05:00:28.000 -0400
"91041","7","36813","9140","2468",2790.00,"167",2025-02-25 13:00:00.000 -0400,2025-03-25 13:00:00.000 -0400,"5",2025-03-20 10:09:55.000 -0400,2025-03-25 08:31:04.590 -0400
"96716","8","36813","9140","2468",2790.00,"167",2025-03-25 13:00:00.000 -0400,2025-04-25 13:00:00.000 -0400,"5",2025-03-25 05:31:04.000 -0400,2025-04-25 17:34:05.900 -0400
"104961","9","36813","9140","2468",2790.00,"167",2025-04-25 13:00:00.000 -0400,2025-05-25 13:00:00.000 -0400,"5",2025-04-25 14:34:05.000 -0400,2025-05-24 09:13:05.610 -0400
"113453","10","36813","9140","2468",2790.00,"167",2025-05-25 13:00:00.000 -0400,2025-06-25 13:00:00.000 -0400,"5",2025-05-24 06:13:05.000 -0400,2025-06-25 09:33:50.670 -0400
"121407","11","36813","9140","2468",2790.00,"167",2025-06-25 13:00:00.000 -0400,2025-07-25 19:59:00.000 -0400,"5",2025-06-25 06:33:50.000 -0400,2025-07-25 07:16:25.000 -0400
"132587","12","36813","9140","2468",2790.00,"167",2025-07-25 19:59:00.000 -0400,2025-08-25 19:59:00.000 -0400,"5",2025-07-25 07:16:25.000 -0400,2025-08-25 10:42:18.677 -0400
"148268","13","36813","9140","2468",2790.00,"167",2025-08-25 19:59:00.000 -0400,2025-09-25 19:59:00.000 -0400,"5",2025-08-25 07:42:18.000 -0400,2025-09-25 08:18:49.940 -0400
"314766","20","36813","9140","2468",2882.87,"167",2026-03-25 19:59:00.000 -0400,2026-04-25 19:59:00.000 -0400,"5",2026-03-25 05:00:01.000 -0400,2026-04-25 08:39:05.750 -0400
"529571","21","36813","9140","2468",2882.87,"167",2026-04-25 19:59:00.000 -0400,2026-05-25 19:59:00.000 -0400,"5",2026-04-25 05:39:05.000 -0400,2026-05-25 08:00:01.597 -0400
"576008","22","36813","9140","2468",2882.87,"167",2026-05-25 19:59:00.000 -0400,2026-06-25 19:59:00.000 -0400,"5",2026-05-25 05:00:01.000 -0400,2026-06-25 06:46:32.000 -0400
"66596","772","36314","5959","2210",2152.00,"167",2024-11-30 20:00:00.000 -0400,2024-12-31 19:59:00.000 -0400,"5",2024-12-02 05:57:46.000 -0400,2024-12-28 12:01:59.513 -0400
"73216","791","36314","5959","2210",2152.00,"167",2024-12-31 20:00:00.000 -0400,2025-01-31 19:59:00.000 -0400,"5",2024-12-28 09:01:59.000 -0400,2025-01-29 17:27:40.930 -0400
"79710","809","36314","5959","2210",2152.00,"167",2025-01-31 20:00:00.000 -0400,2025-02-28 19:59:00.000 -0400,"5",2025-01-29 14:27:40.000 -0400,2025-02-28 18:10:03.220 -0400
"87558","825","36314","5959","2210",2152.00,"167",2025-02-28 20:00:00.000 -0400,2025-03-31 19:59:00.000 -0400,"5",2025-02-28 15:10:03.000 -0400,2025-03-29 10:47:03.260 -0400
"97624","841","36314","5959","2210",2152.00,"167",2025-03-31 20:00:00.000 -0400,2025-04-30 19:59:00.000 -0400,"5",2025-03-29 07:47:03.000 -0400,2025-04-30 14:23:47.303 -0400
"105870","856","36314","5959","2210",2152.00,"167",2025-04-30 20:00:00.000 -0400,2025-05-31 19:59:00.000 -0400,"5",2025-04-30 11:23:47.000 -0400,2025-05-29 10:32:38.500 -0400
"114369","872","36314","5959","2210",2152.00,"167",2025-05-31 20:00:00.000 -0400,2025-06-30 19:59:00.000 -0400,"5",2025-05-29 07:32:38.000 -0400,2025-06-27 08:31:28.000 -0400
"122103","887","36314","5959","2210",2152.00,"167",2025-06-30 20:00:00.000 -0400,2025-07-31 19:59:00.000 -0400,"5",2025-06-27 08:31:28.000 -0400,2025-07-28 11:20:14.907 -0400
"267880","1009","36314","5959","2210",2152.00,"167",2026-02-28 20:00:00.000 -0400,2026-03-31 19:59:00.000 -0400,"5",2026-02-27 07:32:19.000 -0400,2026-03-30 05:00:19.000 -0400
"338524","1024","36314","5959","2210",2152.00,"167",2026-03-31 20:00:00.000 -0400,2026-04-30 19:59:00.000 -0400,"5",2026-03-30 05:00:19.000 -0400,2026-04-30 08:01:41.593 -0400
"531911","1038","36314","5959","2210",2152.00,"167",2026-04-30 20:00:00.000 -0400,2026-05-31 19:59:00.000 -0400,"5",2026-04-30 05:01:41.000 -0400,2026-05-30 08:01:35.400 -0400
"579166","1053","36314","5959","2210",2152.00,"167",2026-05-31 20:00:00.000 -0400,2026-06-30 19:59:00.000 -0400,"5",2026-05-30 05:01:35.000 -0400,2026-06-29 11:52:48.797 -0400
"57555","720","36314","5962","2210",1400.00,"167",2024-08-31 20:00:00.000 -0400,2024-09-30 19:59:00.000 -0400,"5",2024-10-05 23:33:35.137 -0400,
"57629","734","36314","5962","2210",2152.00,"167",2024-09-30 20:00:00.000 -0400,2024-10-31 19:59:00.000 -0400,"5",2024-10-05 23:34:29.200 -0400,2024-10-28 16:53:11.957 -0400
"122102","886","36314","5962","2210",2152.00,"167",2025-06-30 20:00:00.000 -0400,2025-07-31 19:59:00.000 -0400,"5",2025-06-27 08:31:27.000 -0400,2025-07-28 11:20:14.570 -0400
"133154","901","36314","5962","2210",2152.00,"167",2025-07-31 20:00:00.000 -0400,2025-08-31 19:59:00.000 -0400,"5",2025-07-28 08:20:14.000 -0400,2025-08-27 17:25:32.787 -0400
"148974","916","36314","5962","2210",2152.00,"167",2025-08-31 20:00:00.000 -0400,2025-09-30 19:59:00.000 -0400,"5",2025-08-27 14:25:32.000 -0400,2025-09-29 09:16:51.657 -0400
"529399","1036","36314","27932","2210",2232.00,"167",2026-03-31 20:00:00.000 -0400,2026-04-30 19:59:00.000 -0400,"5",2026-04-24 12:39:04.000 -0400,2026-04-30 05:01:46.000 -0400
"531923","1050","36314","27932","2210",2232.00,"167",2026-04-30 20:00:00.000 -0400,2026-05-31 19:59:00.000 -0400,"5",2026-04-30 05:01:46.000 -0400,2026-05-30 08:01:39.463 -0400
"579177","1064","36314","27932","2210",2232.00,"167",2026-05-31 20:00:00.000 -0400,2026-06-30 19:59:00.000 -0400,"5",2026-05-30 05:01:39.000 -0400,2026-06-29 08:53:00.000 -0400
"595029","1078","36314","27932","2210",2232.00,"167",2026-06-30 20:00:00.000 -0400,2026-07-31 19:59:00.000 -0400,"1",2026-06-29 08:53:00.000 -0400,2026-07-17 05:04:27.473 -0400
"593020","23","36813","9140","2468",2882.87,"167",2026-06-25 19:59:00.000 -0400,2026-07-25 19:59:00.000 -0400,"1",2026-06-25 06:46:32.000 -0400,2026-07-17 05:01:32.283 -0400
"122104","888","36314","5865","2210",2232.00,"167",2025-06-30 20:00:00.000 -0400,2025-07-31 19:59:00.000 -0400,"5",2025-06-27 08:31:28.000 -0400,2025-07-28 11:20:15.483 -0400
"133156","903","36314","5865","2210",2232.00,"167",2025-07-31 20:00:00.000 -0400,2025-08-31 19:59:00.000 -0400,"5",2025-07-28 08:20:15.000 -0400,2025-08-27 17:25:33.397 -0400
"148976","918","36314","5865","2210",2232.00,"167",2025-08-31 20:00:00.000 -0400,2025-09-30 19:59:00.000 -0400,"5",2025-08-27 14:25:33.000 -0400,2025-09-29 09:16:52.377 -0400
"160413","933","36314","5865","2210",2232.00,"167",2025-09-30 20:00:00.000 -0400,2025-10-31 19:59:00.000 -0400,"5",2025-09-29 06:16:52.000 -0400,2025-10-28 11:18:16.620 -0400
"174492","948","36314","5865","2210",2232.00,"167",2025-10-31 20:00:00.000 -0400,2025-11-30 19:59:00.000 -0400,"5",2025-10-28 08:18:16.000 -0400,2025-11-28 11:52:34.750 -0400
"186820","965","36314","5865","2210",2232.00,"167",2025-11-30 20:00:00.000 -0400,2025-12-31 19:59:00.000 -0400,"5",2025-11-28 08:52:34.000 -0400,2025-12-26 08:23:42.843 -0400
"215589","980","36314","5865","2210",2232.00,"167",2025-12-31 20:00:00.000 -0400,2026-01-31 19:59:00.000 -0400,"5",2025-12-26 05:23:42.000 -0400,2026-01-26 06:31:59.000 -0400
"57554","719","36314","5959","2210",1400.00,"167",2024-08-31 20:00:00.000 -0400,2024-09-30 19:59:00.000 -0400,"5",2024-10-05 23:33:34.353 -0400,
"57630","735","36314","5959","2210",2152.00,"167",2024-09-30 20:00:00.000 -0400,2024-10-31 19:59:00.000 -0400,"5",2024-10-05 23:34:29.920 -0400,2024-10-28 13:53:12.000 -0400
"60582","754","36314","5959","2210",2152.00,"167",2024-10-31 20:00:00.000 -0400,2024-11-30 19:59:00.000 -0400,"5",2024-10-28 13:53:12.000 -0400,2024-12-02 08:57:46.810 -0400
"133155","902","36314","5959","2210",2152.00,"167",2025-07-31 20:00:00.000 -0400,2025-08-31 19:59:00.000 -0400,"5",2025-07-28 08:20:14.000 -0400,2025-08-27 14:25:33.000 -0400
"148975","917","36314","5959","2210",2152.00,"167",2025-08-31 20:00:00.000 -0400,2025-09-30 19:59:00.000 -0400,"5",2025-08-27 14:25:33.000 -0400,2025-09-29 06:16:52.000 -0400
"160412","932","36314","5959","2210",2152.00,"167",2025-09-30 20:00:00.000 -0400,2025-10-31 19:59:00.000 -0400,"5",2025-09-29 06:16:51.000 -0400,2025-10-28 11:18:16.330 -0400
"174491","947","36314","5959","2210",2152.00,"167",2025-10-31 20:00:00.000 -0400,2025-11-30 19:59:00.000 -0400,"5",2025-10-28 08:18:16.000 -0400,2025-11-28 11:52:34.457 -0400
"186819","964","36314","5959","2210",2152.00,"167",2025-11-30 20:00:00.000 -0400,2025-12-31 19:59:00.000 -0400,"5",2025-11-28 08:52:34.000 -0400,2025-12-26 08:23:42.360 -0400
"215588","979","36314","5959","2210",2152.00,"167",2025-12-31 20:00:00.000 -0400,2026-01-31 19:59:00.000 -0400,"5",2025-12-26 05:23:42.000 -0400,2026-01-26 09:31:58.777 -0400
"238013","994","36314","5959","2210",2152.00,"167",2026-01-31 20:00:00.000 -0400,2026-02-28 19:59:00.000 -0400,"5",2026-01-26 06:31:58.000 -0400,2026-02-27 10:32:19.293 -0400
"60581","753","36314","5962","2210",2152.00,"167",2024-10-31 20:00:00.000 -0400,2024-11-30 19:59:00.000 -0400,"5",2024-10-28 13:53:11.000 -0400,2024-12-02 08:57:46.677 -0400
"66595","771","36314","5962","2210",2152.00,"167",2024-11-30 20:00:00.000 -0400,2024-12-31 19:59:00.000 -0400,"5",2024-12-02 05:57:46.000 -0400,2024-12-28 12:01:59.410 -0400
"73215","790","36314","5962","2210",2152.00,"167",2024-12-31 20:00:00.000 -0400,2025-01-31 19:59:00.000 -0400,"5",2024-12-28 09:01:59.000 -0400,2025-01-29 17:27:40.787 -0400
"79709","808","36314","5962","2210",2152.00,"167",2025-01-31 20:00:00.000 -0400,2025-02-28 19:59:00.000 -0400,"5",2025-01-29 14:27:40.000 -0400,2025-02-28 15:10:03.000 -0400
"87557","824","36314","5962","2210",2152.00,"167",2025-02-28 20:00:00.000 -0400,2025-03-31 19:59:00.000 -0400,"5",2025-02-28 15:10:03.000 -0400,2025-03-29 07:47:03.000 -0400
"97623","840","36314","5962","2210",2152.00,"167",2025-03-31 20:00:00.000 -0400,2025-04-30 19:59:00.000 -0400,"5",2025-03-29 07:47:03.000 -0400,2025-04-30 11:23:47.000 -0400
"105869","855","36314","5962","2210",2152.00,"167",2025-04-30 20:00:00.000 -0400,2025-05-31 19:59:00.000 -0400,"5",2025-04-30 11:23:47.000 -0400,2025-05-29 10:32:38.283 -0400
"114368","871","36314","5962","2210",2152.00,"167",2025-05-31 20:00:00.000 -0400,2025-06-30 19:59:00.000 -0400,"5",2025-05-29 07:32:38.000 -0400,2025-06-27 11:31:27.750 -0400
"267879","1008","36314","5962","2210",2152.00,"167",2026-02-28 20:00:00.000 -0400,2026-03-31 19:59:00.000 -0400,"5",2026-02-27 07:32:18.000 -0400,2026-03-30 08:00:18.603 -0400
"338523","1023","36314","5962","2210",2152.00,"167",2026-03-31 20:00:00.000 -0400,2026-04-30 19:59:00.000 -0400,"5",2026-03-30 05:00:18.000 -0400,2026-04-30 08:01:44.443 -0400
"531918","1045","36314","5962","2210",2152.00,"167",2026-04-30 20:00:00.000 -0400,2026-05-31 19:59:00.000 -0400,"5",2026-04-30 05:01:44.000 -0400,2026-05-30 05:01:38.000 -0400
"579173","1060","36314","5962","2210",2152.00,"167",2026-05-31 20:00:00.000 -0400,2026-06-30 19:59:00.000 -0400,"5",2026-05-30 05:01:37.000 -0400,2026-06-29 08:52:56.000 -0400
"595025","1074","36314","5962","2210",2152.00,"167",2026-06-30 20:00:00.000 -0400,2026-07-31 19:59:00.000 -0400,"1",2026-06-29 08:52:55.000 -0400,2026-07-17 05:00:39.767 -0400
"582876","1066","36314","46100","2210",2152.00,"167",2026-05-31 20:00:00.000 -0400,2026-06-30 19:59:00.000 -0400,"5",2026-06-02 14:19:42.000 -0400,2026-06-29 11:53:02.960 -0400
"595031","1080","36314","46100","2210",2152.00,"167",2026-06-30 20:00:00.000 -0400,2026-07-31 19:59:00.000 -0400,"1",2026-06-29 08:53:02.000 -0400,2026-07-17 05:05:10.170 -0400
"597291","230","36454","5918","7246",2257.93,"167",2026-06-30 20:00:00.000 -0400,2026-07-31 19:59:00.000 -0400,"1",2026-06-30 11:12:58.000 -0400,2026-07-14 05:00:07.670 -0400
"525084","1035","36314","27931","2210",2232.00,"167",2026-03-31 20:00:00.000 -0400,2026-04-30 19:59:00.000 -0400,"5",2026-04-15 07:08:49.000 -0400,2026-04-30 08:01:45.817 -0400
"531922","1049","36314","27931","2210",2232.00,"167",2026-04-30 20:00:00.000 -0400,2026-05-31 19:59:00.000 -0400,"5",2026-04-30 05:01:45.000 -0400,2026-05-30 05:01:39.000 -0400
"579176","1063","36314","27931","2210",2232.00,"167",2026-05-31 20:00:00.000 -0400,2026-06-30 19:59:00.000 -0400,"5",2026-05-30 05:01:39.000 -0400,2026-06-29 08:52:59.000 -0400
"595028","1077","36314","27931","2210",2232.00,"167",2026-06-30 20:00:00.000 -0400,2026-07-31 19:59:00.000 -0400,"1",2026-06-29 08:52:59.000 -0400,2026-07-17 05:04:32.673 -0400
"339933","1033","36314","27699","2210",1992.00,"167",2026-03-31 20:00:00.000 -0400,2026-04-30 19:59:00.000 -0400,"5",2026-03-31 06:19:59.000 -0400,2026-04-30 05:01:43.000 -0400
"531915","1042","36314","27699","2210",1992.00,"167",2026-04-30 20:00:00.000 -0400,2026-05-31 19:59:00.000 -0400,"5",2026-04-30 05:01:43.000 -0400,2026-05-30 08:01:36.953 -0400
"579170","1057","36314","27699","2210",1992.00,"167",2026-05-31 20:00:00.000 -0400,2026-06-30 19:59:00.000 -0400,"5",2026-05-30 05:01:36.000 -0400,2026-06-29 08:52:52.000 -0400
"595022","1071","36314","27699","2210",1992.00,"167",2026-06-30 20:00:00.000 -0400,2026-07-31 19:59:00.000 -0400,"1",2026-06-29 08:52:52.000 -0400,2026-07-14 05:05:11.983 -0400
"56205","495","36314","5865","2210",1200.00,"167",2023-10-16 12:10:00.000 -0400,2023-10-31 19:59:00.000 -0400,"5",2024-10-05 23:16:16.567 -0400,
"56254","516","36314","5865","2210",1200.00,"167",2023-10-31 20:00:00.000 -0400,2023-11-08 11:43:00.000 -0400,"3",2024-10-05 23:16:54.357 -0400,
"56330","520","36314","5865","2210",1200.00,"167",2023-10-31 20:00:00.000 -0400,2023-11-30 19:59:00.000 -0400,"5",2024-10-05 23:17:52.890 -0400,
"56378","538","36314","5865","2210",1200.00,"167",2023-11-30 20:00:00.000 -0400,2023-12-31 19:59:00.000 -0400,"5",2024-10-05 23:18:29.550 -0400,
"56535","559","36314","5865","2210",1200.00,"167",2023-12-31 20:00:00.000 -0400,2024-01-31 19:59:00.000 -0400,"5",2024-10-05 23:20:31.587 -0400,
"56622","577","36314","5865","2210",1200.00,"167",2024-01-31 20:00:00.000 -0400,2024-02-29 19:59:00.000 -0400,"5",2024-10-05 23:21:37.810 -0400,
"56741","596","36314","5865","2210",1200.00,"167",2024-02-29 20:00:00.000 -0400,2024-03-31 19:59:00.000 -0400,"5",2024-10-05 23:23:09.200 -0400,
"56812","618","36314","5865","2210",1200.00,"167",2024-03-31 20:00:00.000 -0400,2024-04-30 19:59:00.000 -0400,"5",2024-10-05 23:24:03.830 -0400,
"56960","637","36314","5865","2210",1200.00,"167",2024-04-30 20:00:00.000 -0400,2024-05-31 19:59:00.000 -0400,"5",2024-10-05 23:25:57.440 -0400,
"57077","660","36314","5865","2210",1200.00,"167",2024-05-31 20:00:00.000 -0400,2024-06-30 19:59:00.000 -0400,"5",2024-10-05 23:27:28.500 -0400,
"57200","678","36314","5865","2210",1200.00,"167",2024-06-30 20:00:00.000 -0400,2024-07-31 19:59:00.000 -0400,"5",2024-10-05 23:29:01.927 -0400,
"57329","696","36314","5865","2210",1400.00,"167",2024-07-31 20:00:00.000 -0400,2024-08-31 19:59:00.000 -0400,"5",2024-10-05 23:30:41.900 -0400,
"57472","715","36314","5865","2210",1400.00,"167",2024-08-31 20:00:00.000 -0400,2024-09-30 19:59:00.000 -0400,"5",2024-10-05 23:32:32.107 -0400,
"57631","736","36314","5865","2210",2232.00,"167",2024-09-30 20:00:00.000 -0400,2024-10-31 19:59:00.000 -0400,"5",2024-10-05 23:34:30.670 -0400,2024-10-28 16:53:12.363 -0400
"60583","755","36314","5865","2210",2232.00,"167",2024-10-31 20:00:00.000 -0400,2024-11-30 19:59:00.000 -0400,"5",2024-10-28 13:53:12.000 -0400,2024-12-02 08:57:46.943 -0400
"66597","773","36314","5865","2210",2232.00,"167",2024-11-30 20:00:00.000 -0400,2024-12-31 19:59:00.000 -0400,"5",2024-12-02 05:57:46.000 -0400,2024-12-28 12:01:59.637 -0400
"73217","792","36314","5865","2210",2232.00,"167",2024-12-31 20:00:00.000 -0400,2025-01-31 19:59:00.000 -0400,"5",2024-12-28 09:01:59.000 -0400,2025-01-29 14:27:41.000 -0400
"79711","810","36314","5865","2210",2232.00,"167",2025-01-31 20:00:00.000 -0400,2025-02-28 19:59:00.000 -0400,"5",2025-01-29 14:27:41.000 -0400,2025-02-28 18:10:03.380 -0400
"87559","826","36314","5865","2210",2232.00,"167",2025-02-28 20:00:00.000 -0400,2025-03-31 19:59:00.000 -0400,"5",2025-02-28 15:10:03.000 -0400,2025-03-29 10:47:03.493 -0400
"97625","842","36314","5865","2210",2232.00,"167",2025-03-31 20:00:00.000 -0400,2025-04-30 19:59:00.000 -0400,"5",2025-03-29 07:47:03.000 -0400,2025-04-30 14:23:47.537 -0400
"105871","857","36314","5865","2210",2232.00,"167",2025-04-30 20:00:00.000 -0400,2025-05-31 19:59:00.000 -0400,"5",2025-04-30 11:23:47.000 -0400,2025-05-29 10:32:38.713 -0400
"114370","873","36314","5865","2210",2232.00,"167",2025-05-31 20:00:00.000 -0400,2025-06-30 19:59:00.000 -0400,"5",2025-05-29 07:32:38.000 -0400,2025-06-27 11:31:28.350 -0400
"582871","1065","36314","46101","2210",1992.00,"167",2026-05-31 20:00:00.000 -0400,2026-06-30 19:59:00.000 -0400,"5",2026-06-02 14:09:50.000 -0400,2026-06-29 11:53:01.837 -0400
"595030","1079","36314","46101","2210",1992.00,"167",2026-06-30 20:00:00.000 -0400,2026-07-31 19:59:00.000 -0400,"1",2026-06-29 08:53:01.000 -0400,2026-07-17 05:05:26.153 -0400
"179053","4","83836","20150","9358",3190.00,"167",2025-10-11 05:55:00.000 -0400,2025-11-11 05:55:00.000 -0400,"5",2025-11-06 08:24:28.000 -0400,2025-11-10 07:34:18.000 -0400
"180353","5","83836","20150","9358",3190.00,"167",2025-11-11 05:55:00.000 -0400,2025-12-11 05:55:00.000 -0400,"5",2025-11-10 07:34:18.000 -0400,2025-12-10 08:55:26.693 -0400
"193200","6","83836","20150","9358",3190.00,"167",2025-12-11 05:55:00.000 -0400,2026-01-11 05:55:00.000 -0400,"5",2025-12-10 05:55:26.000 -0400,2026-01-13 11:35:46.000 -0400
"222387","7","83836","20150","9358",3190.00,"167",2026-01-11 05:55:00.000 -0400,2026-02-11 05:55:00.000 -0400,"5",2026-01-13 11:35:46.000 -0400,2026-02-10 08:42:48.417 -0400
"259812","8","83836","20150","9358",3190.00,"167",2026-02-11 05:55:00.000 -0400,2026-03-11 05:55:00.000 -0400,"5",2026-02-10 05:42:48.000 -0400,2026-03-10 09:45:34.900 -0400
"281008","9","83836","20150","9358",3190.00,"167",2026-03-11 05:55:00.000 -0400,2026-04-11 05:55:00.000 -0400,"5",2026-03-10 06:45:34.000 -0400,2026-04-11 08:00:00.793 -0400
"512344","10","83836","20150","9358",3190.00,"167",2026-04-11 05:55:00.000 -0400,2026-05-11 05:55:00.000 -0400,"5",2026-04-11 05:00:00.000 -0400,2026-05-11 05:00:01.000 -0400
"554951","11","83836","20150","9358",3190.00,"167",2026-05-11 05:55:00.000 -0400,2026-06-11 05:55:00.000 -0400,"5",2026-05-11 05:00:00.000 -0400,2026-06-11 05:00:02.000 -0400
"586751","12","83836","20150","9358",3190.00,"167",2026-06-11 05:55:00.000 -0400,2026-07-11 05:55:00.000 -0400,"5",2026-06-11 05:00:02.000 -0400,2026-07-13 13:59:57.000 -0400
"154010","1","83915","12574","9394",3990.00,"167",2025-09-12 12:00:00.000 -0400,2025-10-12 12:00:00.000 -0400,"5",2025-09-12 10:38:06.000 -0400,2025-10-15 11:27:58.430 -0400
"168060","2","83915","12574","9394",4090.00,"167",2025-10-12 12:00:00.000 -0400,2025-11-12 12:00:00.000 -0400,"5",2025-10-15 08:27:58.000 -0400,2025-11-12 11:00:01.000 -0400
"349011","1034","36314","27701","2210",2152.00,"167",2026-03-31 20:00:00.000 -0400,2026-04-30 19:59:00.000 -0400,"5",2026-04-01 06:07:11.000 -0400,2026-04-30 08:01:43.873 -0400
"531916","1043","36314","27701","2210",2152.00,"167",2026-04-30 20:00:00.000 -0400,2026-05-31 19:59:00.000 -0400,"5",2026-04-30 05:01:43.000 -0400,2026-05-30 08:01:37.323 -0400
"579171","1058","36314","27701","2210",2152.00,"167",2026-05-31 20:00:00.000 -0400,2026-06-30 19:59:00.000 -0400,"5",2026-05-30 05:01:37.000 -0400,2026-06-29 11:52:53.820 -0400
"595023","1072","36314","27701","2210",2152.00,"167",2026-06-30 20:00:00.000 -0400,2026-07-31 19:59:00.000 -0400,"1",2026-06-29 08:52:53.000 -0400,2026-07-17 05:03:58.147 -0400
"339068","1032","36314","27462","2210",1992.00,"167",2026-03-31 20:00:00.000 -0400,2026-04-30 19:59:00.000 -0400,"5",2026-03-30 14:17:51.000 -0400,2026-04-30 08:01:45.510 -0400
"531921","1048","36314","27462","2210",1992.00,"167",2026-04-30 20:00:00.000 -0400,2026-05-31 19:59:00.000 -0400,"5",2026-04-30 05:01:45.000 -0400,2026-05-30 08:01:38.740 -0400
"579175","1062","36314","27462","2210",1992.00,"167",2026-05-31 20:00:00.000 -0400,2026-06-30 19:59:00.000 -0400,"5",2026-05-30 05:01:38.000 -0400,2026-06-29 08:52:58.000 -0400
"595027","1076","36314","27462","2210",1992.00,"167",2026-06-30 20:00:00.000 -0400,2026-07-31 19:59:00.000 -0400,"1",2026-06-29 08:52:58.000 -0400,2026-06-29 08:52:58.000 -0400
"56762","598","36314","5883","2210",1200.00,"167",2024-02-29 20:00:00.000 -0400,2024-03-31 19:59:00.000 -0400,"5",2024-10-05 23:23:25.400 -0400,
"56808","614","36314","5883","2210",1200.00,"167",2024-03-31 20:00:00.000 -0400,2024-04-30 19:59:00.000 -0400,"5",2024-10-05 23:24:00.760 -0400,
"56956","633","36314","5883","2210",1200.00,"167",2024-04-30 20:00:00.000 -0400,2024-05-31 19:59:00.000 -0400,"5",2024-10-05 23:25:54.430 -0400,
"57073","656","36314","5883","2210",1200.00,"167",2024-05-31 20:00:00.000 -0400,2024-06-30 19:59:00.000 -0400,"5",2024-10-05 23:27:25.430 -0400,
"57196","674","36314","5883","2210",1200.00,"167",2024-06-30 20:00:00.000 -0400,2024-07-31 19:59:00.000 -0400,"5",2024-10-05 23:28:58.823 -0400,
"57325","692","36314","5883","2210",1400.00,"167",2024-07-31 20:00:00.000 -0400,2024-08-31 19:59:00.000 -0400,"5",2024-10-05 23:30:38.807 -0400,
"57468","711","36314","5883","2210",1400.00,"167",2024-08-31 20:00:00.000 -0400,2024-09-30 19:59:00.000 -0400,"5",2024-10-05 23:32:29.117 -0400,
"57627","732","36314","5883","2210",2232.00,"167",2024-09-30 20:00:00.000 -0400,2024-10-31 19:59:00.000 -0400,"5",2024-10-05 23:34:27.730 -0400,2024-10-28 16:53:11.680 -0400
"174489","945","36314","5883","2210",2232.00,"167",2025-10-31 20:00:00.000 -0400,2025-11-30 19:59:00.000 -0400,"5",2025-10-28 08:18:15.000 -0400,2025-11-28 11:52:33.860 -0400
"186817","962","36314","5883","2210",2232.00,"167",2025-11-30 20:00:00.000 -0400,2025-12-31 19:59:00.000 -0400,"5",2025-11-28 08:52:33.000 -0400,2025-12-26 08:23:41.707 -0400
"215586","977","36314","5883","2210",2232.00,"167",2025-12-31 20:00:00.000 -0400,2026-01-31 19:59:00.000 -0400,"5",2025-12-26 05:23:41.000 -0400,2026-01-26 06:31:58.000 -0400
"238011","992","36314","5883","2210",2232.00,"167",2026-01-31 20:00:00.000 -0400,2026-02-28 19:59:00.000 -0400,"5",2026-01-26 06:31:58.000 -0400,2026-02-27 10:32:18.660 -0400
"267878","1007","36314","5883","2210",2232.00,"167",2026-02-28 20:00:00.000 -0400,2026-03-31 19:59:00.000 -0400,"5",2026-02-27 07:32:18.000 -0400,2026-03-30 08:00:17.967 -0400
"338522","1022","36314","5883","2210",2232.00,"167",2026-03-31 20:00:00.000 -0400,2026-04-30 19:59:00.000 -0400,"5",2026-03-30 05:00:17.000 -0400,2026-04-30 05:01:44.000 -0400
"531917","1044","36314","5883","2210",2232.00,"167",2026-04-30 20:00:00.000 -0400,2026-05-31 19:59:00.000 -0400,"5",2026-04-30 05:01:44.000 -0400,2026-05-30 08:01:37.680 -0400
"579172","1059","36314","5883","2210",2232.00,"167",2026-05-31 20:00:00.000 -0400,2026-06-30 19:59:00.000 -0400,"5",2026-05-30 05:01:37.000 -0400,2026-06-29 11:52:54.950 -0400
"595024","1073","36314","5883","2210",2232.00,"167",2026-06-30 20:00:00.000 -0400,2026-07-31 19:59:00.000 -0400,"1",2026-06-29 08:52:54.000 -0400,2026-07-17 05:00:25.170 -0400
"57012","185","36315","5930","2211",1400.00,"167",2024-05-10 06:37:00.000 -0400,2024-05-31 19:59:00.000 -0400,"5",2024-10-05 23:26:37.777 -0400,
"57083","190","36315","5930","2211",1400.00,"167",2024-05-31 20:00:00.000 -0400,2024-06-30 19:59:00.000 -0400,"5",2024-10-05 23:27:33.133 -0400,
"57206","196","36315","5930","2211",1400.00,"167",2024-06-30 20:00:00.000 -0400,2024-07-31 19:59:00.000 -0400,"5",2024-10-05 23:29:06.623 -0400,
"57335","202","36315","5930","2211",1400.00,"167",2024-07-31 20:00:00.000 -0400,2024-08-31 19:59:00.000 -0400,"5",2024-10-05 23:30:46.580 -0400,
"181493","3","83915","12574","9394",4090.00,"167",2025-11-12 12:00:00.000 -0400,2025-12-12 12:00:00.000 -0400,"5",2025-11-12 11:00:01.000 -0400,2025-12-15 09:26:17.860 -0400
"212095","4","83915","12574","9394",4090.00,"167",2025-12-12 12:00:00.000 -0400,2026-01-12 12:00:00.000 -0400,"5",2025-12-15 06:26:17.000 -0400,2026-01-15 10:42:07.000 -0400
"223277","5","83915","12574","9394",4090.00,"167",2026-01-12 12:00:00.000 -0400,2026-02-12 12:00:00.000 -0400,"5",2026-01-15 10:42:07.000 -0400,2026-02-16 11:23:13.477 -0400
"263199","6","83915","12574","9394",4090.00,"167",2026-02-12 12:00:00.000 -0400,2026-03-12 12:00:00.000 -0400,"5",2026-02-16 08:23:13.000 -0400,2026-03-19 11:23:01.283 -0400
"294012","7","83915","12574","9394",4090.00,"167",2026-03-12 12:00:00.000 -0400,2026-04-12 12:00:00.000 -0400,"5",2026-03-19 08:23:01.000 -0400,2026-04-12 08:00:05.350 -0400
"512779","8","83915","12574","9394",4090.00,"167",2026-04-12 12:00:00.000 -0400,2026-05-12 12:00:00.000 -0400,"5",2026-04-12 05:00:05.000 -0400,2026-05-12 08:00:16.280 -0400
"555936","9","83915","12574","9394",4090.00,"167",2026-05-12 12:00:00.000 -0400,2026-06-12 12:00:00.000 -0400,"5",2026-05-12 05:00:16.000 -0400,2026-06-12 11:37:15.820 -0400
"587578","10","83915","12574","9394",4090.00,"167",2026-06-12 12:00:00.000 -0400,2026-07-12 12:00:00.000 -0400,"5",2026-06-12 08:37:15.000 -0400,2026-07-11 09:23:16.720 -0400
"604278","11","83915","12574","9394",4090.00,"167",2026-07-12 12:00:00.000 -0400,2026-08-12 12:00:00.000 -0400,"1",2026-07-11 06:23:16.000 -0400,2026-07-17 05:05:47.570 -0400
"148980","922","36314","6144","2210",2232.00,"167",2025-08-31 20:00:00.000 -0400,2025-09-30 19:59:00.000 -0400,"5",2025-08-27 14:25:34.000 -0400,2025-09-29 09:16:53.710 -0400
"160417","937","36314","6144","2210",2232.00,"167",2025-09-30 20:00:00.000 -0400,2025-10-31 19:59:00.000 -0400,"5",2025-09-29 06:16:53.000 -0400,2025-10-28 08:18:18.000 -0400
"174497","952","36314","6144","2210",2232.00,"167",2025-10-31 20:00:00.000 -0400,2025-11-30 19:59:00.000 -0400,"5",2025-10-28 08:18:18.000 -0400,2025-11-28 11:52:35.927 -0400
"186824","969","36314","6144","2210",2232.00,"167",2025-11-30 20:00:00.000 -0400,2025-12-31 19:59:00.000 -0400,"5",2025-11-28 08:52:35.000 -0400,2025-12-26 05:23:44.000 -0400
"215593","984","36314","6144","2210",2232.00,"167",2025-12-31 20:00:00.000 -0400,2026-01-31 19:59:00.000 -0400,"5",2025-12-26 05:23:44.000 -0400,2026-01-26 09:32:00.400 -0400
"238018","999","36314","6144","2210",2232.00,"167",2026-01-31 20:00:00.000 -0400,2026-02-28 19:59:00.000 -0400,"5",2026-01-26 06:32:00.000 -0400,2026-02-27 10:32:21.650 -0400
"267885","1014","36314","6144","2210",2232.00,"167",2026-02-28 20:00:00.000 -0400,2026-03-31 19:59:00.000 -0400,"5",2026-02-27 07:32:21.000 -0400,2026-03-30 08:00:21.497 -0400
"338528","1028","36314","6144","2210",2232.00,"167",2026-03-31 20:00:00.000 -0400,2026-04-30 19:59:00.000 -0400,"5",2026-03-30 05:00:21.000 -0400,2026-04-30 05:01:45.000 -0400
"531920","1047","36314","6144","2210",2232.00,"167",2026-04-30 20:00:00.000 -0400,2026-05-31 19:59:00.000 -0400,"5",2026-04-30 05:01:45.000 -0400,2026-05-30 08:01:38.400 -0400
"579174","1061","36314","6144","2210",2232.00,"167",2026-05-31 20:00:00.000 -0400,2026-06-30 19:59:00.000 -0400,"5",2026-05-30 05:01:38.000 -0400,2026-06-29 08:52:57.000 -0400
"595026","1075","36314","6144","2210",2232.00,"167",2026-06-30 20:00:00.000 -0400,2026-07-31 19:59:00.000 -0400,"1",2026-06-29 08:52:56.000 -0400,2026-07-14 05:01:17.483 -0400
"60579","751","36314","5883","2210",2232.00,"167",2024-10-31 20:00:00.000 -0400,2024-11-30 19:59:00.000 -0400,"5",2024-10-28 13:53:11.000 -0400,2024-12-02 08:57:46.433 -0400
"66593","769","36314","5883","2210",2232.00,"167",2024-11-30 20:00:00.000 -0400,2024-12-31 19:59:00.000 -0400,"5",2024-12-02 05:57:46.000 -0400,2024-12-28 12:01:59.287 -0400
"73214","789","36314","5883","2210",2232.00,"167",2024-12-31 20:00:00.000 -0400,2025-01-31 19:59:00.000 -0400,"5",2024-12-28 09:01:59.000 -0400,2025-01-29 17:27:40.660 -0400
"79708","807","36314","5883","2210",2232.00,"167",2025-01-31 20:00:00.000 -0400,2025-02-28 19:59:00.000 -0400,"5",2025-01-29 14:27:40.000 -0400,2025-02-28 18:10:02.910 -0400
"87556","823","36314","5883","2210",2232.00,"167",2025-02-28 20:00:00.000 -0400,2025-03-31 19:59:00.000 -0400,"5",2025-02-28 15:10:02.000 -0400,2025-03-29 10:47:02.810 -0400
"97622","839","36314","5883","2210",2232.00,"167",2025-03-31 20:00:00.000 -0400,2025-04-30 19:59:00.000 -0400,"5",2025-03-29 07:47:02.000 -0400,2025-04-30 14:23:46.810 -0400
"105868","854","36314","5883","2210",2232.00,"167",2025-04-30 20:00:00.000 -0400,2025-05-31 19:59:00.000 -0400,"5",2025-04-30 11:23:46.000 -0400,2025-05-29 07:32:38.000 -0400
"114367","870","36314","5883","2210",2232.00,"167",2025-05-31 20:00:00.000 -0400,2025-06-30 19:59:00.000 -0400,"5",2025-05-29 07:32:38.000 -0400,2025-06-27 11:31:27.450 -0400
"122101","885","36314","5883","2210",2232.00,"167",2025-06-30 20:00:00.000 -0400,2025-07-31 19:59:00.000 -0400,"5",2025-06-27 08:31:27.000 -0400,2025-07-28 11:20:14.233 -0400
"133153","900","36314","5883","2210",2232.00,"167",2025-07-31 20:00:00.000 -0400,2025-08-31 19:59:00.000 -0400,"5",2025-07-28 08:20:14.000 -0400,2025-08-27 17:25:32.477 -0400
"148973","915","36314","5883","2210",2232.00,"167",2025-08-31 20:00:00.000 -0400,2025-09-30 19:59:00.000 -0400,"5",2025-08-27 14:25:32.000 -0400,2025-09-29 09:16:51.277 -0400
"160410","930","36314","5883","2210",2232.00,"167",2025-09-30 20:00:00.000 -0400,2025-10-31 19:59:00.000 -0400,"5",2025-09-29 06:16:51.000 -0400,2025-10-28 11:18:15.720 -0400
