"placa","fornecedor","hodometro_km","placa_fonte","latitude","longitude","ignicao","event_date","update_date","chassi","codigo_fonte","dados_fonte","sincronizado_em","updated_at"
TRX4D70,RastroSiga,27527.0,TRX-4D70,-3.070803333333333,-60.00507111111111,false,2026-07-15 16:44:09.000 -0400,2026-07-15 16:44:10.952 -0400,"9BWBH6BF5S4090222","2492","{""Plate"": ""TRX-4D70"", ""Driver"": null, ""Address"": ""Rua Alexandre Magno, Parque Dez de Novembro, Manaus, AM, Brasil, 69000-000"", ""IdEvent"": 2, ""Ignition"": false, ""Latitude"": -3.070803333333333, ""ValidGPS"": true, ""Available"": null, ""EventDate"": ""2026-07-15T20:44:09Z"", ""Longitude"": -60.00507111111111, ""IdPosition"": 278578675, ""UpdateDate"": ""2026-07-15T20:44:10.952Z"", ""ListTrailer"": null, ""TrackedUnit"": ""TRX-4D70"", ""TrackerSlot"": 1, ""IdTrackedUnit"": 2492, ""ListTelemetry"": {""2"": 13.0, ""6"": 261.0, ""8"": 100.0, ""15"": 27527.0, ""17"": 0.0}, ""DocumentNumber"": null, ""ListInputSensor"": {""17"": false}, ""IdTrackedUnitType"": 1, ""ListOutputActuator"": {}, ""DriverIdentification"": null, ""IdMainBatteryMeasureUnit"": 1, ""DistanceFromGeographicArea"": null, ""IdBackupBatteryMeasureUnit"": 2, ""TrackedUnitIntegrationCode"": null, ""PersonIntegrationCodeCenter"": """", ""PersonIntegrationCodeClient"": null}",2026-07-10 16:53:42.952 -0400,2026-07-15 23:23:16.507 -0400
QZY2J60,RastroSiga,18282.0,QZY-2J60,-3.070806666666667,-60.00512444444444,false,2026-07-14 09:05:28.000 -0400,2026-07-14 09:05:29.411 -0400,"9BWCH6CH6RP083096","2452","{""Plate"": ""QZY-2J60"", ""Driver"": null, ""Address"": ""Rua Alexandre Magno, Parque Dez de Novembro, Manaus, AM, Brasil, 69000-000"", ""IdEvent"": 2, ""Ignition"": false, ""Latitude"": -3.070806666666667, ""ValidGPS"": true, ""Available"": null, ""EventDate"": ""2026-07-14T13:05:28Z"", ""Longitude"": -60.00512444444444, ""IdPosition"": 277567561, ""UpdateDate"": ""2026-07-14T13:05:29.411Z"", ""ListTrailer"": null, ""TrackedUnit"": ""QZY-2J60"", ""TrackerSlot"": 1, ""IdTrackedUnit"": 2452, ""ListTelemetry"": {""2"": 13.0, ""6"": 0.0, ""8"": 100.0, ""15"": 18282.0, ""17"": 0.0}, ""DocumentNumber"": null, ""ListInputSensor"": {""17"": false}, ""IdTrackedUnitType"": 1, ""ListOutputActuator"": {""33"": false}, ""DriverIdentification"": null, ""IdMainBatteryMeasureUnit"": 1, ""DistanceFromGeographicArea"": null, ""IdBackupBatteryMeasureUnit"": 2, ""TrackedUnitIntegrationCode"": null, ""PersonIntegrationCodeCenter"": """", ""PersonIntegrationCodeClient"": null}",2026-07-10 17:01:27.403 -0400,2026-07-14 09:07:39.740 -0400
NUK8E76,Sem Rastreador,,,,,,,,"9882261N5LKD27607",,"",2026-07-10 16:54:32.742 -0400,2026-07-16 23:23:11.552 -0400
PHK5C66,Sem Rastreador,,,,,,,,"8AJBU3FS9H0020300",,"",2026-07-10 16:58:26.831 -0400,2026-07-16 23:23:11.580 -0400
QZY3B20,Sem Rastreador,,,,,,,,"8AWBJ6B2XRA821176",,"",2026-07-15 11:13:12.141 -0400,2026-07-16 23:23:11.604 -0400
TAB5C99,RastroSiga,32915.0,TAB-5C99,-3.0718266666666665,-60.00636,false,2026-07-16 16:56:00.000 -0400,2026-07-16 16:56:02.130 -0400,"9BWKL45U0SP016847","2450","{""Plate"": ""TAB-5C99"", ""Driver"": null, ""Address"": ""Avenida Tancredo Neves, Parque Dez de Novembro, Manaus, AM, Brasil, 69000-000"", ""IdEvent"": 2, ""Ignition"": false, ""Latitude"": -3.0718266666666665, ""ValidGPS"": true, ""Available"": null, ""EventDate"": ""2026-07-16T20:56:00Z"", ""Longitude"": -60.00636, ""IdPosition"": 279255076, ""UpdateDate"": ""2026-07-16T20:56:02.13Z"", ""ListTrailer"": null, ""TrackedUnit"": ""TAB-5C99"", ""TrackerSlot"": 1, ""IdTrackedUnit"": 2450, ""ListTelemetry"": {""2"": 13.0, ""6"": 63.0, ""8"": 100.0, ""15"": 32915.0, ""17"": 0.0}, ""DocumentNumber"": null, ""ListInputSensor"": {""17"": false}, ""IdTrackedUnitType"": 1, ""ListOutputActuator"": {}, ""DriverIdentification"": null, ""IdMainBatteryMeasureUnit"": 1, ""DistanceFromGeographicArea"": null, ""IdBackupBatteryMeasureUnit"": 2, ""TrackedUnitIntegrationCode"": null, ""PersonIntegrationCodeCenter"": """", ""PersonIntegrationCodeClient"": null}",2026-07-10 17:05:28.942 -0400,2026-07-16 23:23:11.618 -0400
TAD1G33,Vai,36044.0,TAD1G33,,,,2026-07-16 22:59:20.202 -0400,,"9BWAG5R13ST046325","210903142","{""plate"": ""TAD1G33"", ""chassis"": ""9BWAG5R13ST046325"", ""codigoVai"": ""210903142"", ""ecuChassis"": ""9BWAG5R13ST046325"", ""lastReview"": ""2026-04-01"", ""reviewStatus"": 0, ""currentMileage"": 35702.136999999995, ""initialMileage"": 1803, ""lastConnection"": ""2026-07-17T02:59:20.202617+00:00"", ""dailyMileageAvg"": 80.00604229607251, ""mileageOnReview"": 31135.673000000013, ""odometerMileage"": 36044.0, ""reviewDateEstimated"": ""2026-09-22""}",2026-07-10 16:53:42.622 -0400,2026-07-16 23:23:11.625 -0400
TAF6B72,Vai,32460.0,TAF6B72,,,,2026-07-16 22:14:47.233 -0400,,"9BWJL45U3SP058327","210302445","{""plate"": ""TAF6B72"", ""chassis"": ""9BWJL45U3SP058327"", ""codigoVai"": ""210302445"", ""ecuChassis"": ""9BWJL45U3SP058327"", ""lastReview"": ""2026-06-16"", ""reviewStatus"": 0, ""currentMileage"": 32551.354, ""initialMileage"": 734, ""lastConnection"": ""2026-07-17T02:14:47.233009+00:00"", ""dailyMileageAvg"": 71.37931034482759, ""mileageOnReview"": 30629.56599999999, ""odometerMileage"": 32460.0, ""reviewDateEstimated"": ""2026-11-07""}",2026-07-10 16:53:42.676 -0400,2026-07-16 23:23:11.630 -0400
TRX4D50,Vai,9172.0,TRX4D50,,,,2026-07-16 22:59:15.407 -0400,,"9BWAH5BZ9TT609103","241101537","{""plate"": ""TRX4D50"", ""chassis"": ""9BWAH5BZ9TT609103"", ""codigoVai"": ""241101537"", ""ecuChassis"": ""9BWAH5BZ9TT609103"", ""lastReview"": ""2026-05-20"", ""reviewStatus"": 0, ""currentMileage"": 8924.500999999995, ""initialMileage"": 210, ""lastConnection"": ""2026-07-17T02:59:15.407343+00:00"", ""dailyMileageAvg"": 25.274021352313166, ""mileageOnReview"": 8592.951, ""odometerMileage"": 9172.0, ""reviewDateEstimated"": ""2027-05-20""}",2026-07-10 16:53:42.923 -0400,2026-07-16 23:23:11.648 -0400
QZY3C40,Vai,19719.0,QZY3C40,,,,2026-07-13 15:04:49.574 -0400,,"9BWAG5R19ST032915","210901781","{""plate"": ""QZY3C40"", ""chassis"": ""9BWAG5R19ST032915"", ""codigoVai"": ""210901781"", ""ecuChassis"": ""9BWAG5R19ST032915"", ""lastReview"": ""2025-10-19"", ""reviewStatus"": 3, ""currentMileage"": 19430.55, ""initialMileage"": 2128, ""lastConnection"": ""2026-07-13T19:04:49.574978+00:00"", ""dailyMileageAvg"": 51.54646840148699, ""mileageOnReview"": 9713.0, ""odometerMileage"": 19719.0, ""reviewDateEstimated"": ""2026-07-22""}",2026-07-10 16:53:42.560 -0400,2026-07-16 23:23:11.605 -0400
TAF6B82,Vai,33820.0,TAF6B82,,,,2026-07-16 22:44:28.000 -0400,,"9BWJL45U6SP057303","210901745","{""plate"": ""TAF6B82"", ""chassis"": ""9BWJL45U6SP057303"", ""codigoVai"": ""210901745"", ""ecuChassis"": ""9BWJL45U6SP057303"", ""lastReview"": ""2026-06-14"", ""reviewStatus"": 0, ""currentMileage"": 31905.261000000013, ""initialMileage"": 7481, ""lastConnection"": ""2026-07-17T02:44:28.000236+00:00"", ""dailyMileageAvg"": 65.82442748091603, ""mileageOnReview"": 29299.956000000017, ""odometerMileage"": 33820.0, ""reviewDateEstimated"": ""2026-11-06""}",2026-07-10 16:53:42.801 -0400,2026-07-16 23:23:11.631 -0400
TAF7D74,Vai,28562.0,TAF7D74,,,,2026-07-16 22:53:06.447 -0400,,"9BWAG5R12RT053499","210300656","{""plate"": ""TAF7D74"", ""chassis"": ""9BWAG5R12RT053499"", ""codigoVai"": ""210300656"", ""ecuChassis"": ""9BWAG5R12RT053499"", ""lastReview"": ""2026-03-11"", ""reviewStatus"": 3, ""currentMileage"": 28589.806000000004, ""initialMileage"": 1951, ""lastConnection"": ""2026-07-17T02:53:06.447341+00:00"", ""dailyMileageAvg"": 50.92743764172336, ""mileageOnReview"": 18660.728000000003, ""odometerMileage"": 28562.0, ""reviewDateEstimated"": ""2026-07-18""}",2026-07-10 16:53:42.511 -0400,2026-07-16 23:23:11.632 -0400
TAF9D92,Vai,13722.0,TAF9D92,,,,2026-07-16 22:08:12.718 -0400,,"9BWAH5BZ0ST654655","240300100","{""plate"": ""TAF9D92"", ""chassis"": ""9BWAH5BZ0ST654655"", ""codigoVai"": ""240300100"", ""ecuChassis"": ""9BWAH5BZ0ST654655"", ""lastReview"": ""2026-03-08"", ""reviewStatus"": 0, ""currentMileage"": 13239.733999999997, ""initialMileage"": 6, ""lastConnection"": ""2026-07-17T02:08:12.718317+00:00"", ""dailyMileageAvg"": 32.76086956521739, ""mileageOnReview"": 10143.938, ""odometerMileage"": 13722.0, ""reviewDateEstimated"": ""2027-02-12""}",2026-07-10 16:53:42.685 -0400,2026-07-16 23:23:11.633 -0400
TAG2F40,Vai,30010.0,TAG2F40,,,,2026-07-16 22:55:09.002 -0400,,"9BWJL45U1SP029277","250101671","{""plate"": ""TAG2F40"", ""chassis"": ""9BWJL45U1SP029277"", ""codigoVai"": ""250101671"", ""ecuChassis"": ""9BWJL45U1SP029277"", ""lastReview"": ""2026-04-21"", ""reviewStatus"": 0, ""currentMileage"": 31392.867, ""initialMileage"": 7294, ""lastConnection"": ""2026-07-17T02:55:09.002884+00:00"", ""dailyMileageAvg"": 102.06122448979592, ""mileageOnReview"": 29997.0, ""odometerMileage"": 30010.0, ""reviewDateEstimated"": ""2026-10-09""}",2026-07-10 16:53:42.991 -0400,2026-07-16 23:23:11.633 -0400
TRY6C33,RastroSiga,30200.0,TRY-6C33,-3.0707549999999997,-60.00508444444445,false,2026-07-16 22:48:05.000 -0400,2026-07-16 22:48:08.253 -0400,"9BWCH6CH2SP017750","2443","{""Plate"": ""TRY-6C33"", ""Driver"": null, ""Address"": ""Rua Alexandre Magno, Parque Dez de Novembro, Manaus, AM, Brasil, 69000-000"", ""IdEvent"": 2, ""Ignition"": false, ""Latitude"": -3.0707549999999997, ""ValidGPS"": true, ""Available"": null, ""EventDate"": ""2026-07-17T02:48:05Z"", ""Longitude"": -60.00508444444445, ""IdPosition"": 279414784, ""UpdateDate"": ""2026-07-17T02:48:08.253Z"", ""ListTrailer"": null, ""TrackedUnit"": ""TRY-6C33"", ""TrackerSlot"": 1, ""IdTrackedUnit"": 2443, ""ListTelemetry"": {""2"": 15.0, ""6"": 0.0, ""7"": 12.3, ""8"": 80.0, ""15"": 30200.0, ""17"": 0.0}, ""DocumentNumber"": null, ""ListInputSensor"": {""17"": false}, ""IdTrackedUnitType"": 1, ""ListOutputActuator"": {""33"": false}, ""DriverIdentification"": null, ""IdMainBatteryMeasureUnit"": 1, ""DistanceFromGeographicArea"": null, ""IdBackupBatteryMeasureUnit"": 2, ""TrackedUnitIntegrationCode"": null, ""PersonIntegrationCodeCenter"": """", ""PersonIntegrationCodeClient"": null}",2026-07-10 17:13:32.417 -0400,2026-07-16 23:23:11.666 -0400
TRY9I85,Vai,24632.0,TRY9I85,,,,2026-07-12 04:28:23.765 -0400,,"9BWAG5R16ST084101","210902596","{""plate"": ""TRY9I85"", ""chassis"": ""9BWAG5R16ST084101"", ""codigoVai"": ""210902596"", ""ecuChassis"": ""9BWAG5R16ST084101"", ""lastReview"": ""2026-03-30"", ""reviewStatus"": 0, ""currentMileage"": 25756.535999999996, ""initialMileage"": 23572, ""lastConnection"": ""2026-07-12T08:28:23.765778+00:00"", ""dailyMileageAvg"": 114.21030042918456, ""mileageOnReview"": 30761.969000000012, ""odometerMileage"": 24632.0, ""reviewDateEstimated"": ""2026-11-25""}",2026-07-10 16:53:42.886 -0400,2026-07-16 23:23:11.675 -0400
TAA0B41,RastroSiga,19206.0,TAA-0B41,-3.0708699999999998,-60.00516888888889,false,2026-07-16 22:47:39.000 -0400,2026-07-16 22:47:41.813 -0400,"9BWAG5R11ST060174","2411","{""Plate"": ""TAA-0B41"", ""Driver"": null, ""Address"": ""Avenida Tancredo Neves, Parque Dez de Novembro, Manaus, AM, Brasil, 69000-000"", ""IdEvent"": 2, ""Ignition"": false, ""Latitude"": -3.0708699999999998, ""ValidGPS"": true, ""Available"": null, ""EventDate"": ""2026-07-17T02:47:39Z"", ""Longitude"": -60.00516888888889, ""IdPosition"": 279414635, ""UpdateDate"": ""2026-07-17T02:47:41.813Z"", ""ListTrailer"": null, ""TrackedUnit"": ""TAA-0B41"", ""TrackerSlot"": 1, ""IdTrackedUnit"": 2411, ""ListTelemetry"": {""2"": 15.0, ""6"": 0.0, ""7"": 12.7, ""8"": 80.0, ""15"": 19206.0, ""17"": 0.0}, ""DocumentNumber"": null, ""ListInputSensor"": {""17"": false}, ""IdTrackedUnitType"": 1, ""ListOutputActuator"": {""33"": false}, ""DriverIdentification"": null, ""IdMainBatteryMeasureUnit"": 1, ""DistanceFromGeographicArea"": null, ""IdBackupBatteryMeasureUnit"": 2, ""TrackedUnitIntegrationCode"": null, ""PersonIntegrationCodeCenter"": """", ""PersonIntegrationCodeClient"": null}",2026-07-10 17:02:27.522 -0400,2026-07-16 23:23:11.607 -0400
TRZ3J30,RastroSiga,562.0,TRZ-3J30,-3.0686000000000004,-60.01227111111111,false,2026-07-16 22:49:02.000 -0400,2026-07-16 22:49:04.758 -0400,"9BWBH6DF7TT398349","2404","{""Plate"": ""TRZ-3J30"", ""Driver"": null, ""Address"": ""Flores, Manaus, AM, Brasil, 69000-000"", ""IdEvent"": 2, ""Ignition"": false, ""Latitude"": -3.0686000000000004, ""ValidGPS"": true, ""Available"": null, ""EventDate"": ""2026-07-17T02:49:02Z"", ""Longitude"": -60.01227111111111, ""IdPosition"": 279415085, ""UpdateDate"": ""2026-07-17T02:49:04.758Z"", ""ListTrailer"": null, ""TrackedUnit"": ""TRZ-3J30"", ""TrackerSlot"": 1, ""IdTrackedUnit"": 2404, ""ListTelemetry"": {""2"": 14.0, ""6"": 0.0, ""7"": 12.6, ""8"": 80.0, ""15"": 562.0, ""17"": 0.0}, ""DocumentNumber"": null, ""ListInputSensor"": {""17"": false}, ""IdTrackedUnitType"": 1, ""ListOutputActuator"": {""33"": false}, ""DriverIdentification"": null, ""IdMainBatteryMeasureUnit"": 1, ""DistanceFromGeographicArea"": null, ""IdBackupBatteryMeasureUnit"": 2, ""TrackedUnitIntegrationCode"": null, ""PersonIntegrationCodeCenter"": """", ""PersonIntegrationCodeClient"": null}",2026-07-10 17:19:35.058 -0400,2026-07-16 23:23:11.680 -0400
TSA3H84,RastroSiga,24502.0,TSA-3H84,-3.070815,-60.00510222222223,false,2026-07-16 22:46:52.000 -0400,2026-07-16 22:46:55.647 -0400,"9BWAG5R13ST083794","2428","{""Plate"": ""TSA-3H84"", ""Driver"": null, ""Address"": ""Rua Alexandre Magno, Parque Dez de Novembro, Manaus, AM, Brasil, 69000-000"", ""IdEvent"": 2, ""Ignition"": false, ""Latitude"": -3.070815, ""ValidGPS"": true, ""Available"": null, ""EventDate"": ""2026-07-17T02:46:52Z"", ""Longitude"": -60.00510222222223, ""IdPosition"": 279414341, ""UpdateDate"": ""2026-07-17T02:46:55.647Z"", ""ListTrailer"": null, ""TrackedUnit"": ""TSA-3H84"", ""TrackerSlot"": 1, ""IdTrackedUnit"": 2428, ""ListTelemetry"": {""2"": 15.0, ""6"": 0.0, ""7"": 12.6, ""8"": 80.0, ""15"": 24502.0, ""17"": 0.0}, ""DocumentNumber"": null, ""ListInputSensor"": {""17"": false}, ""IdTrackedUnitType"": 1, ""ListOutputActuator"": {""33"": false}, ""DriverIdentification"": null, ""IdMainBatteryMeasureUnit"": 1, ""DistanceFromGeographicArea"": null, ""IdBackupBatteryMeasureUnit"": 2, ""TrackedUnitIntegrationCode"": null, ""PersonIntegrationCodeCenter"": """", ""PersonIntegrationCodeClient"": null}",2026-07-10 17:23:35.963 -0400,2026-07-16 23:23:11.690 -0400
TSI7B80,RastroSiga,3622.0,TSI7B80,-3.056721666666667,-60.03868444444445,false,2026-07-16 23:20:52.000 -0400,2026-07-16 23:20:54.793 -0400,"9BWBH6DF9TT397722","2403","{""Plate"": ""TSI7B80"", ""Driver"": null, ""Address"": ""Rua Mirasselva, Redenção, Manaus, AM, Brasil, 69000-000"", ""IdEvent"": 2, ""Ignition"": false, ""Latitude"": -3.056721666666667, ""ValidGPS"": true, ""Available"": null, ""EventDate"": ""2026-07-17T03:20:52Z"", ""Longitude"": -60.03868444444445, ""IdPosition"": 279424646, ""UpdateDate"": ""2026-07-17T03:20:54.793Z"", ""ListTrailer"": null, ""TrackedUnit"": ""Tera Comfort 1.0 170 Tsi"", ""TrackerSlot"": 1, ""IdTrackedUnit"": 2403, ""ListTelemetry"": {""2"": 15.0, ""6"": 294.0, ""7"": 12.8, ""8"": 80.0, ""15"": 3622.0, ""17"": 0.0}, ""DocumentNumber"": null, ""ListInputSensor"": {""17"": false}, ""IdTrackedUnitType"": 1, ""ListOutputActuator"": {""33"": false}, ""DriverIdentification"": null, ""IdMainBatteryMeasureUnit"": 1, ""DistanceFromGeographicArea"": null, ""IdBackupBatteryMeasureUnit"": 2, ""TrackedUnitIntegrationCode"": null, ""PersonIntegrationCodeCenter"": """", ""PersonIntegrationCodeClient"": null}",2026-07-10 17:32:41.086 -0400,2026-07-16 23:23:11.730 -0400
TSM0C40,RastroSiga,3742.0,TSM-0C40,-3.0312449999999997,-59.94772,false,2026-07-16 18:21:56.000 -0400,2026-07-16 18:21:57.586 -0400,"9BWBG6DF3TT409494","2444","{""Plate"": ""TSM-0C40"", ""Driver"": null, ""Address"": ""Rua Tacila Mendes, Cidade de Deus, Manaus, AM, Brasil, 69000-000"", ""IdEvent"": 2, ""Ignition"": false, ""Latitude"": -3.0312449999999997, ""ValidGPS"": true, ""Available"": null, ""EventDate"": ""2026-07-16T22:21:56Z"", ""Longitude"": -59.94772, ""IdPosition"": 279304922, ""UpdateDate"": ""2026-07-16T22:21:57.586Z"", ""ListTrailer"": null, ""TrackedUnit"": ""TSM-0C40"", ""TrackerSlot"": 1, ""IdTrackedUnit"": 2444, ""ListTelemetry"": {""2"": 10.0, ""6"": 183.0, ""8"": 100.0, ""15"": 3742.0, ""17"": 0.0}, ""DocumentNumber"": null, ""ListInputSensor"": {""17"": false}, ""IdTrackedUnitType"": 1, ""ListOutputActuator"": {""33"": false}, ""DriverIdentification"": null, ""IdMainBatteryMeasureUnit"": 1, ""DistanceFromGeographicArea"": null, ""IdBackupBatteryMeasureUnit"": 2, ""TrackedUnitIntegrationCode"": null, ""PersonIntegrationCodeCenter"": """", ""PersonIntegrationCodeClient"": null}",2026-07-10 17:35:43.582 -0400,2026-07-16 23:23:11.736 -0400
TSM6I80,RastroSiga,8516.0,TSM-6I80,-3.1151283333333333,-59.969302222222225,true,2026-07-16 23:22:46.000 -0400,2026-07-16 23:22:47.072 -0400,"9BWAG5R19TP038403","2471","{""Plate"": ""TSM-6I80"", ""Driver"": null, ""Address"": ""Avenida Buriti, Distrito Industrial I, Manaus, AM, Brasil, 69000-000"", ""IdEvent"": 2, ""Ignition"": true, ""Latitude"": -3.1151283333333333, ""ValidGPS"": true, ""Available"": null, ""EventDate"": ""2026-07-17T03:22:46Z"", ""Longitude"": -59.969302222222225, ""IdPosition"": 279425153, ""UpdateDate"": ""2026-07-17T03:22:47.072Z"", ""ListTrailer"": null, ""TrackedUnit"": ""TSM-6I80"", ""TrackerSlot"": 1, ""IdTrackedUnit"": 2471, ""ListTelemetry"": {""2"": 14.0, ""6"": 149.0, ""8"": 100.0, ""15"": 8516.0, ""17"": 22.0}, ""DocumentNumber"": null, ""ListInputSensor"": {""17"": true}, ""IdTrackedUnitType"": 1, ""ListOutputActuator"": {}, ""DriverIdentification"": null, ""IdMainBatteryMeasureUnit"": 1, ""DistanceFromGeographicArea"": null, ""IdBackupBatteryMeasureUnit"": 2, ""TrackedUnitIntegrationCode"": null, ""PersonIntegrationCodeCenter"": """", ""PersonIntegrationCodeClient"": null}",2026-07-10 16:53:43.102 -0400,2026-07-16 23:23:11.773 -0400
TAG4F03,Vai,28214.0,TAG4F03,,,,2026-07-16 22:03:17.621 -0400,,"9BD281BKHSYG32724","240300030","{""plate"": ""TAG4F03"", ""chassis"": ""9BD281BKHSYG32724"", ""codigoVai"": ""240300030"", ""ecuChassis"": ""9BD281BKHSYG32724"", ""lastReview"": ""2026-04-09"", ""reviewStatus"": 1, ""currentMileage"": 27968.487999999998, ""initialMileage"": 988, ""lastConnection"": ""2026-07-17T02:03:17.621023+00:00"", ""dailyMileageAvg"": 110.34517766497461, ""mileageOnReview"": 19274.513000000035, ""odometerMileage"": 28214.0, ""reviewDateEstimated"": ""2026-07-28""}",2026-07-10 16:53:42.645 -0400,2026-07-16 23:23:11.635 -0400
TAG4F23,Vai,15423.0,TAG4F23,,,,2026-07-16 22:19:55.249 -0400,,"9BD281BKHSYG32732","240300140","{""plate"": ""TAG4F23"", ""chassis"": ""9BD281BKHSYG32732"", ""codigoVai"": ""240300140"", ""ecuChassis"": ""9BD281BKHSYG32732"", ""lastReview"": ""2026-01-18"", ""reviewStatus"": 1, ""currentMileage"": 15309.022, ""initialMileage"": 1107, ""lastConnection"": ""2026-07-17T02:19:55.249394+00:00"", ""dailyMileageAvg"": 79.92105263157895, ""mileageOnReview"": 7422.287999999999, ""odometerMileage"": 15423.0, ""reviewDateEstimated"": ""2026-08-12""}",2026-07-10 16:53:42.662 -0400,2026-07-16 23:23:11.637 -0400
TAG7I13,RastroSiga,9805.0,TAG-7I13,-3.0645883333333335,-59.97953777777778,false,2026-07-16 22:49:19.000 -0400,2026-07-16 22:49:22.687 -0400,"9BWCH6CH4RP090659","2429","{""Plate"": ""TAG-7I13"", ""Driver"": null, ""Address"": ""Novo Aleixo, Manaus, AM, Brasil, 69000-000"", ""IdEvent"": 2, ""Ignition"": false, ""Latitude"": -3.0645883333333335, ""ValidGPS"": true, ""Available"": null, ""EventDate"": ""2026-07-17T02:49:19Z"", ""Longitude"": -59.97953777777778, ""IdPosition"": 279415188, ""UpdateDate"": ""2026-07-17T02:49:22.687Z"", ""ListTrailer"": null, ""TrackedUnit"": ""TAG-7I13"", ""TrackerSlot"": 1, ""IdTrackedUnit"": 2429, ""ListTelemetry"": {""2"": 15.0, ""6"": 0.0, ""7"": 12.6, ""8"": 80.0, ""15"": 9805.0, ""17"": 0.0}, ""DocumentNumber"": null, ""ListInputSensor"": {""17"": false}, ""IdTrackedUnitType"": 1, ""ListOutputActuator"": {""33"": false}, ""DriverIdentification"": null, ""IdMainBatteryMeasureUnit"": 1, ""DistanceFromGeographicArea"": null, ""IdBackupBatteryMeasureUnit"": 2, ""TrackedUnitIntegrationCode"": null, ""PersonIntegrationCodeCenter"": """", ""PersonIntegrationCodeClient"": null}",2026-07-10 17:12:32.191 -0400,2026-07-16 23:23:11.638 -0400
UUC9B30,RastroSiga,701100.0,UUC-9B30,-3.017795,-60.022684444444444,false,2026-07-16 22:40:39.000 -0400,2026-07-16 22:40:41.692 -0400,"9BWJL45U4TP082122","2433","{""Plate"": ""UUC-9B30"", ""Driver"": null, ""Address"": ""Colonia Terra Nova, Manaus, AM, Brasil, 69000-000"", ""IdEvent"": 2, ""Ignition"": false, ""Latitude"": -3.017795, ""ValidGPS"": true, ""Available"": null, ""EventDate"": ""2026-07-17T02:40:39Z"", ""Longitude"": -60.022684444444444, ""IdPosition"": 279412341, ""UpdateDate"": ""2026-07-17T02:40:41.692Z"", ""ListTrailer"": null, ""TrackedUnit"": ""UUC-9B30"", ""TrackerSlot"": 1, ""IdTrackedUnit"": 2433, ""ListTelemetry"": {""2"": 15.0, ""6"": 126.0, ""7"": 13.2, ""8"": 80.0, ""15"": 701100.0, ""17"": 0.0}, ""DocumentNumber"": null, ""ListInputSensor"": {""17"": false}, ""IdTrackedUnitType"": 1, ""ListOutputActuator"": {""33"": false}, ""DriverIdentification"": null, ""IdMainBatteryMeasureUnit"": 1, ""DistanceFromGeographicArea"": null, ""IdBackupBatteryMeasureUnit"": 2, ""TrackedUnitIntegrationCode"": null, ""PersonIntegrationCodeCenter"": """", ""PersonIntegrationCodeClient"": null}",2026-07-10 17:47:46.276 -0400,2026-07-16 23:23:11.811 -0400
UUD4I30,RastroSiga,13.0,UUD-4I30,-3.070745,-60.00507555555556,false,2026-07-16 15:58:56.000 -0400,2026-07-16 15:58:57.472 -0400,"9BWDH6BZ6T4038764","2500","{""Plate"": ""UUD-4I30"", ""Driver"": null, ""Address"": ""Rua Alexandre Magno, Parque Dez de Novembro, Manaus, AM, Brasil, 69000-000"", ""IdEvent"": 2, ""Ignition"": false, ""Latitude"": -3.070745, ""ValidGPS"": true, ""Available"": null, ""EventDate"": ""2026-07-16T19:58:56Z"", ""Longitude"": -60.00507555555556, ""IdPosition"": 279216636, ""UpdateDate"": ""2026-07-16T19:58:57.472Z"", ""ListTrailer"": null, ""TrackedUnit"": ""UUD-4I30"", ""TrackerSlot"": 1, ""IdTrackedUnit"": 2500, ""ListTelemetry"": {""2"": 11.0, ""6"": 40.0, ""8"": 100.0, ""15"": 13.0, ""17"": 0.0}, ""DocumentNumber"": null, ""ListInputSensor"": {""17"": false}, ""IdTrackedUnitType"": 1, ""ListOutputActuator"": {}, ""DriverIdentification"": null, ""IdMainBatteryMeasureUnit"": 1, ""DistanceFromGeographicArea"": null, ""IdBackupBatteryMeasureUnit"": 2, ""TrackedUnitIntegrationCode"": null, ""PersonIntegrationCodeCenter"": """", ""PersonIntegrationCodeClient"": null}",2026-07-15 23:23:16.913 -0400,2026-07-16 23:23:11.827 -0400
TAA0B71,RastroSiga,4902.0,TAA-0B71,-3.10214,-59.997884444444445,false,2026-07-16 17:21:21.000 -0400,2026-07-16 17:21:22.348 -0400,"8AWBJ6B2XRA829570","2490","{""Plate"": ""TAA-0B71"", ""Driver"": null, ""Address"": ""Avenida André Araújo, Aleixo, Manaus, AM, Brasil, 69000-000"", ""IdEvent"": 2, ""Ignition"": false, ""Latitude"": -3.10214, ""ValidGPS"": true, ""Available"": null, ""EventDate"": ""2026-07-16T21:21:21Z"", ""Longitude"": -59.997884444444445, ""IdPosition"": 279271090, ""UpdateDate"": ""2026-07-16T21:21:22.348Z"", ""ListTrailer"": null, ""TrackedUnit"": ""TAA-0B71"", ""TrackerSlot"": 1, ""IdTrackedUnit"": 2490, ""ListTelemetry"": {""2"": 8.0, ""6"": 118.0, ""8"": 100.0, ""15"": 4902.0, ""17"": 0.0}, ""DocumentNumber"": null, ""ListInputSensor"": {""17"": false}, ""IdTrackedUnitType"": 1, ""ListOutputActuator"": {}, ""DriverIdentification"": null, ""IdMainBatteryMeasureUnit"": 1, ""DistanceFromGeographicArea"": null, ""IdBackupBatteryMeasureUnit"": 2, ""TrackedUnitIntegrationCode"": null, ""PersonIntegrationCodeCenter"": """", ""PersonIntegrationCodeClient"": null}",2026-07-10 16:53:42.657 -0400,2026-07-16 23:23:11.608 -0400
UUB4F90,RastroSiga,9.0,UUB-4F90,-3.0708233333333337,-60.00517777777778,false,2026-07-15 10:27:34.000 -0400,2026-07-15 10:27:34.879 -0400,"9BWAG5R11TT040850","2499","{""Plate"": ""UUB-4F90"", ""Driver"": null, ""Address"": ""Avenida Tancredo Neves, Parque Dez de Novembro, Manaus, AM, Brasil, 69000-000"", ""IdEvent"": 2, ""Ignition"": false, ""Latitude"": -3.0708233333333337, ""ValidGPS"": true, ""Available"": null, ""EventDate"": ""2026-07-15T14:27:34Z"", ""Longitude"": -60.00517777777778, ""IdPosition"": 278326439, ""UpdateDate"": ""2026-07-15T14:27:34.879Z"", ""ListTrailer"": null, ""TrackedUnit"": ""UUB-4F90"", ""TrackerSlot"": 1, ""IdTrackedUnit"": 2499, ""ListTelemetry"": {""2"": 13.0, ""6"": 309.0, ""8"": 100.0, ""15"": 9.0, ""17"": 0.0}, ""DocumentNumber"": null, ""ListInputSensor"": {""17"": false}, ""IdTrackedUnitType"": 1, ""ListOutputActuator"": {}, ""DriverIdentification"": null, ""IdMainBatteryMeasureUnit"": 1, ""DistanceFromGeographicArea"": null, ""IdBackupBatteryMeasureUnit"": 2, ""TrackedUnitIntegrationCode"": null, ""PersonIntegrationCodeCenter"": """", ""PersonIntegrationCodeClient"": null}",2026-07-15 11:13:12.560 -0400,2026-07-15 11:13:12.560 -0400
UUB4G10,RastroSiga,8.0,UUB-4G10,-3.0708183333333334,-60.005160000000004,false,2026-07-15 10:38:27.000 -0400,2026-07-15 10:38:28.636 -0400,"9BWBG6DF4TT429012","2498","{""Plate"": ""UUB-4G10"", ""Driver"": null, ""Address"": ""Avenida Tancredo Neves, Parque Dez de Novembro, Manaus, AM, Brasil, 69000-000"", ""IdEvent"": 2, ""Ignition"": false, ""Latitude"": -3.0708183333333334, ""ValidGPS"": true, ""Available"": null, ""EventDate"": ""2026-07-15T14:38:27Z"", ""Longitude"": -60.005160000000004, ""IdPosition"": 278334706, ""UpdateDate"": ""2026-07-15T14:38:28.636Z"", ""ListTrailer"": null, ""TrackedUnit"": ""UUB-4G10"", ""TrackerSlot"": 1, ""IdTrackedUnit"": 2498, ""ListTelemetry"": {""2"": 14.0, ""6"": 130.0, ""8"": 100.0, ""15"": 8.0, ""17"": 0.0}, ""DocumentNumber"": null, ""ListInputSensor"": {""17"": false}, ""IdTrackedUnitType"": 1, ""ListOutputActuator"": {}, ""DriverIdentification"": null, ""IdMainBatteryMeasureUnit"": 1, ""DistanceFromGeographicArea"": null, ""IdBackupBatteryMeasureUnit"": 2, ""TrackedUnitIntegrationCode"": null, ""PersonIntegrationCodeCenter"": """", ""PersonIntegrationCodeClient"": null}",2026-07-15 11:13:12.562 -0400,2026-07-15 11:13:12.562 -0400
UTT8H80,RastroSiga,7.0,UTT-8H80,-3.0708383333333336,-60.00510666666666,false,2026-07-15 14:12:19.000 -0400,2026-07-15 14:12:19.786 -0400,"9BWBH6DF7TT437909","2496","{""Plate"": ""UTT-8H80"", ""Driver"": null, ""Address"": ""Rua Alexandre Magno, Parque Dez de Novembro, Manaus, AM, Brasil, 69000-000"", ""IdEvent"": 2, ""Ignition"": false, ""Latitude"": -3.0708383333333336, ""ValidGPS"": true, ""Available"": null, ""EventDate"": ""2026-07-15T18:12:19Z"", ""Longitude"": -60.00510666666666, ""IdPosition"": 278477598, ""UpdateDate"": ""2026-07-15T18:12:19.786Z"", ""ListTrailer"": null, ""TrackedUnit"": ""UTT-8H80"", ""TrackerSlot"": 1, ""IdTrackedUnit"": 2496, ""ListTelemetry"": {""2"": 12.0, ""6"": 265.0, ""8"": 100.0, ""15"": 7.0, ""17"": 0.0}, ""DocumentNumber"": null, ""ListInputSensor"": {""17"": false}, ""IdTrackedUnitType"": 1, ""ListOutputActuator"": {}, ""DriverIdentification"": null, ""IdMainBatteryMeasureUnit"": 1, ""DistanceFromGeographicArea"": null, ""IdBackupBatteryMeasureUnit"": 2, ""TrackedUnitIntegrationCode"": null, ""PersonIntegrationCodeCenter"": """", ""PersonIntegrationCodeClient"": null}",2026-07-15 11:13:12.556 -0400,2026-07-15 23:23:16.851 -0400
TAG7I23,Vai,0.0,TAG7I23,,,,2026-07-16 22:42:33.481 -0400,,"9BWCH6CH0RP095258","240301196","{""plate"": ""TAG7I23"", ""chassis"": ""9BWCH6CH0RP095258"", ""codigoVai"": ""240301196"", ""ecuChassis"": ""9BWCH6CH0RP095258"", ""lastReview"": ""2026-03-05"", ""reviewStatus"": 0, ""currentMileage"": 25864.64, ""initialMileage"": 365, ""lastConnection"": ""2026-07-17T02:42:33.481656+00:00"", ""dailyMileageAvg"": 50.333333333333336, ""mileageOnReview"": 19277.267, ""odometerMileage"": 0.0, ""reviewDateEstimated"": ""2026-09-22""}",2026-07-10 16:53:42.634 -0400,2026-07-16 23:23:11.641 -0400
TRX1C63,Vai,38026.0,TRX1C63,,,,2026-07-16 22:59:36.534 -0400,,"9BWDH6BZ8SP031747","241101715","{""plate"": ""TRX1C63"", ""chassis"": ""9BWDH6BZ8SP031747"", ""codigoVai"": ""241101715"", ""ecuChassis"": ""9BWDH6BZ8SP031747"", ""lastReview"": ""2026-04-21"", ""reviewStatus"": 0, ""currentMileage"": 37570.343000000015, ""initialMileage"": 8, ""lastConnection"": ""2026-07-17T02:59:36.534643+00:00"", ""dailyMileageAvg"": 79.67847411444141, ""mileageOnReview"": 30638.384000000002, ""odometerMileage"": 38026.0, ""reviewDateEstimated"": ""2026-08-24""}",2026-07-10 16:53:42.724 -0400,2026-07-16 23:23:11.645 -0400
TRX3G70,Vai,16265.0,TRX3G70,,,,2026-07-16 22:09:11.380 -0400,,"9BWBH6BF4S4093273","241101754","{""plate"": ""TRX3G70"", ""chassis"": ""9BWBH6BF4S4093273"", ""codigoVai"": ""241101754"", ""ecuChassis"": ""9BWBH6BF4S4093273"", ""lastReview"": ""2026-02-12"", ""reviewStatus"": 0, ""currentMileage"": 1741.3829999999987, ""initialMileage"": 1427, ""lastConnection"": ""2026-07-17T02:09:11.380979+00:00"", ""dailyMileageAvg"": 45.232209737827716, ""mileageOnReview"": 10124.22, ""odometerMileage"": 16265.0, ""reviewDateEstimated"": ""2027-02-12""}",2026-07-10 16:53:42.936 -0400,2026-07-16 23:23:11.646 -0400
TRX3J20,Vai,25240.0,TRX3J20,,,,2026-07-16 22:39:50.088 -0400,,"9BWJL45U0TP008339","240300172","{""plate"": ""TRX3J20"", ""chassis"": ""9BWJL45U0TP008339"", ""codigoVai"": ""240300172"", ""ecuChassis"": ""9BWJL45U0TP008339"", ""lastReview"": ""2026-05-21"", ""reviewStatus"": 0, ""currentMileage"": 25080.42, ""initialMileage"": 770, ""lastConnection"": ""2026-07-17T02:39:50.088217+00:00"", ""dailyMileageAvg"": 80.22519083969466, ""mileageOnReview"": 19934.516000000003, ""odometerMileage"": 25240.0, ""reviewDateEstimated"": ""2026-09-15""}",2026-07-10 16:53:42.910 -0400,2026-07-16 23:23:11.647 -0400
TRX4E10,Vai,14523.0,TRX4E10,,,,2026-07-16 22:39:53.895 -0400,,"9BWDH6BZ6T4001598","241101739","{""plate"": ""TRX4E10"", ""chassis"": ""9BWDH6BZ6T4001598"", ""codigoVai"": ""241101739"", ""ecuChassis"": ""9BWDH6BZ6T4001598"", ""lastReview"": ""2026-04-18"", ""reviewStatus"": 0, ""currentMileage"": 14397.873999999998, ""initialMileage"": 875, ""lastConnection"": ""2026-07-17T02:39:53.895279+00:00"", ""dailyMileageAvg"": 38.167202572347264, ""mileageOnReview"": 9221.262999999999, ""odometerMileage"": 14523.0, ""reviewDateEstimated"": ""2026-11-20""}",2026-07-10 16:53:42.919 -0400,2026-07-16 23:23:11.654 -0400
TRX4F50,Vai,11712.0,TRX4F50,,,,2026-07-16 22:33:34.728 -0400,,"9BWAH5BZ7TT609438","241101767","{""plate"": ""TRX4F50"", ""chassis"": ""9BWAH5BZ7TT609438"", ""codigoVai"": ""241101767"", ""ecuChassis"": ""9BWAH5BZ7TT609438"", ""lastReview"": ""2026-05-19"", ""reviewStatus"": 0, ""currentMileage"": 10991.252000000004, ""initialMileage"": 8, ""lastConnection"": ""2026-07-17T02:33:34.728768+00:00"", ""dailyMileageAvg"": 58.95104895104895, ""mileageOnReview"": 9101.921000000002, ""odometerMileage"": 11712.0, ""reviewDateEstimated"": ""2026-12-01""}",2026-07-10 16:53:42.928 -0400,2026-07-16 23:23:11.656 -0400
TRX4H40,Vai,32924.0,TRX4H40,,,,2026-07-16 22:59:45.747 -0400,,"9BWDH6BZ7T4002565","241101708","{""plate"": ""TRX4H40"", ""chassis"": ""9BWDH6BZ7T4002565"", ""codigoVai"": ""241101708"", ""ecuChassis"": ""9BWDH6BZ7T4002565"", ""lastReview"": ""2026-05-20"", ""reviewStatus"": 0, ""currentMileage"": 32515.535999999993, ""initialMileage"": 15, ""lastConnection"": ""2026-07-17T02:59:45.747910+00:00"", ""dailyMileageAvg"": 89.85209003215434, ""mileageOnReview"": 28965.064999999995, ""odometerMileage"": 32924.0, ""reviewDateEstimated"": ""2026-09-26""}",2026-07-10 16:53:42.933 -0400,2026-07-16 23:23:11.661 -0400
TRX4H60,Vai,5882.0,TRX4H60,,,,2026-07-16 22:32:13.396 -0400,,"9BWDH6BZ8TP003030","241101763","{""plate"": ""TRX4H60"", ""chassis"": ""9BWDH6BZ8TP003030"", ""codigoVai"": ""241101763"", ""ecuChassis"": ""9BWDH6BZ8TP003030"", ""lastReview"": ""2026-05-19"", ""reviewStatus"": 0, ""currentMileage"": 5768.108000000001, ""initialMileage"": 9, ""lastConnection"": ""2026-07-17T02:32:13.396271+00:00"", ""dailyMileageAvg"": 23.424778761061948, ""mileageOnReview"": 4800.294000000001, ""odometerMileage"": 5882.0, ""reviewDateEstimated"": ""2027-05-19""}",2026-07-10 16:53:42.950 -0400,2026-07-16 23:23:11.665 -0400
TRY6D33,Vai,25370.0,TRY6D33,,,,2026-07-16 22:59:58.258 -0400,,"9BWAG5R18ST076999","241101776","{""plate"": ""TRY6D33"", ""chassis"": ""9BWAG5R18ST076999"", ""codigoVai"": ""241101776"", ""ecuChassis"": ""9BWAG5R18ST076999"", ""lastReview"": ""2026-05-14"", ""reviewStatus"": 0, ""currentMileage"": 24773.823000000008, ""initialMileage"": 23443, ""lastConnection"": ""2026-07-17T02:59:58.258744+00:00"", ""dailyMileageAvg"": 70.72727272727273, ""mileageOnReview"": 21187.448999999997, ""odometerMileage"": 25370.0, ""reviewDateEstimated"": ""2026-10-15""}",2026-07-10 16:53:42.744 -0400,2026-07-16 23:23:11.669 -0400
TRY9D64,RastroSiga,17409.0,TRY-9D64,-3.052986666666667,-60.00989333333334,true,2026-07-16 23:22:33.000 -0400,2026-07-16 23:22:35.324 -0400,"9BWDH6BZ6SP035327","2486","{""Plate"": ""TRY-9D64"", ""Driver"": null, ""Address"": ""Rua Desembargador Luis F. Cabral, Flores, Manaus, AM, Brasil, 69000-000"", ""IdEvent"": 2, ""Ignition"": true, ""Latitude"": -3.052986666666667, ""ValidGPS"": true, ""Available"": null, ""EventDate"": ""2026-07-17T03:22:33Z"", ""Longitude"": -60.00989333333334, ""IdPosition"": 279425102, ""UpdateDate"": ""2026-07-17T03:22:35.324Z"", ""ListTrailer"": null, ""TrackedUnit"": ""TRY-9D64"", ""TrackerSlot"": 1, ""IdTrackedUnit"": 2486, ""ListTelemetry"": {""2"": 10.0, ""6"": 299.0, ""8"": 100.0, ""15"": 17409.0, ""17"": 0.0}, ""DocumentNumber"": null, ""ListInputSensor"": {""17"": true}, ""IdTrackedUnitType"": 1, ""ListOutputActuator"": {}, ""DriverIdentification"": null, ""IdMainBatteryMeasureUnit"": 1, ""DistanceFromGeographicArea"": null, ""IdBackupBatteryMeasureUnit"": 2, ""TrackedUnitIntegrationCode"": null, ""PersonIntegrationCodeCenter"": """", ""PersonIntegrationCodeClient"": null}",2026-07-10 16:53:42.843 -0400,2026-07-16 23:23:11.670 -0400
TRY9E14,Vai,36940.0,TRY9E14,,,,2026-07-16 22:57:14.423 -0400,,"9BWAG5R1XST082660","210300809","{""plate"": ""TRY9E14"", ""chassis"": ""9BWAG5R1XST082660"", ""codigoVai"": ""210300809"", ""ecuChassis"": ""9BWAG5R1XST082660"", ""lastReview"": ""2026-05-14"", ""reviewStatus"": 1, ""currentMileage"": 36822.482, ""initialMileage"": 833, ""lastConnection"": ""2026-07-17T02:57:14.423039+00:00"", ""dailyMileageAvg"": 94.89490445859873, ""mileageOnReview"": 28988.187000000005, ""odometerMileage"": 36940.0, ""reviewDateEstimated"": ""2026-08-08""}",2026-07-10 16:53:42.841 -0400,2026-07-16 23:23:11.672 -0400
TRY9E34,Vai,26094.0,TRY9E34,,,,2026-07-16 22:59:57.298 -0400,,"9BWAG5R1XST082674","241101478","{""plate"": ""TRY9E34"", ""chassis"": ""9BWAG5R1XST082674"", ""codigoVai"": ""241101478"", ""ecuChassis"": ""9BWAG5R1XST082674"", ""lastReview"": ""2026-03-26"", ""reviewStatus"": 0, ""currentMileage"": 25576.271999999975, ""initialMileage"": 24143, ""lastConnection"": ""2026-07-17T02:59:57.298421+00:00"", ""dailyMileageAvg"": 64.33980582524272, ""mileageOnReview"": 19251.543, ""odometerMileage"": 26094.0, ""reviewDateEstimated"": ""2026-09-12""}",2026-07-10 16:53:42.833 -0400,2026-07-16 23:23:11.673 -0400
TRY9E44,Vai,22625.0,TRY9E44,,,,2026-07-16 22:43:36.784 -0400,,"9BWAG5R10ST082473","210901297","{""plate"": ""TRY9E44"", ""chassis"": ""9BWAG5R10ST082473"", ""codigoVai"": ""210901297"", ""ecuChassis"": ""9BWAG5R10ST082473"", ""lastReview"": ""2025-10-27"", ""reviewStatus"": 3, ""currentMileage"": 21483.064000000006, ""initialMileage"": 9, ""lastConnection"": ""2026-07-17T02:43:36.784562+00:00"", ""dailyMileageAvg"": 60.55417956656347, ""mileageOnReview"": 9055.231, ""odometerMileage"": 22625.0, ""reviewDateEstimated"": ""2026-06-06""}",2026-07-10 16:53:42.836 -0400,2026-07-16 23:23:11.673 -0400
TRY9I15,Vai,8279.0,TRY9I15,,,,2026-07-16 16:56:11.019 -0400,,"9BWAG5R15ST085479","210901414","{""plate"": ""TRY9I15"", ""chassis"": ""9BWAG5R15ST085479"", ""codigoVai"": ""210901414"", ""ecuChassis"": ""9BWAG5R15ST085479"", ""lastReview"": ""2026-04-27"", ""reviewStatus"": 0, ""currentMileage"": 8079.976000000005, ""initialMileage"": 9, ""lastConnection"": ""2026-07-16T20:56:11.019546+00:00"", ""dailyMileageAvg"": 22.768421052631577, ""mileageOnReview"": 7071.563000000001, ""odometerMileage"": 8279.0, ""reviewDateEstimated"": ""2027-04-27""}",2026-07-10 16:53:42.893 -0400,2026-07-16 23:23:11.675 -0400
TRZ0A25,Vai,25515.0,TRZ0A25,,,,2026-07-16 22:59:02.662 -0400,,"9BWAG5R16ST084129","191110269","{""plate"": ""TRZ0A25"", ""chassis"": ""9BWAG5R16ST084129"", ""codigoVai"": ""191110269"", ""ecuChassis"": ""9BWAG5R16ST084129"", ""lastReview"": ""2026-05-17"", ""reviewStatus"": 0, ""currentMileage"": 25202.276999999987, ""initialMileage"": 529, ""lastConnection"": ""2026-07-17T02:59:02.662193+00:00"", ""dailyMileageAvg"": 76.76223776223776, ""mileageOnReview"": 19401.10299999999, ""odometerMileage"": 25515.0, ""reviewDateEstimated"": ""2026-09-09""}",2026-07-10 16:53:42.896 -0400,2026-07-16 23:23:11.678 -0400
TRZ2J15,Vai,11644.0,TRZ2J15,,,,2026-07-16 18:13:53.617 -0400,,"9BWCH6CH6SP020862","210901351","{""plate"": ""TRZ2J15"", ""chassis"": ""9BWCH6CH6SP020862"", ""codigoVai"": ""210901351"", ""ecuChassis"": ""9BWCH6CH6SP020862"", ""lastReview"": ""2026-05-21"", ""reviewStatus"": 0, ""currentMileage"": 11340.752, ""initialMileage"": 42, ""lastConnection"": ""2026-07-16T22:13:53.617393+00:00"", ""dailyMileageAvg"": 36.14509803921569, ""mileageOnReview"": 9597.086, ""odometerMileage"": 11644.0, ""reviewDateEstimated"": ""2027-03-02""}",2026-07-10 16:53:42.903 -0400,2026-07-16 23:23:11.679 -0400
TSA1F20,Vai,11263.0,TSA1F20,,,,2026-07-16 22:06:38.851 -0400,,"9BWCH6CH0TP001984","241101730","{""plate"": ""TSA1F20"", ""chassis"": ""9BWCH6CH0TP001984"", ""codigoVai"": ""241101730"", ""ecuChassis"": ""9BWCH6CH0TP001984"", ""lastReview"": ""2026-06-07"", ""reviewStatus"": 0, ""currentMileage"": 11138.989999999996, ""initialMileage"": 10, ""lastConnection"": ""2026-07-17T02:06:38.851044+00:00"", ""dailyMileageAvg"": 33.291228070175436, ""mileageOnReview"": 10038.727999999997, ""odometerMileage"": 11263.0, ""reviewDateEstimated"": ""2027-04-10""}",2026-07-10 16:53:42.915 -0400,2026-07-16 23:23:11.684 -0400
TSA1H70,Vai,24050.0,TSA1H70,,,,2026-07-16 22:24:34.553 -0400,,"9BWCH6CH3TP005706","241101731","{""plate"": ""TSA1H70"", ""chassis"": ""9BWCH6CH3TP005706"", ""codigoVai"": ""241101731"", ""ecuChassis"": ""9BWCH6CH3TP005706"", ""lastReview"": ""2026-06-09"", ""reviewStatus"": 0, ""currentMileage"": 23515.032000000017, ""initialMileage"": -333, ""lastConnection"": ""2026-07-17T02:24:34.553608+00:00"", ""dailyMileageAvg"": 76.42481203007519, ""mileageOnReview"": 20337.174000000017, ""odometerMileage"": 24050.0, ""reviewDateEstimated"": ""2026-10-14""}",2026-07-10 16:53:42.944 -0400,2026-07-16 23:23:11.684 -0400
TSA1I50,RastroSiga,8971.0,TSA-1I50,-3.054225,-60.100653333333334,false,2026-07-16 23:12:03.000 -0400,2026-07-16 23:12:06.444 -0400,"9BWDH6BZ3T4001431","2430","{""Plate"": ""TSA-1I50"", ""Driver"": null, ""Address"": ""Alameda Andorra, Ponta Negra, Manaus, AM, Brasil, 69000-000"", ""IdEvent"": 2, ""Ignition"": false, ""Latitude"": -3.054225, ""ValidGPS"": true, ""Available"": null, ""EventDate"": ""2026-07-17T03:12:03Z"", ""Longitude"": -60.100653333333334, ""IdPosition"": 279421879, ""UpdateDate"": ""2026-07-17T03:12:06.444Z"", ""ListTrailer"": null, ""TrackedUnit"": ""TSA-1I50"", ""TrackerSlot"": 1, ""IdTrackedUnit"": 2430, ""ListTelemetry"": {""2"": 15.0, ""6"": 180.0, ""7"": 12.6, ""8"": 80.0, ""15"": 8971.0, ""17"": 0.0}, ""DocumentNumber"": null, ""ListInputSensor"": {""17"": false}, ""IdTrackedUnitType"": 1, ""ListOutputActuator"": {""33"": false}, ""DriverIdentification"": null, ""IdMainBatteryMeasureUnit"": 1, ""DistanceFromGeographicArea"": null, ""IdBackupBatteryMeasureUnit"": 2, ""TrackedUnitIntegrationCode"": null, ""PersonIntegrationCodeCenter"": """", ""PersonIntegrationCodeClient"": null}",2026-07-10 17:22:35.856 -0400,2026-07-16 23:23:11.685 -0400
TSA2A20,Vai,17447.0,TSA2A20,,,,2026-07-16 23:00:00.733 -0400,,"9BWDH6BZXT4002916","210901177","{""plate"": ""TSA2A20"", ""chassis"": ""9BWDH6BZXT4002916"", ""codigoVai"": ""210901177"", ""ecuChassis"": ""9BWDH6BZXT4002916"", ""lastReview"": ""2026-02-24"", ""reviewStatus"": 0, ""currentMileage"": 17033.968999999997, ""initialMileage"": 8, ""lastConnection"": ""2026-07-17T03:00:00.733660+00:00"", ""dailyMileageAvg"": 53.29893238434164, ""mileageOnReview"": 9926.410999999996, ""odometerMileage"": 17447.0, ""reviewDateEstimated"": ""2026-09-09""}",2026-07-10 16:53:42.956 -0400,2026-07-16 23:23:11.686 -0400
TSA3H64,Vai,15342.0,TSA3H64,,,,2026-07-16 22:31:36.480 -0400,,"9BWAG5R13ST083925","210901041","{""plate"": ""TSA3H64"", ""chassis"": ""9BWAG5R13ST083925"", ""codigoVai"": ""210901041"", ""ecuChassis"": ""9BWAG5R13ST083925"", ""lastReview"": ""2026-02-09"", ""reviewStatus"": 0, ""currentMileage"": 14788.036, ""initialMileage"": 9, ""lastConnection"": ""2026-07-17T02:31:36.480463+00:00"", ""dailyMileageAvg"": 56.30962343096234, ""mileageOnReview"": 10078.623999999998, ""odometerMileage"": 15342.0, ""reviewDateEstimated"": ""2026-10-18""}",2026-07-10 16:53:42.890 -0400,2026-07-16 23:23:11.687 -0400
TSA3H74,Vai,27415.0,TSA3H74,,,,2026-07-10 02:30:25.738 -0400,,"9BWAG5R13ST083777","210901539","{""plate"": ""TSA3H74"", ""chassis"": ""9BWAG5R13ST083777"", ""codigoVai"": ""210901539"", ""ecuChassis"": ""9BWAG5R13RT053527"", ""lastReview"": ""2026-05-20"", ""reviewStatus"": 0, ""currentMileage"": 24738.524000000023, ""initialMileage"": 18008, ""lastConnection"": ""2026-07-10T06:30:25.738148+00:00"", ""dailyMileageAvg"": 72.33809523809524, ""mileageOnReview"": 19369.115000000013, ""odometerMileage"": 27415.0, ""reviewDateEstimated"": ""2026-09-19""}",2026-07-10 16:53:42.899 -0400,2026-07-16 23:23:11.689 -0400
TSC1D20,RastroSiga,14588.0,TSC-1D20,-3.0707683333333335,-60.00511111111111,false,2026-07-16 15:55:01.000 -0400,2026-07-16 15:55:02.834 -0400,"9BWDH6BZ5T4004055","2442","{""Plate"": ""TSC-1D20"", ""Driver"": null, ""Address"": ""Rua Alexandre Magno, Parque Dez de Novembro, Manaus, AM, Brasil, 69000-000"", ""IdEvent"": 2, ""Ignition"": false, ""Latitude"": -3.0707683333333335, ""ValidGPS"": true, ""Available"": null, ""EventDate"": ""2026-07-16T19:55:01Z"", ""Longitude"": -60.00511111111111, ""IdPosition"": 279213985, ""UpdateDate"": ""2026-07-16T19:55:02.834Z"", ""ListTrailer"": null, ""TrackedUnit"": ""TSC-1D20"", ""TrackerSlot"": 1, ""IdTrackedUnit"": 2442, ""ListTelemetry"": {""2"": 12.0, ""6"": 46.0, ""8"": 100.0, ""15"": 14588.0, ""17"": 0.0}, ""DocumentNumber"": null, ""ListInputSensor"": {""17"": false}, ""IdTrackedUnitType"": 1, ""ListOutputActuator"": {""33"": false}, ""DriverIdentification"": null, ""IdMainBatteryMeasureUnit"": 1, ""DistanceFromGeographicArea"": null, ""IdBackupBatteryMeasureUnit"": 2, ""TrackedUnitIntegrationCode"": null, ""PersonIntegrationCodeCenter"": """", ""PersonIntegrationCodeClient"": null}",2026-07-10 17:27:36.447 -0400,2026-07-16 23:23:11.706 -0400
TSA3H94,Vai,13439.0,TSA3H94,,,,2026-07-16 22:35:24.566 -0400,,"9BWAG5R13ST083813","240100351","{""plate"": ""TSA3H94"", ""chassis"": ""9BWAG5R13ST083813"", ""codigoVai"": ""240100351"", ""ecuChassis"": ""9BWAG5R13ST083813"", ""lastReview"": ""2026-03-09"", ""reviewStatus"": 0, ""currentMileage"": 12990.133000000007, ""initialMileage"": 8, ""lastConnection"": ""2026-07-17T02:35:24.566076+00:00"", ""dailyMileageAvg"": 47.2707423580786, ""mileageOnReview"": 10031.385000000006, ""odometerMileage"": 13439.0, ""reviewDateEstimated"": ""2026-12-12""}",2026-07-10 16:53:42.847 -0400,2026-07-16 23:23:11.691 -0400
TSA3I44,RastroSiga,27703.0,TSA-3I44,-3.070775,-60.00508444444445,false,2026-07-16 22:46:19.000 -0400,2026-07-16 22:46:21.847 -0400,"9BWAG5R13ST083942","2413","{""Plate"": ""TSA-3I44"", ""Driver"": null, ""Address"": ""Rua Alexandre Magno, Parque Dez de Novembro, Manaus, AM, Brasil, 69000-000"", ""IdEvent"": 2, ""Ignition"": false, ""Latitude"": -3.070775, ""ValidGPS"": true, ""Available"": null, ""EventDate"": ""2026-07-17T02:46:19Z"", ""Longitude"": -60.00508444444445, ""IdPosition"": 279414132, ""UpdateDate"": ""2026-07-17T02:46:21.847Z"", ""ListTrailer"": null, ""TrackedUnit"": ""TSA-3I44"", ""TrackerSlot"": 1, ""IdTrackedUnit"": 2413, ""ListTelemetry"": {""2"": 15.0, ""6"": 0.0, ""7"": 12.1, ""8"": 80.0, ""15"": 27703.0, ""17"": 0.0}, ""DocumentNumber"": null, ""ListInputSensor"": {""17"": false}, ""IdTrackedUnitType"": 1, ""ListOutputActuator"": {""33"": false}, ""DriverIdentification"": null, ""IdMainBatteryMeasureUnit"": 1, ""DistanceFromGeographicArea"": null, ""IdBackupBatteryMeasureUnit"": 2, ""TrackedUnitIntegrationCode"": null, ""PersonIntegrationCodeCenter"": """", ""PersonIntegrationCodeClient"": null}",2026-07-10 17:24:36.128 -0400,2026-07-16 23:23:11.695 -0400
TSA3J04,Vai,21710.0,TSA3J04,,,,2026-07-16 22:11:00.192 -0400,,"9BWAG5R13ST084007","210903140","{""plate"": ""TSA3J04"", ""chassis"": ""9BWAG5R13ST084007"", ""codigoVai"": ""210903140"", ""ecuChassis"": ""9BWAG5R13ST084007"", ""lastReview"": ""2026-05-11"", ""reviewStatus"": 0, ""currentMileage"": 21404.332000000006, ""initialMileage"": 9, ""lastConnection"": ""2026-07-17T02:11:00.192444+00:00"", ""dailyMileageAvg"": 57.66556291390729, ""mileageOnReview"": 19199.667, ""odometerMileage"": 21710.0, ""reviewDateEstimated"": ""2026-11-29""}",2026-07-10 16:53:42.859 -0400,2026-07-16 23:23:11.698 -0400
TSA3J14,Vai,16337.0,TSA3J14,,,,2026-07-16 22:44:59.097 -0400,,"9BWAG5R13ST084038","241101742","{""plate"": ""TSA3J14"", ""chassis"": ""9BWAG5R13ST084038"", ""codigoVai"": ""241101742"", ""ecuChassis"": ""9BWAG5R13ST084038"", ""lastReview"": ""2026-03-05"", ""reviewStatus"": 0, ""currentMileage"": 11652.426000000009, ""initialMileage"": -2352, ""lastConnection"": ""2026-07-17T02:44:59.097917+00:00"", ""dailyMileageAvg"": 54.5655737704918, ""mileageOnReview"": 5259.343000000002, ""odometerMileage"": 16337.0, ""reviewDateEstimated"": ""2026-09-21""}",2026-07-10 16:53:42.855 -0400,2026-07-16 23:23:11.698 -0400
TSA5D80,Vai,9192.0,TSA5D80,,,,2026-07-16 22:29:51.216 -0400,,"9BWAG5R13TP038154","260101222","{""plate"": ""TSA5D80"", ""chassis"": ""9BWAG5R13TP038154"", ""codigoVai"": ""260101222"", ""ecuChassis"": ""9BWAG5R13TP038154"", ""lastReview"": ""2026-03-09"", ""reviewStatus"": 1, ""currentMileage"": 8349.247000000008, ""initialMileage"": 6190, ""lastConnection"": ""2026-07-17T02:29:51.216561+00:00"", ""dailyMileageAvg"": 88.8961038961039, ""mileageOnReview"": 0.0, ""odometerMileage"": 9192.0, ""reviewDateEstimated"": ""2026-08-04""}",2026-07-10 16:53:42.998 -0400,2026-07-16 23:23:11.699 -0400
TSA5D90,Vai,2542.0,TSA5D90,,,,2026-07-16 22:01:33.946 -0400,,"9BWAG5R1XTP038300","241100547","{""plate"": ""TSA5D90"", ""chassis"": ""9BWAG5R1XTP038300"", ""codigoVai"": ""241100547"", ""ecuChassis"": ""9BWAG5R1XTP038300"", ""lastReview"": ""2026-04-24"", ""reviewStatus"": 0, ""currentMileage"": 1950.157, ""initialMileage"": 1022, ""lastConnection"": ""2026-07-17T02:01:33.946124+00:00"", ""dailyMileageAvg"": 20.274193548387096, ""mileageOnReview"": 819.0, ""odometerMileage"": 2542.0, ""reviewDateEstimated"": ""2027-04-24""}",2026-07-10 16:53:43.141 -0400,2026-07-16 23:23:11.700 -0400
TSA6C75,Vai,22584.0,TSA6C75,,,,2026-07-15 21:17:29.391 -0400,,"9BWDH6BZ1TP001006","210901357","{""plate"": ""TSA6C75"", ""chassis"": ""9BWDH6BZ1TP001006"", ""codigoVai"": ""210901357"", ""ecuChassis"": ""9BWDH6BZ1TP001006"", ""lastReview"": ""2026-05-01"", ""reviewStatus"": 0, ""currentMileage"": 22270.647000000004, ""initialMileage"": 1044, ""lastConnection"": ""2026-07-16T01:17:29.391475+00:00"", ""dailyMileageAvg"": 82.81865284974093, ""mileageOnReview"": 18878.308, ""odometerMileage"": 22584.0, ""reviewDateEstimated"": ""2026-10-04""}",2026-07-10 16:53:42.912 -0400,2026-07-16 23:23:11.701 -0400
TSA7C43,Vai,37700.0,TSA7C43,,,,2026-07-16 22:17:17.503 -0400,,"9BWKL45U5SP065638","210900429","{""plate"": ""TSA7C43"", ""chassis"": ""9BWKL45U5SP065638"", ""codigoVai"": ""210900429"", ""ecuChassis"": ""9BWKL45U5SP065638"", ""lastReview"": ""2026-04-20"", ""reviewStatus"": 1, ""currentMileage"": 37856.847999999976, ""initialMileage"": 1328, ""lastConnection"": ""2026-07-17T02:17:17.503789+00:00"", ""dailyMileageAvg"": 106.31290322580645, ""mileageOnReview"": 29504.0, ""odometerMileage"": 37700.0, ""reviewDateEstimated"": ""2026-08-01""}",2026-07-10 16:53:42.873 -0400,2026-07-16 23:23:11.702 -0400
TSA7C53,Vai,31310.0,TSA7C53,,,,2026-07-16 22:55:08.492 -0400,,"9BWJL45U5SP065697","210900706","{""plate"": ""TSA7C53"", ""chassis"": ""9BWJL45U5SP065697"", ""codigoVai"": ""210900706"", ""ecuChassis"": ""9BWJL45U5SP065697"", ""lastReview"": ""2026-02-08"", ""reviewStatus"": 2, ""currentMileage"": 30934.905000000006, ""initialMileage"": 25928, ""lastConnection"": ""2026-07-17T02:55:08.492091+00:00"", ""dailyMileageAvg"": 78.0944055944056, ""mileageOnReview"": 20455.75900000001, ""odometerMileage"": 31310.0, ""reviewDateEstimated"": ""2026-07-10""}",2026-07-10 16:53:42.877 -0400,2026-07-16 23:23:11.702 -0400
TSC1C83,Vai,26116.0,TSC1C83,,,,2026-07-16 22:47:18.053 -0400,,"9BWAH5BZ2ST663888","260100956","{""plate"": ""TSC1C83"", ""chassis"": ""9BWAH5BZ2ST663888"", ""codigoVai"": ""260100956"", ""ecuChassis"": ""9BWAH5BZ2ST663888"", ""lastReview"": ""2026-04-21"", ""reviewStatus"": 0, ""currentMileage"": 24435.200999999983, ""initialMileage"": 6, ""lastConnection"": ""2026-07-17T02:47:18.053559+00:00"", ""dailyMileageAvg"": 55.582089552238806, ""mileageOnReview"": 20462.141000000003, ""odometerMileage"": 26116.0, ""reviewDateEstimated"": ""2026-11-02""}",2026-07-10 16:53:42.812 -0400,2026-07-16 23:23:11.705 -0400
TSC4E20,Vai,784.0,TSC4E20,,,,2026-07-16 22:37:27.247 -0400,,"9BWAG5R1XTP049197","210300805","{""plate"": ""TSC4E20"", ""chassis"": ""9BWAG5R1XTP049197"", ""codigoVai"": ""210300805"", ""ecuChassis"": ""9BWAG5R1XTP049197"", ""lastReview"": ""2026-05-28"", ""reviewStatus"": 0, ""currentMileage"": 782.8739999999999, ""initialMileage"": 10, ""lastConnection"": ""2026-07-17T02:37:27.247828+00:00"", ""dailyMileageAvg"": 27.217391304347824, ""mileageOnReview"": 0.0, ""odometerMileage"": 784.0, ""reviewDateEstimated"": ""2027-05-28""}",2026-07-10 16:53:43.245 -0400,2026-07-16 23:23:11.708 -0400
TSC7H50,Vai,3077.0,TSC7H50,,,,2026-07-14 13:15:53.513 -0400,,"9BWAG5R14TP049681","210901328","{""plate"": ""TSC7H50"", ""chassis"": ""9BWAG5R14TP049681"", ""codigoVai"": ""210901328"", ""ecuChassis"": ""9BWAG5R14TP049681"", ""lastReview"": ""2026-06-03"", ""reviewStatus"": 0, ""currentMileage"": 2910.615, ""initialMileage"": 12, ""lastConnection"": ""2026-07-14T17:15:53.513624+00:00"", ""dailyMileageAvg"": 59.0, ""mileageOnReview"": 0.0, ""odometerMileage"": 3077.0, ""reviewDateEstimated"": ""2026-11-14""}",2026-07-10 16:53:43.286 -0400,2026-07-16 23:23:11.709 -0400
TSC7H60,Vai,2583.0,TSC7H60,,,,2026-07-16 22:33:43.029 -0400,,"9BWAG5R12TP049307","191210550","{""plate"": ""TSC7H60"", ""chassis"": ""9BWAG5R12TP049307"", ""codigoVai"": ""191210550"", ""ecuChassis"": ""9BWAG5R12TP049307"", ""lastReview"": ""2026-06-03"", ""reviewStatus"": 0, ""currentMileage"": 2319.385, ""initialMileage"": 10, ""lastConnection"": ""2026-07-17T02:33:43.029815+00:00"", ""dailyMileageAvg"": 85.45454545454545, ""mileageOnReview"": 0.0, ""odometerMileage"": 2583.0, ""reviewDateEstimated"": ""2026-10-14""}",2026-07-10 16:53:43.258 -0400,2026-07-16 23:23:11.710 -0400
TSD0B30,Vai,12457.0,TSD0B30,,,,2026-07-16 22:42:23.055 -0400,,"9BWDH6BZ9T4006181","250101682","{""plate"": ""TSD0B30"", ""chassis"": ""9BWDH6BZ9T4006181"", ""codigoVai"": ""250101682"", ""ecuChassis"": ""9BWDH6BZ9T4006181"", ""lastReview"": ""2026-05-20"", ""reviewStatus"": 0, ""currentMileage"": 12244.634000000004, ""initialMileage"": 13, ""lastConnection"": ""2026-07-17T02:42:23.055074+00:00"", ""dailyMileageAvg"": 40.808429118773944, ""mileageOnReview"": 10301.0, ""odometerMileage"": 12457.0, ""reviewDateEstimated"": ""2027-01-30""}",2026-07-10 16:53:42.972 -0400,2026-07-16 23:23:11.711 -0400
TSD0B40,Vai,16952.0,TSD0B40,,,,2026-07-16 22:57:51.745 -0400,,"9BWDH6BZ4T4005990","250101667","{""plate"": ""TSD0B40"", ""chassis"": ""9BWDH6BZ4T4005990"", ""codigoVai"": ""250101667"", ""ecuChassis"": ""9BWDH6BZ4T4005990"", ""lastReview"": ""2026-03-02"", ""reviewStatus"": 0, ""currentMileage"": 16710.627, ""initialMileage"": 3902, ""lastConnection"": ""2026-07-17T02:57:51.745691+00:00"", ""dailyMileageAvg"": 56.6551724137931, ""mileageOnReview"": 9976.725999999999, ""odometerMileage"": 16952.0, ""reviewDateEstimated"": ""2026-09-12""}",2026-07-10 16:53:42.981 -0400,2026-07-16 23:23:11.713 -0400
TSF7B48,Vai,14863.0,TSF7B48,,,,2026-07-16 22:27:48.929 -0400,,"8AWBJ6B20SA810483","250101714","{""plate"": ""TSF7B48"", ""chassis"": ""8AWBJ6B20SA810483"", ""codigoVai"": ""250101714"", ""ecuChassis"": ""8AWBJ6B20SA810483"", ""lastReview"": ""2026-03-31"", ""reviewStatus"": 0, ""currentMileage"": 14654.872, ""initialMileage"": 21, ""lastConnection"": ""2026-07-17T02:27:48.929682+00:00"", ""dailyMileageAvg"": 54.32283464566929, ""mileageOnReview"": 9797.896999999997, ""odometerMileage"": 14863.0, ""reviewDateEstimated"": ""2026-10-19""}",2026-07-10 16:53:42.988 -0400,2026-07-16 23:23:11.713 -0400
TSG8A56,Vai,0.0,TSG8A56,,,,2026-07-16 22:15:14.344 -0400,,"9BGEN43T0TB145753","241101189","{""plate"": ""TSG8A56"", ""chassis"": ""9BGEN43T0TB145753"", ""codigoVai"": ""241101189"", ""ecuChassis"": ""9BGEN43T0TB145753"", ""lastReview"": ""2026-04-07"", ""reviewStatus"": 1, ""currentMileage"": 17127.976000000028, ""initialMileage"": 13246, ""lastConnection"": ""2026-07-17T02:15:14.344589+00:00"", ""dailyMileageAvg"": 67.45673076923077, ""mileageOnReview"": 9136.016000000087, ""odometerMileage"": 0.0, ""reviewDateEstimated"": ""2026-08-15""}",2026-07-10 16:53:42.996 -0400,2026-07-16 23:23:11.714 -0400
TSH1A70,Vai,3421.0,TSH1A70,,,,2026-07-16 22:02:26.748 -0400,,"9BWAG5R17TP042756","250101712","{""plate"": ""TSH1A70"", ""chassis"": ""9BWAG5R17TP042756"", ""codigoVai"": ""250101712"", ""ecuChassis"": ""9BWAG5R17TP042756"", ""lastReview"": ""2026-03-31"", ""reviewStatus"": 0, ""currentMileage"": 2941.885, ""initialMileage"": 12, ""lastConnection"": ""2026-07-17T02:02:26.748013+00:00"", ""dailyMileageAvg"": 42.274193548387096, ""mileageOnReview"": 0.0, ""odometerMileage"": 3421.0, ""reviewDateEstimated"": ""2026-12-30""}",2026-07-10 16:53:43.008 -0400,2026-07-16 23:23:11.716 -0400
TSH1A90,Vai,868.0,TSH1A90,,,,2026-07-16 22:08:45.959 -0400,,"9BWAG5R14TP042813","210902221","{""plate"": ""TSH1A90"", ""chassis"": ""9BWAG5R14TP042813"", ""codigoVai"": ""210902221"", ""ecuChassis"": ""9BWAG5R14TP042813"", ""lastReview"": ""2026-06-03"", ""reviewStatus"": 0, ""currentMileage"": 738.3030000000002, ""initialMileage"": 10, ""lastConnection"": ""2026-07-17T02:08:45.959059+00:00"", ""dailyMileageAvg"": 26.263157894736842, ""mileageOnReview"": 0.0, ""odometerMileage"": 868.0, ""reviewDateEstimated"": ""2027-06-03""}",2026-07-10 16:53:43.297 -0400,2026-07-16 23:23:11.717 -0400
TSH1B10,Vai,2464.0,TSH1B10,,,,2026-07-16 22:42:06.748 -0400,,"9BWAG5R1XTP042881","210901434","{""plate"": ""TSH1B10"", ""chassis"": ""9BWAG5R1XTP042881"", ""codigoVai"": ""210901434"", ""ecuChassis"": ""9BWAG5R1XTP042881"", ""lastReview"": ""2026-04-02"", ""reviewStatus"": 0, ""currentMileage"": 2349.2990000000004, ""initialMileage"": 8, ""lastConnection"": ""2026-07-17T02:42:06.748477+00:00"", ""dailyMileageAvg"": 27.962962962962962, ""mileageOnReview"": 0.0, ""odometerMileage"": 2464.0, ""reviewDateEstimated"": ""2027-04-02""}",2026-07-10 16:53:43.015 -0400,2026-07-16 23:23:11.718 -0400
TSH1B60,Vai,3309.0,TSH1B60,,,,2026-07-16 22:54:59.043 -0400,,"9BWAG5R16TP042747","210901711","{""plate"": ""TSH1B60"", ""chassis"": ""9BWAG5R16TP042747"", ""codigoVai"": ""210901711"", ""ecuChassis"": ""9BWAG5R16TP042747"", ""lastReview"": ""2026-04-02"", ""reviewStatus"": 0, ""currentMileage"": 3119.9010000000003, ""initialMileage"": 9, ""lastConnection"": ""2026-07-17T02:54:59.043990+00:00"", ""dailyMileageAvg"": 46.125, ""mileageOnReview"": 0.0, ""odometerMileage"": 3309.0, ""reviewDateEstimated"": ""2026-12-13""}",2026-07-10 16:53:43.011 -0400,2026-07-16 23:23:11.719 -0400
TSH1C30,Vai,3457.0,TSH1C30,,,,2026-07-15 03:59:33.531 -0400,,"9BWAG5R13TT032491","210302251","{""plate"": ""TSH1C30"", ""chassis"": ""9BWAG5R13TT032491"", ""codigoVai"": ""210302251"", ""ecuChassis"": ""9BWAG5R13TT032491"", ""lastReview"": ""2026-04-29"", ""reviewStatus"": 0, ""currentMileage"": 2894.6130000000003, ""initialMileage"": 10, ""lastConnection"": ""2026-07-15T07:59:33.531689+00:00"", ""dailyMileageAvg"": 62.75555555555555, ""mileageOnReview"": 0.0, ""odometerMileage"": 3457.0, ""reviewDateEstimated"": ""2026-11-07""}",2026-07-10 16:53:43.174 -0400,2026-07-16 23:23:11.720 -0400
TSH7H60,Vai,7401.0,TSH7H60,,,,2026-07-16 22:20:27.642 -0400,,"9BWAG5R15TP042478","190711860","{""plate"": ""TSH7H60"", ""chassis"": ""9BWAG5R15TP042478"", ""codigoVai"": ""190711860"", ""ecuChassis"": ""9BWAG5R15TP042478"", ""lastReview"": ""2026-03-30"", ""reviewStatus"": 0, ""currentMileage"": 6850.274000000003, ""initialMileage"": 8, ""lastConnection"": ""2026-07-17T02:20:27.642853+00:00"", ""dailyMileageAvg"": 85.43037974683544, ""mileageOnReview"": 0.0, ""odometerMileage"": 7401.0, ""reviewDateEstimated"": ""2026-08-22""}",2026-07-10 16:53:43.006 -0400,2026-07-16 23:23:11.725 -0400
TSH7J30,Vai,6739.0,TSH7J30,,,,2026-07-09 21:13:06.844 -0400,,"9BWAG5R19TP042323","230301792","{""plate"": ""TSH7J30"", ""chassis"": ""9BWAG5R19TP042323"", ""codigoVai"": ""230301792"", ""ecuChassis"": ""9BWAG5R19TP042323"", ""lastReview"": ""2026-04-17"", ""reviewStatus"": 0, ""currentMileage"": 5167.047000000002, ""initialMileage"": 20, ""lastConnection"": ""2026-07-10T01:13:06.844227+00:00"", ""dailyMileageAvg"": 80.67272727272727, ""mileageOnReview"": 0.0, ""odometerMileage"": 6739.0, ""reviewDateEstimated"": ""2026-09-14""}",2026-07-10 16:53:43.067 -0400,2026-07-16 23:23:11.726 -0400
TAC1J10,RastroSiga,31351.0,TAC-1J10,-3.0707666666666666,-60.005160000000004,false,2026-07-13 11:29:54.000 -0400,2026-07-13 11:29:55.690 -0400,"9BWAH5BZ8ST627879","2447","{""Plate"": ""TAC-1J10"", ""Driver"": null, ""Address"": null, ""IdEvent"": 2, ""Ignition"": false, ""Latitude"": -3.0707666666666666, ""ValidGPS"": true, ""Available"": null, ""EventDate"": ""2026-07-13T15:29:54Z"", ""Longitude"": -60.005160000000004, ""IdPosition"": 277008613, ""UpdateDate"": ""2026-07-13T15:29:55.69Z"", ""ListTrailer"": [], ""TrackedUnit"": ""TAC-1J10"", ""TrackerSlot"": 1, ""IdTrackedUnit"": 2447, ""ListTelemetry"": {""2"": 12.0, ""6"": 0.0, ""8"": 100.0, ""15"": 31351.0, ""17"": 0.0}, ""DocumentNumber"": null, ""ListInputSensor"": {""17"": false}, ""IdTrackedUnitType"": 1, ""ListOutputActuator"": {""33"": false}, ""DriverIdentification"": null, ""IdMainBatteryMeasureUnit"": 1, ""DistanceFromGeographicArea"": null, ""IdBackupBatteryMeasureUnit"": 2, ""TrackedUnitIntegrationCode"": null, ""PersonIntegrationCodeCenter"": """", ""PersonIntegrationCodeClient"": null}",2026-07-10 17:09:31.406 -0400,2026-07-13 17:44:38.084 -0400
TAA1D48,Vai,0.0,TAA1D48,,,,2026-07-16 22:17:07.708 -0400,,"9BWCH6CH6RP073135","210902595","{""plate"": ""TAA1D48"", ""chassis"": ""9BWCH6CH6RP073135"", ""codigoVai"": ""210902595"", ""ecuChassis"": ""9BWCH6CH6RP073135"", ""lastReview"": ""2026-07-09"", ""reviewStatus"": 0, ""currentMileage"": 16975.769000000004, ""initialMileage"": 4372, ""lastConnection"": ""2026-07-17T02:17:07.708003+00:00"", ""dailyMileageAvg"": 36.76623376623377, ""mileageOnReview"": 16771.626000000004, ""odometerMileage"": 0.0, ""reviewDateEstimated"": ""2027-04-09""}",2026-07-10 16:53:42.552 -0400,2026-07-16 23:23:11.610 -0400
TAA1E18,Vai,16704.0,TAA1E18,,,,2026-07-16 22:46:50.304 -0400,,"9BWCH6CH9RP061867","240100336","{""plate"": ""TAA1E18"", ""chassis"": ""9BWCH6CH9RP061867"", ""codigoVai"": ""240100336"", ""ecuChassis"": ""9BWCH6CH9RP061867"", ""lastReview"": ""2025-08-06"", ""reviewStatus"": 3, ""currentMileage"": 16663.136000000006, ""initialMileage"": 12246, ""lastConnection"": ""2026-07-17T02:46:50.304781+00:00"", ""dailyMileageAvg"": 66.72972972972973, ""mileageOnReview"": 11.317, ""odometerMileage"": 16704.0, ""reviewDateEstimated"": ""2026-04-08""}",2026-07-10 16:53:43.114 -0400,2026-07-16 23:23:11.613 -0400
TSH8A70,RastroSiga,2954.0,TSH-8A70,-3.0783766666666663,-59.98633777777778,false,2026-07-16 20:57:27.000 -0400,2026-07-16 20:57:28.311 -0400,"9BWBG6DF8TT409734","2469","{""Plate"": ""TSH-8A70"", ""Driver"": null, ""Address"": ""Aleixo, Manaus, AM, Brasil, 69000-000"", ""IdEvent"": 2, ""Ignition"": false, ""Latitude"": -3.0783766666666663, ""ValidGPS"": true, ""Available"": null, ""EventDate"": ""2026-07-17T00:57:27Z"", ""Longitude"": -59.98633777777778, ""IdPosition"": 279370840, ""UpdateDate"": ""2026-07-17T00:57:28.311Z"", ""ListTrailer"": null, ""TrackedUnit"": ""TSH-8A70"", ""TrackerSlot"": 1, ""IdTrackedUnit"": 2469, ""ListTelemetry"": {""2"": 9.0, ""6"": 87.0, ""8"": 100.0, ""15"": 2954.0, ""17"": 0.0}, ""DocumentNumber"": null, ""ListInputSensor"": {""17"": false}, ""IdTrackedUnitType"": 1, ""ListOutputActuator"": {}, ""DriverIdentification"": null, ""IdMainBatteryMeasureUnit"": 1, ""DistanceFromGeographicArea"": null, ""IdBackupBatteryMeasureUnit"": 2, ""TrackedUnitIntegrationCode"": null, ""PersonIntegrationCodeCenter"": """", ""PersonIntegrationCodeClient"": null}",2026-07-10 17:30:38.660 -0400,2026-07-16 23:23:11.727 -0400
TSH8B50,Vai,2953.0,TSH8B50,,,,2026-07-16 22:12:39.205 -0400,,"9BWBG6DF3TT409978","260101363","{""plate"": ""TSH8B50"", ""chassis"": ""9BWBG6DF3TT409978"", ""codigoVai"": ""260101363"", ""ecuChassis"": ""9BWBG6DF3TT409978"", ""lastReview"": ""2026-05-25"", ""reviewStatus"": 0, ""currentMileage"": 1168.3190000000002, ""initialMileage"": 6, ""lastConnection"": ""2026-07-17T02:12:39.205537+00:00"", ""dailyMileageAvg"": 28.529411764705884, ""mileageOnReview"": 0.0, ""odometerMileage"": 2953.0, ""reviewDateEstimated"": ""2027-05-22""}",2026-07-10 16:53:43.220 -0400,2026-07-16 23:23:11.728 -0400
TSK2A20,Vai,27780.0,TSK2A20,,,,2026-07-16 22:09:51.580 -0400,,"9BWAH5BZ8TT615555","241101699","{""plate"": ""TSK2A20"", ""chassis"": ""9BWAH5BZ8TT615555"", ""codigoVai"": ""241101699"", ""ecuChassis"": ""9BWAH5BZ8TT615555"", ""lastReview"": ""2026-02-05"", ""reviewStatus"": 0, ""currentMileage"": 26280.79099999999, ""initialMileage"": 8, ""lastConnection"": ""2026-07-17T02:09:51.580127+00:00"", ""dailyMileageAvg"": 71.27816901408451, ""mileageOnReview"": 20311.876000000004, ""odometerMileage"": 27780.0, ""reviewDateEstimated"": ""2026-09-11""}",2026-07-10 16:53:42.939 -0400,2026-07-16 23:23:11.732 -0400
TSM0C30,RastroSiga,,TSM-0C30,-3.0074866666666664,-60.03416,false,2026-07-16 22:45:36.000 -0400,2026-07-16 22:45:44.902 -0400,"9BWBG6DF8TT409720","2456","{""Plate"": ""TSM-0C30"", ""Driver"": null, ""Address"": ""Avenida Dona Otília, Tarumã, Manaus, AM, Brasil, 69000-000"", ""IdEvent"": 2, ""Ignition"": false, ""Latitude"": -3.0074866666666664, ""ValidGPS"": true, ""Available"": null, ""EventDate"": ""2026-07-17T02:45:36Z"", ""Longitude"": -60.03416, ""IdPosition"": 279413908, ""UpdateDate"": ""2026-07-17T02:45:44.902Z"", ""ListTrailer"": null, ""TrackedUnit"": ""TSM-0C30"", ""TrackerSlot"": 1, ""IdTrackedUnit"": 2456, ""ListTelemetry"": {""2"": 11.0, ""6"": 0.0, ""8"": 100.0, ""17"": 0.0}, ""DocumentNumber"": null, ""ListInputSensor"": {""17"": false}, ""IdTrackedUnitType"": 1, ""ListOutputActuator"": {""33"": false}, ""DriverIdentification"": null, ""IdMainBatteryMeasureUnit"": 1, ""DistanceFromGeographicArea"": null, ""IdBackupBatteryMeasureUnit"": 2, ""TrackedUnitIntegrationCode"": null, ""PersonIntegrationCodeCenter"": """", ""PersonIntegrationCodeClient"": null}",2026-07-10 16:53:43.184 -0400,2026-07-16 23:23:11.735 -0400
TSM4D30,Vai,2077.0,TSM4D30,,,,2026-07-16 22:49:15.987 -0400,,"9BWAG5R15TP049351","210300525","{""plate"": ""TSM4D30"", ""chassis"": ""9BWAG5R15TP049351"", ""codigoVai"": ""210300525"", ""ecuChassis"": ""9BWAG5R15TP049351"", ""lastReview"": ""2026-06-03"", ""reviewStatus"": 0, ""currentMileage"": 1979.2800000000007, ""initialMileage"": 0, ""lastConnection"": ""2026-07-17T02:49:15.987345+00:00"", ""dailyMileageAvg"": 46.77777777777778, ""mileageOnReview"": 0.0, ""odometerMileage"": 2077.0, ""reviewDateEstimated"": ""2027-01-04""}",2026-07-10 16:53:43.265 -0400,2026-07-16 23:23:11.744 -0400
TSM4G20,RastroSiga,353300.0,TSM-4G20,-3.0755683333333335,-60.078875555555555,false,2026-07-16 23:22:27.000 -0400,2026-07-16 23:22:30.238 -0400,"9BWAG5R12TP050120","2412","{""Plate"": ""TSM-4G20"", ""Driver"": null, ""Address"": ""Lírio do Vale, Manaus, AM, Brasil, 69000-000"", ""IdEvent"": 2, ""Ignition"": false, ""Latitude"": -3.0755683333333335, ""ValidGPS"": true, ""Available"": null, ""EventDate"": ""2026-07-17T03:22:27Z"", ""Longitude"": -60.078875555555555, ""IdPosition"": 279425077, ""UpdateDate"": ""2026-07-17T03:22:30.238Z"", ""ListTrailer"": null, ""TrackedUnit"": ""TSM-4G20"", ""TrackerSlot"": 1, ""IdTrackedUnit"": 2412, ""ListTelemetry"": {""2"": 15.0, ""6"": 22.0, ""7"": 13.0, ""8"": 80.0, ""15"": 353300.0, ""17"": 0.0}, ""DocumentNumber"": null, ""ListInputSensor"": {""17"": false}, ""IdTrackedUnitType"": 1, ""ListOutputActuator"": {""33"": false}, ""DriverIdentification"": null, ""IdMainBatteryMeasureUnit"": 1, ""DistanceFromGeographicArea"": null, ""IdBackupBatteryMeasureUnit"": 2, ""TrackedUnitIntegrationCode"": null, ""PersonIntegrationCodeCenter"": """", ""PersonIntegrationCodeClient"": null}",2026-07-10 17:36:43.912 -0400,2026-07-16 23:23:11.745 -0400
TAA1E98,Vai,14543.0,TAA1E98,,,,2026-07-16 22:34:28.265 -0400,,"9BWCH6CH1RP073169","250101742","{""plate"": ""TAA1E98"", ""chassis"": ""9BWCH6CH1RP073169"", ""codigoVai"": ""250101742"", ""ecuChassis"": ""9BWCH6CH1RP073169"", ""lastReview"": ""2025-08-04"", ""reviewStatus"": 1, ""currentMileage"": 14540.21, ""initialMileage"": 3602, ""lastConnection"": ""2026-07-17T02:34:28.265003+00:00"", ""dailyMileageAvg"": 28.231046931407942, ""mileageOnReview"": 5860.591000000043, ""odometerMileage"": 14543.0, ""reviewDateEstimated"": ""2026-08-04""}",2026-07-10 16:53:42.555 -0400,2026-07-16 23:23:11.614 -0400
TRZ6E93,Sem Rastreador,,,,,,,,"8AWBJ6B24RA833078",,"",2026-07-10 17:21:35.266 -0400,2026-07-16 23:23:11.681 -0400
TSB0E23,Sem Rastreador,,,,,,,,"9BWBH6BF8S4080686",,"",2026-07-10 17:26:36.349 -0400,2026-07-16 23:23:11.703 -0400
TSM4G30,Vai,111.8,Tsm4g30,,,,2026-07-16 22:31:28.802 -0400,,"9BWBH6DF9TT406533","260101774","{""plate"": ""Tsm4g30"", ""chassis"": ""9bwbh6df9tt406533"", ""codigoVai"": ""260101774"", ""ecuChassis"": ""9BWBH6DF9TT406533"", ""lastReview"": ""2026-06-12"", ""reviewStatus"": 0, ""currentMileage"": 1393.4880000000003, ""initialMileage"": 9, ""lastConnection"": ""2026-07-17T02:31:28.802032+00:00"", ""dailyMileageAvg"": 38.92307692307692, ""mileageOnReview"": 0.0, ""odometerMileage"": 111.80000000000001, ""reviewDateEstimated"": ""2027-02-23""}",2026-07-10 16:53:43.318 -0400,2026-07-16 23:23:11.762 -0400
TSM4G40,Vai,46.0,TSM4G40,,,,2026-07-16 22:10:50.328 -0400,,"9BWBH6DF7TT396262","260101768","{""plate"": ""TSM4G40"", ""chassis"": ""9BWBH6DF7TT396262"", ""codigoVai"": ""260101768"", ""ecuChassis"": ""9BWBH6DF7TT396262"", ""lastReview"": ""2026-06-12"", ""reviewStatus"": 0, ""currentMileage"": 539.299, ""initialMileage"": 7, ""lastConnection"": ""2026-07-17T02:10:50.328537+00:00"", ""dailyMileageAvg"": 16.44, ""mileageOnReview"": 0.0, ""odometerMileage"": 46.0, ""reviewDateEstimated"": ""2027-06-12""}",2026-07-10 16:53:43.336 -0400,2026-07-16 23:23:11.767 -0400
TSM4G50,Vai,105.7,TSM4G50,,,,2026-07-16 22:44:42.694 -0400,,"9BWBH6DF5TT403838","260101389","{""plate"": ""TSM4G50"", ""chassis"": ""9BWBH6DF5TT403838"", ""codigoVai"": ""260101389"", ""ecuChassis"": ""9BWBH6DF5TT403838"", ""lastReview"": ""2026-06-12"", ""reviewStatus"": 0, ""currentMileage"": 720.4420000000006, ""initialMileage"": 8, ""lastConnection"": ""2026-07-17T02:44:42.694173+00:00"", ""dailyMileageAvg"": 24.61904761904762, ""mileageOnReview"": 0.0, ""odometerMileage"": 105.7, ""reviewDateEstimated"": ""2027-06-12""}",2026-07-10 16:53:43.307 -0400,2026-07-16 23:23:11.769 -0400
TSM4G60,Vai,231.6,TSM4G60,,,,2026-07-16 22:17:50.435 -0400,,"9BWBH6DFXTT406556","260100041","{""plate"": ""TSM4G60"", ""chassis"": ""9BWBH6DFXTT406556"", ""codigoVai"": ""260100041"", ""ecuChassis"": ""9BWBH6DFXTT406556"", ""lastReview"": ""2026-06-12"", ""reviewStatus"": 0, ""currentMileage"": 2457.626000000001, ""initialMileage"": 10, ""lastConnection"": ""2026-07-17T02:17:50.435061+00:00"", ""dailyMileageAvg"": 67.8076923076923, ""mileageOnReview"": 0.0, ""odometerMileage"": 231.60000000000002, ""reviewDateEstimated"": ""2026-11-05""}",2026-07-10 16:53:43.329 -0400,2026-07-16 23:23:11.770 -0400
TSM6I70,Vai,2698.0,TSM6I70,,,,2026-07-16 22:30:45.301 -0400,,"9BWAG5R19TP038319","210901444","{""plate"": ""TSM6I70"", ""chassis"": ""9BWAG5R19TP038319"", ""codigoVai"": ""210901444"", ""ecuChassis"": ""9BWAG5R19TP038319"", ""lastReview"": ""2026-03-11"", ""reviewStatus"": 0, ""currentMileage"": 2505.629999999999, ""initialMileage"": 498, ""lastConnection"": ""2026-07-17T02:30:45.301437+00:00"", ""dailyMileageAvg"": 31.732142857142858, ""mileageOnReview"": 0.0, ""odometerMileage"": 2698.0, ""reviewDateEstimated"": ""2027-03-10""}",2026-07-10 16:53:43.005 -0400,2026-07-16 23:23:11.772 -0400
TAB5C59,Vai,14930.0,TAB5C59,,,,2026-07-16 22:52:29.904 -0400,,"9BWKL45U3SP017894","210301858","{""plate"": ""TAB5C59"", ""chassis"": ""9BWKL45U3SP017894"", ""codigoVai"": ""210301858"", ""ecuChassis"": ""9BWKL45U3SP017894"", ""lastReview"": ""2025-10-09"", ""reviewStatus"": 2, ""currentMileage"": 14955.311, ""initialMileage"": 3427, ""lastConnection"": ""2026-07-17T02:52:29.904257+00:00"", ""dailyMileageAvg"": 35.98290598290598, ""mileageOnReview"": 4432.089000000001, ""odometerMileage"": 14930.0, ""reviewDateEstimated"": ""2026-07-02""}",2026-07-10 16:53:42.791 -0400,2026-07-16 23:23:11.616 -0400
TSO3C80,Vai,11618.0,TSO3C80,,,,2026-07-16 22:43:57.100 -0400,,"9BWAG5R19TP040443","250101723","{""plate"": ""TSO3C80"", ""chassis"": ""9BWAG5R19TP040443"", ""codigoVai"": ""250101723"", ""ecuChassis"": ""9BWAG5R19TP040443"", ""lastReview"": ""2026-07-01"", ""reviewStatus"": 0, ""currentMileage"": 10009.870000000019, ""initialMileage"": 8, ""lastConnection"": ""2026-07-17T02:43:57.100292+00:00"", ""dailyMileageAvg"": 87.58878504672897, ""mileageOnReview"": 8907.066000000012, ""odometerMileage"": 11618.0, ""reviewDateEstimated"": ""2026-10-26""}",2026-07-10 16:53:43.002 -0400,2026-07-16 23:23:11.778 -0400
TSO3E20,Vai,11205.0,TSO3E20,,,,2026-07-16 22:23:31.915 -0400,,"9BWAG5R15TP042125","240301363","{""plate"": ""TSO3E20"", ""chassis"": ""9BWAG5R15TP042125"", ""codigoVai"": ""240301363"", ""ecuChassis"": ""9BWAG5R15TP042125"", ""lastReview"": ""2026-06-25"", ""reviewStatus"": 0, ""currentMileage"": 9841.204000000003, ""initialMileage"": 8053, ""lastConnection"": ""2026-07-17T02:23:31.915228+00:00"", ""dailyMileageAvg"": 100.3731343283582, ""mileageOnReview"": 8802.164000000004, ""odometerMileage"": 11205.0, ""reviewDateEstimated"": ""2026-10-14""}",2026-07-10 16:53:43.136 -0400,2026-07-16 23:23:11.779 -0400
TSO3E90,Vai,92.0,TSO3E90,,,,2026-07-16 22:10:25.149 -0400,,"9BWAG5R10TP042324","240300026","{""plate"": ""TSO3E90"", ""chassis"": ""9BWAG5R10TP042324"", ""codigoVai"": ""240300026"", ""ecuChassis"": ""9BWAG5R10TP042324"", ""lastReview"": ""2026-04-24"", ""reviewStatus"": 0, ""currentMileage"": 1125.406, ""initialMileage"": 184, ""lastConnection"": ""2026-07-17T02:10:25.149124+00:00"", ""dailyMileageAvg"": 25.424242424242426, ""mileageOnReview"": 184.0, ""odometerMileage"": 92.0, ""reviewDateEstimated"": ""2027-04-24""}",2026-07-10 16:53:43.123 -0400,2026-07-16 23:23:11.781 -0400
TSO3J20,Vai,3080.0,TSO3J20,,,,2026-07-16 22:24:31.269 -0400,,"9BWJL45U6TP074510","210300170","{""plate"": ""TSO3J20"", ""chassis"": ""9BWJL45U6TP074510"", ""codigoVai"": ""210300170"", ""ecuChassis"": ""9BWJL45U6TP074510"", ""lastReview"": ""2026-04-10"", ""reviewStatus"": 0, ""currentMileage"": 2902.4950000000003, ""initialMileage"": 12, ""lastConnection"": ""2026-07-17T02:24:31.269958+00:00"", ""dailyMileageAvg"": 35.35897435897436, ""mileageOnReview"": 0.0, ""odometerMileage"": 3080.0, ""reviewDateEstimated"": ""2027-02-02""}",2026-07-10 16:53:43.033 -0400,2026-07-16 23:23:11.784 -0400
TSO3J30,Vai,93.6,TSO3J30,,,,2026-07-16 22:33:03.555 -0400,,"9BWAG5R10TP042730","240100768","{""plate"": ""TSO3J30"", ""chassis"": ""9BWAG5R10TP042730"", ""codigoVai"": ""240100768"", ""ecuChassis"": ""9BWAG5R10TP042730"", ""lastReview"": ""2026-04-17"", ""reviewStatus"": 0, ""currentMileage"": 1155.5960000000005, ""initialMileage"": 12, ""lastConnection"": ""2026-07-17T02:33:03.555627+00:00"", ""dailyMileageAvg"": 26.71794871794872, ""mileageOnReview"": 0.0, ""odometerMileage"": 93.60000000000001, ""reviewDateEstimated"": ""2027-04-17""}",2026-07-10 16:53:43.040 -0400,2026-07-16 23:23:11.786 -0400
TSO3J40,Vai,1830.0,TSO3J40,,,,2026-07-16 22:05:50.957 -0400,,"9BWKL45UXTP076636","241101071","{""plate"": ""TSO3J40"", ""chassis"": ""9BWKL45UXTP076636"", ""codigoVai"": ""241101071"", ""ecuChassis"": ""9BWKL45UXTP076636"", ""lastReview"": ""2026-04-10"", ""reviewStatus"": 0, ""currentMileage"": 1888.0839999999998, ""initialMileage"": 11, ""lastConnection"": ""2026-07-17T02:05:50.957199+00:00"", ""dailyMileageAvg"": 33.411764705882355, ""mileageOnReview"": 0.0, ""odometerMileage"": 1830.0, ""reviewDateEstimated"": ""2027-03-16""}",2026-07-10 16:53:43.022 -0400,2026-07-16 23:23:11.788 -0400
TSO3J50,Vai,2670.0,TSO3J50,,,,2026-07-16 22:10:09.695 -0400,,"9BWJL45U9TP073237","240300615","{""plate"": ""TSO3J50"", ""chassis"": ""9BWJL45U9TP073237"", ""codigoVai"": ""240300615"", ""ecuChassis"": ""9BWJL45U9TP073237"", ""lastReview"": ""2026-04-10"", ""reviewStatus"": 0, ""currentMileage"": 2723.691000000001, ""initialMileage"": 1492, ""lastConnection"": ""2026-07-17T02:10:09.695329+00:00"", ""dailyMileageAvg"": 15.464285714285714, ""mileageOnReview"": 0.0, ""odometerMileage"": 2670.0, ""reviewDateEstimated"": ""2027-04-10""}",2026-07-10 16:53:43.029 -0400,2026-07-16 23:23:11.789 -0400
TSO3J60,Vai,4190.0,TSO3J60,,,,2026-07-16 22:44:45.351 -0400,,"9BWKL45UXTP076622","240301209","{""plate"": ""TSO3J60"", ""chassis"": ""9BWKL45UXTP076622"", ""codigoVai"": ""240301209"", ""ecuChassis"": ""9BWKL45UXTP076622"", ""lastReview"": ""2026-04-10"", ""reviewStatus"": 0, ""currentMileage"": 4357.504000000001, ""initialMileage"": 2014, ""lastConnection"": ""2026-07-17T02:44:45.351158+00:00"", ""dailyMileageAvg"": 24.518987341772153, ""mileageOnReview"": 0.0, ""odometerMileage"": 4190.0, ""reviewDateEstimated"": ""2027-03-04""}",2026-07-10 16:53:43.026 -0400,2026-07-16 23:23:11.790 -0400
TSO6I30,RastroSiga,4035.0,TSO-6I30,-3.0245,-59.98154666666667,false,2026-07-16 22:27:25.000 -0400,2026-07-16 22:27:27.700 -0400,"9BWJL45U4TP069581","2405","{""Plate"": ""TSO-6I30"", ""Driver"": null, ""Address"": ""Rua Sebastião Norões, Cidade Nova, Manaus, AM, Brasil, 69000-000"", ""IdEvent"": 2, ""Ignition"": false, ""Latitude"": -3.0245, ""ValidGPS"": true, ""Available"": null, ""EventDate"": ""2026-07-17T02:27:25Z"", ""Longitude"": -59.98154666666667, ""IdPosition"": 279407502, ""UpdateDate"": ""2026-07-17T02:27:27.7Z"", ""ListTrailer"": null, ""TrackedUnit"": ""TSO-6I30"", ""TrackerSlot"": 1, ""IdTrackedUnit"": 2405, ""ListTelemetry"": {""2"": 15.0, ""6"": 158.0, ""7"": 12.8, ""8"": 80.0, ""15"": 4035.0, ""17"": 0.0}, ""DocumentNumber"": null, ""ListInputSensor"": {""17"": false}, ""IdTrackedUnitType"": 1, ""ListOutputActuator"": {""33"": false}, ""DriverIdentification"": null, ""IdMainBatteryMeasureUnit"": 1, ""DistanceFromGeographicArea"": null, ""IdBackupBatteryMeasureUnit"": 2, ""TrackedUnitIntegrationCode"": null, ""PersonIntegrationCodeCenter"": """", ""PersonIntegrationCodeClient"": null}",2026-07-10 17:37:44.303 -0400,2026-07-16 23:23:11.793 -0400
TAB9D43,Vai,18391.0,TAB9D43,,,,2026-07-16 22:45:51.558 -0400,,"9BWAH5BZ3ST634805","240301124","{""plate"": ""TAB9D43"", ""chassis"": ""9BWAH5BZ3ST634805"", ""codigoVai"": ""240301124"", ""ecuChassis"": ""9BWAH5BZ3ST634805"", ""lastReview"": ""2025-07-25"", ""reviewStatus"": 1, ""currentMileage"": 17921.81600000001, ""initialMileage"": 158, ""lastConnection"": ""2026-07-17T02:45:51.558439+00:00"", ""dailyMileageAvg"": 43.992, ""mileageOnReview"": 10328.585, ""odometerMileage"": 18391.0, ""reviewDateEstimated"": ""2026-07-25""}",2026-07-10 16:53:42.583 -0400,2026-07-16 23:23:11.619 -0400
TSO6I40,Vai,167.5,TSO6I40,,,,2026-07-16 22:57:38.375 -0400,,"9BWAG5R18TP042359","240100266","{""plate"": ""TSO6I40"", ""chassis"": ""9BWAG5R18TP042359"", ""codigoVai"": ""240100266"", ""ecuChassis"": ""9BWAG5R18TP042359"", ""lastReview"": ""2026-04-24"", ""reviewStatus"": 0, ""currentMileage"": 1658.8410000000001, ""initialMileage"": 543, ""lastConnection"": ""2026-07-17T02:57:38.375894+00:00"", ""dailyMileageAvg"": 28.47222222222222, ""mileageOnReview"": 543.0, ""odometerMileage"": 167.5, ""reviewDateEstimated"": ""2027-04-24""}",2026-07-10 16:53:43.092 -0400,2026-07-16 23:23:11.795 -0400
TAC1B58,Vai,25984.0,TAC1B58,,,,2026-07-14 00:52:17.424 -0400,,"9BWAG5R16ST018244","210901303","{""plate"": ""TAC1B58"", ""chassis"": ""9BWAG5R16ST018244"", ""codigoVai"": ""210901303"", ""ecuChassis"": ""9BWAG5R16ST018244"", ""lastReview"": ""2026-03-18"", ""reviewStatus"": 0, ""currentMileage"": 25691.807000000004, ""initialMileage"": 5863, ""lastConnection"": ""2026-07-14T04:52:17.424903+00:00"", ""dailyMileageAvg"": 48.83692307692308, ""mileageOnReview"": 19207.084999999995, ""odometerMileage"": 25984.0, ""reviewDateEstimated"": ""2026-09-26""}",2026-07-10 16:53:42.557 -0400,2026-07-16 23:23:11.620 -0400
TAC8I23,Vai,12517.0,TAC8I23,,,,2026-07-16 22:14:29.943 -0400,,"9BWDH6BZ1SP018225","240301123","{""plate"": ""TAC8I23"", ""chassis"": ""9BWDH6BZ1SP018225"", ""codigoVai"": ""240301123"", ""ecuChassis"": ""9BWDH6BZ1SP018225"", ""lastReview"": ""2025-11-13"", ""reviewStatus"": 0, ""currentMileage"": 12489.769000000002, ""initialMileage"": 11, ""lastConnection"": ""2026-07-17T02:14:29.943359+00:00"", ""dailyMileageAvg"": 24.84971098265896, ""mileageOnReview"": 9712.828, ""odometerMileage"": 12517.0, ""reviewDateEstimated"": ""2026-11-13""}",2026-07-10 16:53:42.567 -0400,2026-07-16 23:23:11.623 -0400
TAD1F43,Vai,32080.0,TAD1F43,,,,2026-07-16 17:18:52.201 -0400,,"9BWJL45U7SP036458","191110018","{""plate"": ""TAD1F43"", ""chassis"": ""9BWJL45U7SP036458"", ""codigoVai"": ""191110018"", ""ecuChassis"": ""9BWJL45U7SP036458"", ""lastReview"": ""2026-06-02"", ""reviewStatus"": 0, ""currentMileage"": 32359.431000000004, ""initialMileage"": 7, ""lastConnection"": ""2026-07-16T21:18:52.201475+00:00"", ""dailyMileageAvg"": 68.0054794520548, ""mileageOnReview"": 30624.98, ""odometerMileage"": 32080.0, ""reviewDateEstimated"": ""2026-11-15""}",2026-07-10 16:53:42.594 -0400,2026-07-16 23:23:11.624 -0400
UTP9E76,RastroSiga,7300.0,UTP-9E76,-3.0707533333333337,-60.00505777777778,false,2026-07-16 22:51:27.000 -0400,2026-07-16 22:51:30.341 -0400,"9BWCH6CH9VP000772","2460","{""Plate"": ""UTP-9E76"", ""Driver"": null, ""Address"": ""Rua Alexandre Magno, Parque Dez de Novembro, Manaus, AM, Brasil, 69000-000"", ""IdEvent"": 2, ""Ignition"": false, ""Latitude"": -3.0707533333333337, ""ValidGPS"": true, ""Available"": null, ""EventDate"": ""2026-07-17T02:51:27Z"", ""Longitude"": -60.00505777777778, ""IdPosition"": 279415859, ""UpdateDate"": ""2026-07-17T02:51:30.341Z"", ""ListTrailer"": null, ""TrackedUnit"": ""UTP-9E76"", ""TrackerSlot"": 1, ""IdTrackedUnit"": 2460, ""ListTelemetry"": {""2"": 15.0, ""6"": 0.0, ""7"": 12.6, ""8"": 80.0, ""15"": 7300.0, ""17"": 0.0}, ""DocumentNumber"": null, ""ListInputSensor"": {""17"": false}, ""IdTrackedUnitType"": 1, ""ListOutputActuator"": {""33"": false}, ""DriverIdentification"": null, ""IdMainBatteryMeasureUnit"": 1, ""DistanceFromGeographicArea"": null, ""IdBackupBatteryMeasureUnit"": 2, ""TrackedUnitIntegrationCode"": null, ""PersonIntegrationCodeCenter"": """", ""PersonIntegrationCodeClient"": null}",2026-07-10 17:40:45.110 -0400,2026-07-16 23:23:11.800 -0400
UTP9F66,RastroSiga,106900.0,UTP-9F66,-3.0755600000000003,-60.010528888888885,false,2026-07-16 23:02:23.000 -0400,2026-07-16 23:02:26.368 -0400,"9BWCH6CH1VP006520","2458","{""Plate"": ""UTP-9F66"", ""Driver"": null, ""Address"": ""Parque Dez de Novembro, Manaus, AM, Brasil, 69000-000"", ""IdEvent"": 2, ""Ignition"": false, ""Latitude"": -3.0755600000000003, ""ValidGPS"": true, ""Available"": null, ""EventDate"": ""2026-07-17T03:02:23Z"", ""Longitude"": -60.010528888888885, ""IdPosition"": 279419085, ""UpdateDate"": ""2026-07-17T03:02:26.368Z"", ""ListTrailer"": null, ""TrackedUnit"": ""UTP-9F66"", ""TrackerSlot"": 1, ""IdTrackedUnit"": 2458, ""ListTelemetry"": {""2"": 15.0, ""6"": 192.0, ""7"": 12.9, ""8"": 80.0, ""15"": 106900.0, ""17"": 0.0}, ""DocumentNumber"": null, ""ListInputSensor"": {""17"": false}, ""IdTrackedUnitType"": 1, ""ListOutputActuator"": {""33"": false}, ""DriverIdentification"": null, ""IdMainBatteryMeasureUnit"": 1, ""DistanceFromGeographicArea"": null, ""IdBackupBatteryMeasureUnit"": 2, ""TrackedUnitIntegrationCode"": null, ""PersonIntegrationCodeCenter"": """", ""PersonIntegrationCodeClient"": null}",2026-07-10 17:41:45.316 -0400,2026-07-16 23:23:11.802 -0400
TAD1G53,Vai,16146.0,TAD1G53,,,,2026-07-16 07:12:20.791 -0400,,"9BWAG5R12ST046509","210901373","{""plate"": ""TAD1G53"", ""chassis"": ""9BWAG5R12ST046509"", ""codigoVai"": ""210901373"", ""ecuChassis"": ""9BWAG5R12ST046509"", ""lastReview"": ""2025-11-04"", ""reviewStatus"": 0, ""currentMileage"": 15737.633, ""initialMileage"": 5, ""lastConnection"": ""2026-07-16T11:12:20.791025+00:00"", ""dailyMileageAvg"": 31.440828402366865, ""mileageOnReview"": 9607.453, ""odometerMileage"": 16146.0, ""reviewDateEstimated"": ""2026-11-04""}",2026-07-10 16:53:42.608 -0400,2026-07-16 23:23:11.626 -0400
TAE9G72,Vai,27651.0,TAE9G72,,,,2026-07-16 22:27:14.781 -0400,,"9BWBH6BF8S4070918","241101511","{""plate"": ""TAE9G72"", ""chassis"": ""9BWBH6BF8S4070918"", ""codigoVai"": ""241101511"", ""ecuChassis"": ""9BWBH6BF8S4070918"", ""lastReview"": ""2026-04-12"", ""reviewStatus"": 0, ""currentMileage"": 25981.348999999915, ""initialMileage"": 24691, ""lastConnection"": ""2026-07-17T02:27:14.781046+00:00"", ""dailyMileageAvg"": 56.20180722891566, ""mileageOnReview"": 19638.038, ""odometerMileage"": 27651.0, ""reviewDateEstimated"": ""2026-09-20""}",2026-07-10 16:53:42.700 -0400,2026-07-16 23:23:11.628 -0400
TAF6B62,Vai,13280.0,TAF6B62,,,,2026-07-16 22:59:52.012 -0400,,"9BWJL45UXSP057787","210901484","{""plate"": ""TAF6B62"", ""chassis"": ""9BWJL45UXSP057787"", ""codigoVai"": ""210901484"", ""ecuChassis"": ""9BWJL45UXSP057787"", ""lastReview"": ""2026-02-12"", ""reviewStatus"": 0, ""currentMileage"": 13347.052000000007, ""initialMileage"": 1085, ""lastConnection"": ""2026-07-17T02:59:52.012391+00:00"", ""dailyMileageAvg"": 40.65447154471545, ""mileageOnReview"": 7677.602000000002, ""odometerMileage"": 13280.0, ""reviewDateEstimated"": ""2026-10-31""}",2026-07-10 16:53:42.666 -0400,2026-07-16 23:23:11.630 -0400
TAH0F24,Vai,44477.0,TAH0F24,,,,2026-07-16 22:01:32.053 -0400,,"9BWAG5R10RT053517","191110028","{""plate"": ""TAH0F24"", ""chassis"": ""9BWAG5R10RT053517"", ""codigoVai"": ""191110028"", ""ecuChassis"": ""9BWAG5R10RT053517"", ""lastReview"": ""2026-04-19"", ""reviewStatus"": 0, ""currentMileage"": 44501.304000000004, ""initialMileage"": 0, ""lastConnection"": ""2026-07-17T02:01:32.053306+00:00"", ""dailyMileageAvg"": 67.95882352941176, ""mileageOnReview"": 40717.038, ""odometerMileage"": 44477.0, ""reviewDateEstimated"": ""2026-10-16""}",2026-07-10 16:53:42.496 -0400,2026-07-16 23:23:11.642 -0400
TAH2E14,Vai,19910.0,TAH2E14,,,,2026-07-16 22:10:29.188 -0400,,"9BWAG5R18RT053488","210300581","{""plate"": ""TAH2E14"", ""chassis"": ""9BWAG5R18RT053488"", ""codigoVai"": ""210300581"", ""ecuChassis"": ""9BWAG5R18RT053488"", ""lastReview"": ""2025-12-16"", ""reviewStatus"": 0, ""currentMileage"": 19280.406999999996, ""initialMileage"": 6, ""lastConnection"": ""2026-07-17T02:10:29.188591+00:00"", ""dailyMileageAvg"": 39.763688760806915, ""mileageOnReview"": 14410.612000000005, ""odometerMileage"": 19910.0, ""reviewDateEstimated"": ""2026-11-23""}",2026-07-10 16:53:42.517 -0400,2026-07-16 23:23:11.643 -0400
TAH2G24,Vai,20126.0,TAH2G24,,,,2026-07-16 22:57:39.258 -0400,,"9BWAG5R11RT053512","210300733","{""plate"": ""TAH2G24"", ""chassis"": ""9BWAG5R11RT053512"", ""codigoVai"": ""210300733"", ""ecuChassis"": ""9BWAG5R11RT053512"", ""lastReview"": ""2026-05-06"", ""reviewStatus"": 0, ""currentMileage"": 19993.87600000001, ""initialMileage"": 1273, ""lastConnection"": ""2026-07-17T02:57:39.258747+00:00"", ""dailyMileageAvg"": 43.201149425287355, ""mileageOnReview"": 14819.781, ""odometerMileage"": 20126.0, ""reviewDateEstimated"": ""2026-11-05""}",2026-07-10 16:53:42.473 -0400,2026-07-16 23:23:11.644 -0400
TRY6C63,Vai,17685.0,TRY6C63,,,,2026-07-16 22:56:48.412 -0400,,"9BWAG5R11ST077007","191110928","{""plate"": ""TRY6C63"", ""chassis"": ""9BWAG5R11ST077007"", ""codigoVai"": ""191110928"", ""ecuChassis"": ""9BWAG5R11ST077007"", ""lastReview"": ""2025-11-26"", ""reviewStatus"": 0, ""currentMileage"": 17148.930999999997, ""initialMileage"": 7, ""lastConnection"": ""2026-07-17T02:56:48.412012+00:00"", ""dailyMileageAvg"": 57.23275862068966, ""mileageOnReview"": 9682.195, ""odometerMileage"": 17685.0, ""reviewDateEstimated"": ""2026-08-30""}",2026-07-10 16:53:42.758 -0400,2026-07-16 23:23:11.667 -0400
TRY6C73,Vai,33733.0,TRY6C73,,,,2026-07-16 22:34:23.475 -0400,,"9BWAG5R19ST077000","210902001","{""plate"": ""TRY6C73"", ""chassis"": ""9BWAG5R19ST077000"", ""codigoVai"": ""210902001"", ""ecuChassis"": ""9BWAG5R19ST077000"", ""lastReview"": ""2026-05-19"", ""reviewStatus"": 0, ""currentMileage"": 32568.15199999999, ""initialMileage"": 6, ""lastConnection"": ""2026-07-17T02:34:23.475871+00:00"", ""dailyMileageAvg"": 104.1923076923077, ""mileageOnReview"": 29326.27699999999, ""odometerMileage"": 33733.0, ""reviewDateEstimated"": ""2026-09-19""}",2026-07-10 16:53:42.736 -0400,2026-07-16 23:23:11.668 -0400
TSA0A05,Vai,0.0,TSA0A05,,,,2026-07-16 22:09:56.069 -0400,,"9BWCH6CH9SP023271","210902360","{""plate"": ""TSA0A05"", ""chassis"": ""9BWCH6CH9SP023271"", ""codigoVai"": ""210902360"", ""ecuChassis"": ""9BWCH6CH9SP023271"", ""lastReview"": ""2026-04-26"", ""reviewStatus"": 0, ""currentMileage"": 11362.967000000004, ""initialMileage"": 43, ""lastConnection"": ""2026-07-17T02:09:56.069476+00:00"", ""dailyMileageAvg"": 28.221122112211223, ""mileageOnReview"": 9499.886999999999, ""odometerMileage"": 0.0, ""reviewDateEstimated"": ""2027-04-26""}",2026-07-10 16:53:42.906 -0400,2026-07-16 23:23:11.682 -0400
TSA1D90,Vai,11779.0,TSA1D90,,,,2026-07-16 22:32:43.074 -0400,,"9BWAH5BZ4TT616895","241101711","{""plate"": ""TSA1D90"", ""chassis"": ""9BWAH5BZ4TT616895"", ""codigoVai"": ""241101711"", ""ecuChassis"": ""9BWAH5BZ4TT616895"", ""lastReview"": ""2026-05-17"", ""reviewStatus"": 0, ""currentMileage"": 10938.855000000007, ""initialMileage"": 508, ""lastConnection"": ""2026-07-17T02:32:43.074856+00:00"", ""dailyMileageAvg"": 46.42986425339367, ""mileageOnReview"": 9372.769, ""odometerMileage"": 11779.0, ""reviewDateEstimated"": ""2027-01-14""}",2026-07-10 16:53:42.963 -0400,2026-07-16 23:23:11.683 -0400
TSA3I04,RastroSiga,47749.0,TSA-3I04,-3.08818,-60.02534222222222,false,2026-07-16 21:22:19.000 -0400,2026-07-16 21:22:20.617 -0400,"9BWAG5R13ST083830","2487","{""Plate"": ""TSA-3I04"", ""Driver"": null, ""Address"": ""Travessa Amor do Campo, Chapada, Manaus, AM, Brasil, 69000-000"", ""IdEvent"": 2, ""Ignition"": false, ""Latitude"": -3.08818, ""ValidGPS"": true, ""Available"": null, ""EventDate"": ""2026-07-17T01:22:19Z"", ""Longitude"": -60.02534222222222, ""IdPosition"": 279381159, ""UpdateDate"": ""2026-07-17T01:22:20.617Z"", ""ListTrailer"": null, ""TrackedUnit"": ""TSA-3I04"", ""TrackerSlot"": 1, ""IdTrackedUnit"": 2487, ""ListTelemetry"": {""2"": 6.0, ""6"": 89.0, ""8"": 100.0, ""15"": 47749.0, ""17"": 13.0}, ""DocumentNumber"": null, ""ListInputSensor"": {""17"": false}, ""IdTrackedUnitType"": 1, ""ListOutputActuator"": {}, ""DriverIdentification"": null, ""IdMainBatteryMeasureUnit"": 1, ""DistanceFromGeographicArea"": null, ""IdBackupBatteryMeasureUnit"": 2, ""TrackedUnitIntegrationCode"": null, ""PersonIntegrationCodeCenter"": """", ""PersonIntegrationCodeClient"": null}",2026-07-10 16:53:42.864 -0400,2026-07-16 23:23:11.693 -0400
TSA3I14,Vai,23227.0,TSA3I14,,,,2026-07-16 15:45:44.649 -0400,,"9BWAG5R13ST083889","210300796","{""plate"": ""TSA3I14"", ""chassis"": ""9BWAG5R13ST083889"", ""codigoVai"": ""210300796"", ""ecuChassis"": ""9BWAG5R13ST083889"", ""lastReview"": ""2026-04-07"", ""reviewStatus"": 0, ""currentMileage"": 23082.32, ""initialMileage"": 319, ""lastConnection"": ""2026-07-16T19:45:44.649607+00:00"", ""dailyMileageAvg"": 65.7457627118644, ""mileageOnReview"": 19682.564, ""odometerMileage"": 23227.0, ""reviewDateEstimated"": ""2026-10-25""}",2026-07-10 16:53:42.882 -0400,2026-07-16 23:23:11.694 -0400
TSA3I84,Vai,21724.0,TSA3I84,,,,2026-07-10 23:30:28.159 -0400,,"9BWAG5R13ST083956","210901715","{""plate"": ""TSA3I84"", ""chassis"": ""9BWAG5R13ST083956"", ""codigoVai"": ""210901715"", ""ecuChassis"": ""9BWAG5R13ST083956"", ""lastReview"": ""2026-05-31"", ""reviewStatus"": 0, ""currentMileage"": 20648.820000000003, ""initialMileage"": 1722, ""lastConnection"": ""2026-07-11T03:30:28.159811+00:00"", ""dailyMileageAvg"": 76.93273542600897, ""mileageOnReview"": 14343.244000000006, ""odometerMileage"": 21724.0, ""reviewDateEstimated"": ""2026-09-03""}",2026-07-10 16:53:42.849 -0400,2026-07-16 23:23:11.696 -0400
QZX4I40,Sem Rastreador,,,,,,,,"9BWAG5R1XRT046493",,"",2026-07-13 15:21:38.952 -0400,2026-07-16 23:23:11.598 -0400
TSC1C73,Vai,22547.0,TSC1C73,,,,2026-07-16 22:43:12.874 -0400,,"9BWAH5BZ0ST663789","241101098","{""plate"": ""TSC1C73"", ""chassis"": ""9BWAH5BZ0ST663789"", ""codigoVai"": ""241101098"", ""ecuChassis"": ""9BWAH5BZ0ST663789"", ""lastReview"": ""2025-11-04"", ""reviewStatus"": 3, ""currentMileage"": 21550.432999999997, ""initialMileage"": 1163, ""lastConnection"": ""2026-07-17T02:43:12.874426+00:00"", ""dailyMileageAvg"": 62.67782426778243, ""mileageOnReview"": 9448.557, ""odometerMileage"": 22547.0, ""reviewDateEstimated"": ""2026-06-13""}",2026-07-10 16:53:42.822 -0400,2026-07-16 23:23:11.704 -0400
QZY1A89,RastroSiga,19796.0,QZY-1A89,-3.0718016666666665,-60.00628888888889,false,2026-07-16 13:33:13.000 -0400,2026-07-16 13:33:15.238 -0400,"9BWJL45UXPP076010","2451","{""Plate"": ""QZY-1A89"", ""Driver"": null, ""Address"": ""Avenida Tancredo Neves, Parque Dez de Novembro, Manaus, AM, Brasil, 69000-000"", ""IdEvent"": 2, ""Ignition"": false, ""Latitude"": -3.0718016666666665, ""ValidGPS"": true, ""Available"": null, ""EventDate"": ""2026-07-16T17:33:13Z"", ""Longitude"": -60.00628888888889, ""IdPosition"": 279122007, ""UpdateDate"": ""2026-07-16T17:33:15.238Z"", ""ListTrailer"": null, ""TrackedUnit"": ""QZY-1A89"", ""TrackerSlot"": 1, ""IdTrackedUnit"": 2451, ""ListTelemetry"": {""2"": 12.0, ""6"": 56.0, ""8"": 100.0, ""15"": 19796.0, ""17"": 0.0}, ""DocumentNumber"": null, ""ListInputSensor"": {""17"": false}, ""IdTrackedUnitType"": 1, ""ListOutputActuator"": {}, ""DriverIdentification"": null, ""IdMainBatteryMeasureUnit"": 1, ""DistanceFromGeographicArea"": null, ""IdBackupBatteryMeasureUnit"": 2, ""TrackedUnitIntegrationCode"": null, ""PersonIntegrationCodeCenter"": """", ""PersonIntegrationCodeClient"": null}",2026-07-10 16:59:27.097 -0400,2026-07-16 23:23:11.600 -0400
TSH1F86,RastroSiga,9312.0,TSH-1F86,-3.0601816666666664,-60.101324444444444,false,2026-07-16 20:10:31.000 -0400,2026-07-16 20:10:33.465 -0400,"9BWDH6BZ6T4013959","2495","{""Plate"": ""TSH-1F86"", ""Driver"": null, ""Address"": ""Rua Quatro, Ponta Negra, Manaus, AM, Brasil, 69000-000"", ""IdEvent"": 2, ""Ignition"": false, ""Latitude"": -3.0601816666666664, ""ValidGPS"": true, ""Available"": null, ""EventDate"": ""2026-07-17T00:10:31Z"", ""Longitude"": -60.101324444444444, ""IdPosition"": 279351581, ""UpdateDate"": ""2026-07-17T00:10:33.465Z"", ""ListTrailer"": null, ""TrackedUnit"": ""TSH-1F86"", ""TrackerSlot"": 1, ""IdTrackedUnit"": 2495, ""ListTelemetry"": {""2"": 0.0, ""6"": 248.0, ""8"": 100.0, ""15"": 9312.0, ""17"": 0.0}, ""DocumentNumber"": null, ""ListInputSensor"": {""17"": false}, ""IdTrackedUnitType"": 1, ""ListOutputActuator"": {}, ""DriverIdentification"": null, ""IdMainBatteryMeasureUnit"": 1, ""DistanceFromGeographicArea"": null, ""IdBackupBatteryMeasureUnit"": 2, ""TrackedUnitIntegrationCode"": null, ""PersonIntegrationCodeCenter"": """", ""PersonIntegrationCodeClient"": null}",2026-07-10 16:53:42.994 -0400,2026-07-16 23:23:11.722 -0400
TSH4E50,Vai,81.0,TSH4E50,,,,2026-07-16 22:37:32.294 -0400,,"9BWAG5R12TP042213","241100750","{""plate"": ""TSH4E50"", ""chassis"": ""9BWAG5R12TP042213"", ""codigoVai"": ""241100750"", ""ecuChassis"": ""9BWAG5R12TP042213"", ""lastReview"": ""2026-04-24"", ""reviewStatus"": 0, ""currentMileage"": 967.2140000000004, ""initialMileage"": 304, ""lastConnection"": ""2026-07-17T02:37:32.294551+00:00"", ""dailyMileageAvg"": 17.085714285714285, ""mileageOnReview"": 304.0, ""odometerMileage"": 81.0, ""reviewDateEstimated"": ""2027-04-24""}",2026-07-10 16:53:43.150 -0400,2026-07-16 23:23:11.723 -0400
TRY8A40,Sem Rastreador,,,,,,,,"953AD6TF1SR019887",,"",2026-07-10 17:15:32.867 -0400,2026-07-16 23:23:11.669 -0400
TSM0D10,Vai,1358.0,TSM0D10,,,,2026-07-16 22:30:54.444 -0400,,"9BWAG5R11TP049413","191110797","{""plate"": ""TSM0D10"", ""chassis"": ""9BWAG5R11TP049413"", ""codigoVai"": ""191110797"", ""ecuChassis"": ""9BWAG5R11TP049413"", ""lastReview"": ""2026-05-28"", ""reviewStatus"": 0, ""currentMileage"": 1352.5690000000002, ""initialMileage"": 7, ""lastConnection"": ""2026-07-17T02:30:54.444477+00:00"", ""dailyMileageAvg"": 41.57692307692308, ""mileageOnReview"": 0.0, ""odometerMileage"": 1358.0, ""reviewDateEstimated"": ""2027-02-09""}",2026-07-10 16:53:43.251 -0400,2026-07-16 23:23:11.741 -0400
TSM4C20,Vai,0.0,TSM4C20,,,,2026-07-16 22:59:16.493 -0400,,"9BWBG6DF8TT409846","230301417","{""plate"": ""TSM4C20"", ""chassis"": ""9BWBG6DF8TT409846"", ""codigoVai"": ""230301417"", ""ecuChassis"": ""LC0C76C42S0020284"", ""lastReview"": ""2026-05-13"", ""reviewStatus"": 0, ""currentMileage"": 984.7529999999987, ""initialMileage"": 285, ""lastConnection"": ""2026-07-17T02:59:16.493268+00:00"", ""dailyMileageAvg"": 19.225, ""mileageOnReview"": 0.0, ""odometerMileage"": 0.0, ""reviewDateEstimated"": ""2027-05-13""}",2026-07-10 16:53:43.194 -0400,2026-07-16 23:23:11.742 -0400
TSM4C90,RastroSiga,1977.0,TSM-4C90,-3.037221666666667,-59.99194222222222,false,2026-07-16 21:00:30.000 -0400,2026-07-16 21:00:31.440 -0400,"9BWBG6DF6TT416004","2445","{""Plate"": ""TSM-4C90"", ""Driver"": null, ""Address"": ""Cidade Nova, Manaus, AM, Brasil, 69000-000"", ""IdEvent"": 2, ""Ignition"": false, ""Latitude"": -3.037221666666667, ""ValidGPS"": true, ""Available"": null, ""EventDate"": ""2026-07-17T01:00:30Z"", ""Longitude"": -59.99194222222222, ""IdPosition"": 279371973, ""UpdateDate"": ""2026-07-17T01:00:31.44Z"", ""ListTrailer"": null, ""TrackedUnit"": ""TSM-4C90"", ""TrackerSlot"": 1, ""IdTrackedUnit"": 2445, ""ListTelemetry"": {""2"": 9.0, ""6"": 39.0, ""8"": 100.0, ""15"": 1977.0, ""17"": 0.0}, ""DocumentNumber"": null, ""ListInputSensor"": {""17"": false}, ""IdTrackedUnitType"": 1, ""ListOutputActuator"": {""33"": false}, ""DriverIdentification"": null, ""IdMainBatteryMeasureUnit"": 1, ""DistanceFromGeographicArea"": null, ""IdBackupBatteryMeasureUnit"": 2, ""TrackedUnitIntegrationCode"": null, ""PersonIntegrationCodeCenter"": """", ""PersonIntegrationCodeClient"": null}",2026-07-10 16:53:43.206 -0400,2026-07-16 23:23:11.743 -0400
TSM7G10,RastroSiga,4402.0,TSM-7G10,-3.0173566666666667,-60.020520000000005,false,2026-07-15 23:22:41.000 -0400,2026-07-15 23:22:43.001 -0400,"9BWBG6DF7TT416674","2472","{""Plate"": ""TSM-7G10"", ""Driver"": null, ""Address"": ""Colonia Terra Nova, Manaus, AM, Brasil, 69000-000"", ""IdEvent"": 2, ""Ignition"": false, ""Latitude"": -3.0173566666666667, ""ValidGPS"": true, ""Available"": null, ""EventDate"": ""2026-07-16T03:22:41Z"", ""Longitude"": -60.020520000000005, ""IdPosition"": 278753796, ""UpdateDate"": ""2026-07-16T03:22:43.001Z"", ""ListTrailer"": null, ""TrackedUnit"": ""TSM-7G10"", ""TrackerSlot"": 1, ""IdTrackedUnit"": 2472, ""ListTelemetry"": {""2"": 11.0, ""6"": 171.0, ""8"": 100.0, ""15"": 4402.0, ""17"": 0.0}, ""DocumentNumber"": null, ""ListInputSensor"": {""17"": false}, ""IdTrackedUnitType"": 1, ""ListOutputActuator"": {}, ""DriverIdentification"": null, ""IdMainBatteryMeasureUnit"": 1, ""DistanceFromGeographicArea"": null, ""IdBackupBatteryMeasureUnit"": 2, ""TrackedUnitIntegrationCode"": null, ""PersonIntegrationCodeCenter"": """", ""PersonIntegrationCodeClient"": null}",2026-07-10 16:53:43.239 -0400,2026-07-15 23:23:16.752 -0400
TSO3C70,RastroSiga,21955.0,TSO-3C70,-2.977495,-60.01640444444445,false,2026-07-16 23:02:17.000 -0400,2026-07-16 23:02:17.929 -0400,"9BWAG5R12TP038324","2470","{""Plate"": ""TSO-3C70"", ""Driver"": null, ""Address"": ""Avenida Torquato Tapajós, Santa Etelvina, Manaus, AM, Brasil, 69000-000"", ""IdEvent"": 2, ""Ignition"": false, ""Latitude"": -2.977495, ""ValidGPS"": true, ""Available"": null, ""EventDate"": ""2026-07-17T03:02:17Z"", ""Longitude"": -60.01640444444445, ""IdPosition"": 279419044, ""UpdateDate"": ""2026-07-17T03:02:17.929Z"", ""ListTrailer"": null, ""TrackedUnit"": ""TSO-3C70"", ""TrackerSlot"": 1, ""IdTrackedUnit"": 2470, ""ListTelemetry"": {""2"": 12.0, ""6"": 195.0, ""8"": 100.0, ""15"": 21955.0, ""17"": 0.0}, ""DocumentNumber"": null, ""ListInputSensor"": {""17"": false}, ""IdTrackedUnitType"": 1, ""ListOutputActuator"": {}, ""DriverIdentification"": null, ""IdMainBatteryMeasureUnit"": 1, ""DistanceFromGeographicArea"": null, ""IdBackupBatteryMeasureUnit"": 2, ""TrackedUnitIntegrationCode"": null, ""PersonIntegrationCodeCenter"": """", ""PersonIntegrationCodeClient"": null}",2026-07-10 16:53:43.163 -0400,2026-07-16 23:23:11.775 -0400
TAC1C68,Sem Rastreador,,,,,,,,"9BWAG5R12ST019911",,"",2026-07-10 17:07:31.195 -0400,2026-07-16 23:23:11.621 -0400
TAE9G42,RastroSiga,9596.0,TAE-9G42,-3.09106,-59.99990666666667,false,2026-07-16 17:06:57.000 -0400,2026-07-16 17:06:58.339 -0400,"9BWBH6BF6S4075342","2488","{""Plate"": ""TAE-9G42"", ""Driver"": null, ""Address"": ""Avenida Vía Láctea, Aleixo, Manaus, AM, Brasil, 69000-000"", ""IdEvent"": 2, ""Ignition"": false, ""Latitude"": -3.09106, ""ValidGPS"": true, ""Available"": null, ""EventDate"": ""2026-07-16T21:06:57Z"", ""Longitude"": -59.99990666666667, ""IdPosition"": 279262275, ""UpdateDate"": ""2026-07-16T21:06:58.339Z"", ""ListTrailer"": null, ""TrackedUnit"": ""TAE-9G42"", ""TrackerSlot"": 1, ""IdTrackedUnit"": 2488, ""ListTelemetry"": {""2"": 6.0, ""6"": 301.0, ""8"": 100.0, ""15"": 9596.0, ""17"": 0.0}, ""DocumentNumber"": null, ""ListInputSensor"": {""17"": false}, ""IdTrackedUnitType"": 1, ""ListOutputActuator"": {}, ""DriverIdentification"": null, ""IdMainBatteryMeasureUnit"": 1, ""DistanceFromGeographicArea"": null, ""IdBackupBatteryMeasureUnit"": 2, ""TrackedUnitIntegrationCode"": null, ""PersonIntegrationCodeCenter"": """", ""PersonIntegrationCodeClient"": null}",2026-07-10 16:53:42.710 -0400,2026-07-16 23:23:11.627 -0400
TAE9H02,Sem Rastreador,,,,,,,,"8AWBJ6B25RA829041",,"",2026-07-10 17:11:31.676 -0400,2026-07-16 23:23:11.629 -0400
TRY9J05,RastroSiga,17113.0,TRY-9J05,-3.0708083333333334,-60.00495111111111,false,2026-07-16 23:19:02.000 -0400,2026-07-16 23:19:10.911 -0400,"9BWCH6CH5SP022134","2491","{""Plate"": ""TRY-9J05"", ""Driver"": null, ""Address"": ""Rua Alexandre Magno, Parque Dez de Novembro, Manaus, AM, Brasil, 69000-000"", ""IdEvent"": 2, ""Ignition"": false, ""Latitude"": -3.0708083333333334, ""ValidGPS"": true, ""Available"": null, ""EventDate"": ""2026-07-17T03:19:02Z"", ""Longitude"": -60.00495111111111, ""IdPosition"": 279424061, ""UpdateDate"": ""2026-07-17T03:19:10.911Z"", ""ListTrailer"": null, ""TrackedUnit"": ""TRY-9J05"", ""TrackerSlot"": 1, ""IdTrackedUnit"": 2491, ""ListTelemetry"": {""2"": 11.0, ""6"": 0.0, ""8"": 100.0, ""15"": 17113.0, ""17"": 0.0}, ""DocumentNumber"": null, ""ListInputSensor"": {""17"": false}, ""IdTrackedUnitType"": 1, ""ListOutputActuator"": {}, ""DriverIdentification"": null, ""IdMainBatteryMeasureUnit"": 1, ""DistanceFromGeographicArea"": null, ""IdBackupBatteryMeasureUnit"": 2, ""TrackedUnitIntegrationCode"": null, ""PersonIntegrationCodeCenter"": """", ""PersonIntegrationCodeClient"": null}",2026-07-10 17:18:34.514 -0400,2026-07-16 23:23:11.677 -0400
TSO6H80,Vai,0.0,TSO6H80,,,,2026-07-16 22:31:35.044 -0400,,"9BGEY43T0TB189427","240100245","{""plate"": ""TSO6H80"", ""chassis"": ""9BGEY43T0TB189427"", ""codigoVai"": ""240100245"", ""ecuChassis"": ""9BGEY43T0TB189427"", ""lastReview"": ""2026-04-24"", ""reviewStatus"": 0, ""currentMileage"": 4655.099000000004, ""initialMileage"": 1146, ""lastConnection"": ""2026-07-17T02:31:35.044322+00:00"", ""dailyMileageAvg"": 50.492063492063494, ""mileageOnReview"": 1.148, ""odometerMileage"": 0.0, ""reviewDateEstimated"": ""2026-10-30""}",2026-07-10 16:53:43.088 -0400,2026-07-16 23:23:11.792 -0400
TSC4C50,RastroSiga,3104.0,TSC-4C50,-3.09369,-60.02039555555555,false,2026-07-16 20:00:18.000 -0400,2026-07-16 20:00:20.241 -0400,"9BWBG6DF6TT416696","2454","{""Plate"": ""TSC-4C50"", ""Driver"": null, ""Address"": ""Avenida Darcy Vargas, 654, Chapada, Manaus, AM, Brasil, 69000-000"", ""IdEvent"": 2, ""Ignition"": false, ""Latitude"": -3.09369, ""ValidGPS"": true, ""Available"": null, ""EventDate"": ""2026-07-17T00:00:18Z"", ""Longitude"": -60.02039555555555, ""IdPosition"": 279347514, ""UpdateDate"": ""2026-07-17T00:00:20.241Z"", ""ListTrailer"": null, ""TrackedUnit"": ""TSC-4C50"", ""TrackerSlot"": 1, ""IdTrackedUnit"": 2454, ""ListTelemetry"": {""2"": 10.0, ""6"": 88.0, ""8"": 100.0, ""15"": 3104.0, ""17"": 0.0}, ""DocumentNumber"": null, ""ListInputSensor"": {""17"": false}, ""IdTrackedUnitType"": 1, ""ListOutputActuator"": {""33"": false}, ""DriverIdentification"": null, ""IdMainBatteryMeasureUnit"": 1, ""DistanceFromGeographicArea"": null, ""IdBackupBatteryMeasureUnit"": 2, ""TrackedUnitIntegrationCode"": null, ""PersonIntegrationCodeCenter"": """", ""PersonIntegrationCodeClient"": null}",2026-07-10 16:53:43.212 -0400,2026-07-16 23:23:11.707 -0400
TSO6J60,Vai,0.0,TSO6J60,,,,2026-07-16 22:13:52.875 -0400,,"9BWAG5R1XTT032889","230302038","{""plate"": ""TSO6J60"", ""chassis"": ""9BWAG5R1XTT032889"", ""codigoVai"": ""230302038"", ""ecuChassis"": ""8ANBD33F9PL278237"", ""lastReview"": ""2026-05-14"", ""reviewStatus"": 0, ""currentMileage"": 4674.648000000003, ""initialMileage"": 7, ""lastConnection"": ""2026-07-17T02:13:52.875042+00:00"", ""dailyMileageAvg"": 141.0, ""mileageOnReview"": 0.0, ""odometerMileage"": 0.0, ""reviewDateEstimated"": ""2026-08-23""}",2026-07-10 16:53:43.200 -0400,2026-07-16 23:23:11.796 -0400
TSO7B40,Vai,5291.0,TSO7B40,,,,2026-07-11 07:42:24.910 -0400,,"9BWAG5R17TT033028","230301082","{""plate"": ""TSO7B40"", ""chassis"": ""9BWAG5R17TT033028"", ""codigoVai"": ""230301082"", ""ecuChassis"": ""9BWAG5R17TT033028"", ""lastReview"": ""2026-04-17"", ""reviewStatus"": 0, ""currentMileage"": 4506.531999999999, ""initialMileage"": 7, ""lastConnection"": ""2026-07-11T11:42:24.910162+00:00"", ""dailyMileageAvg"": 75.26923076923077, ""mileageOnReview"": 0.0, ""odometerMileage"": 5291.0, ""reviewDateEstimated"": ""2026-09-27""}",2026-07-10 16:53:43.045 -0400,2026-07-16 23:23:11.798 -0400
TSH1C10,RastroSiga,31.0,TSH-1C10,-3.0707333333333335,-60.005142222222226,false,2026-07-15 14:18:27.000 -0400,2026-07-15 14:18:29.725 -0400,"9BWAG5R11TT032621","2468","{""Plate"": ""TSH-1C10"", ""Driver"": null, ""Address"": ""Avenida Tancredo Neves, Parque Dez de Novembro, Manaus, AM, Brasil, 69000-000"", ""IdEvent"": 2, ""Ignition"": false, ""Latitude"": -3.0707333333333335, ""ValidGPS"": true, ""Available"": null, ""EventDate"": ""2026-07-15T18:18:27Z"", ""Longitude"": -60.005142222222226, ""IdPosition"": 278482047, ""UpdateDate"": ""2026-07-15T18:18:29.725Z"", ""ListTrailer"": null, ""TrackedUnit"": ""TSH-1C10"", ""TrackerSlot"": 2, ""IdTrackedUnit"": 2468, ""ListTelemetry"": {""2"": 12.0, ""6"": 0.0, ""8"": 100.0, ""15"": 31.0, ""17"": 0.0}, ""DocumentNumber"": null, ""ListInputSensor"": {""17"": false}, ""IdTrackedUnitType"": 1, ""ListOutputActuator"": {}, ""DriverIdentification"": null, ""IdMainBatteryMeasureUnit"": 1, ""DistanceFromGeographicArea"": null, ""IdBackupBatteryMeasureUnit"": 2, ""TrackedUnitIntegrationCode"": null, ""PersonIntegrationCodeCenter"": """", ""PersonIntegrationCodeClient"": null}",2026-07-10 17:29:37.689 -0400,2026-07-15 23:23:16.631 -0400
TSO7B50,Vai,5269.0,TSO7B50,,,,2026-07-16 22:50:15.381 -0400,,"9BWAG5R1XTT033086","190711941","{""plate"": ""TSO7B50"", ""chassis"": ""9BWAG5R1XTT033086"", ""codigoVai"": ""190711941"", ""ecuChassis"": ""9BWAG5R1XTT033086"", ""lastReview"": ""2026-04-17"", ""reviewStatus"": 0, ""currentMileage"": 5053.969, ""initialMileage"": 293, ""lastConnection"": ""2026-07-17T02:50:15.381802+00:00"", ""dailyMileageAvg"": 64.76923076923077, ""mileageOnReview"": 0.0, ""odometerMileage"": 5269.0, ""reviewDateEstimated"": ""2026-10-01""}",2026-07-10 16:53:43.057 -0400,2026-07-16 23:23:11.799 -0400
TSH1E70,RastroSiga,2731.0,TSH-1E70,-3.090635,-60.06829777777777,false,2026-07-16 20:56:39.000 -0400,2026-07-16 20:56:40.994 -0400,"9BWBG6DF8TT409281","2457","{""Plate"": ""TSH-1E70"", ""Driver"": null, ""Address"": ""Santo Agostinho, Manaus, AM, Brasil, 69000-000"", ""IdEvent"": 2, ""Ignition"": false, ""Latitude"": -3.090635, ""ValidGPS"": true, ""Available"": null, ""EventDate"": ""2026-07-17T00:56:39Z"", ""Longitude"": -60.06829777777777, ""IdPosition"": 279370530, ""UpdateDate"": ""2026-07-17T00:56:40.994Z"", ""ListTrailer"": null, ""TrackedUnit"": ""TSH-1E70"", ""TrackerSlot"": 1, ""IdTrackedUnit"": 2457, ""ListTelemetry"": {""2"": 1.0, ""6"": 88.0, ""8"": 100.0, ""15"": 2731.0, ""17"": 0.0}, ""DocumentNumber"": null, ""ListInputSensor"": {""17"": false}, ""IdTrackedUnitType"": 1, ""ListOutputActuator"": {""33"": false}, ""DriverIdentification"": null, ""IdMainBatteryMeasureUnit"": 1, ""DistanceFromGeographicArea"": null, ""IdBackupBatteryMeasureUnit"": 2, ""TrackedUnitIntegrationCode"": null, ""PersonIntegrationCodeCenter"": """", ""PersonIntegrationCodeClient"": null}",2026-07-10 16:53:43.179 -0400,2026-07-16 23:23:11.721 -0400
TSM0C20,RastroSiga,2950.0,TSM-0C20,-3.119115,-60.021208888888886,false,2026-07-16 18:43:34.000 -0400,2026-07-16 18:43:34.769 -0400,"9BWBG6DF7TT409708","2455","{""Plate"": ""TSM-0C20"", ""Driver"": null, ""Address"": ""Rua Barcelos, Praça 14, Manaus, AM, Brasil, 69000-000"", ""IdEvent"": 2, ""Ignition"": false, ""Latitude"": -3.119115, ""ValidGPS"": true, ""Available"": null, ""EventDate"": ""2026-07-16T22:43:34Z"", ""Longitude"": -60.021208888888886, ""IdPosition"": 279314756, ""UpdateDate"": ""2026-07-16T22:43:34.769Z"", ""ListTrailer"": null, ""TrackedUnit"": ""TSM-0C20"", ""TrackerSlot"": 1, ""IdTrackedUnit"": 2455, ""ListTelemetry"": {""2"": 10.0, ""6"": 105.0, ""8"": 100.0, ""15"": 2950.0, ""17"": 0.0}, ""DocumentNumber"": null, ""ListInputSensor"": {""17"": false}, ""IdTrackedUnitType"": 1, ""ListOutputActuator"": {""33"": false}, ""DriverIdentification"": null, ""IdMainBatteryMeasureUnit"": 1, ""DistanceFromGeographicArea"": null, ""IdBackupBatteryMeasureUnit"": 2, ""TrackedUnitIntegrationCode"": null, ""PersonIntegrationCodeCenter"": """", ""PersonIntegrationCodeClient"": null}",2026-07-10 16:53:43.189 -0400,2026-07-16 23:23:11.734 -0400
UTP9D66,RastroSiga,8.0,UTP-9D66,-3.0707716666666665,-60.00504,false,2026-07-13 11:44:26.000 -0400,2026-07-13 11:44:27.213 -0400,"9BWCH6CH2VP007160","2446","{""Plate"": ""UTP-9D66"", ""Driver"": null, ""Address"": null, ""IdEvent"": 2, ""Ignition"": false, ""Latitude"": -3.0707716666666665, ""ValidGPS"": true, ""Available"": null, ""EventDate"": ""2026-07-13T15:44:26Z"", ""Longitude"": -60.00504, ""IdPosition"": 277018274, ""UpdateDate"": ""2026-07-13T15:44:27.213Z"", ""ListTrailer"": [], ""TrackedUnit"": ""UTP-9D66"", ""TrackerSlot"": 1, ""IdTrackedUnit"": 2446, ""ListTelemetry"": {""2"": 12.0, ""6"": 0.0, ""8"": 100.0, ""15"": 8.0, ""17"": 0.0}, ""DocumentNumber"": null, ""ListInputSensor"": {""17"": false}, ""IdTrackedUnitType"": 1, ""ListOutputActuator"": {""33"": false}, ""DriverIdentification"": null, ""IdMainBatteryMeasureUnit"": 1, ""DistanceFromGeographicArea"": null, ""IdBackupBatteryMeasureUnit"": 2, ""TrackedUnitIntegrationCode"": null, ""PersonIntegrationCodeCenter"": """", ""PersonIntegrationCodeClient"": null}",2026-07-10 17:39:44.975 -0400,2026-07-13 17:44:38.216 -0400
UTP9G06,RastroSiga,12400.0,UTP-9G06,-3.070866666666667,-60.00507555555556,false,2026-07-16 22:49:40.000 -0400,2026-07-16 22:49:43.559 -0400,"9BWCH6CH6VP000180","2461","{""Plate"": ""UTP-9G06"", ""Driver"": null, ""Address"": ""Rua Alexandre Magno, Parque Dez de Novembro, Manaus, AM, Brasil, 69000-000"", ""IdEvent"": 2, ""Ignition"": false, ""Latitude"": -3.070866666666667, ""ValidGPS"": true, ""Available"": null, ""EventDate"": ""2026-07-17T02:49:40Z"", ""Longitude"": -60.00507555555556, ""IdPosition"": 279415328, ""UpdateDate"": ""2026-07-17T02:49:43.559Z"", ""ListTrailer"": null, ""TrackedUnit"": ""UTP-9G06"", ""TrackerSlot"": 1, ""IdTrackedUnit"": 2461, ""ListTelemetry"": {""2"": 15.0, ""6"": 0.0, ""7"": 12.8, ""8"": 80.0, ""15"": 12400.0, ""17"": 0.0}, ""DocumentNumber"": null, ""ListInputSensor"": {""17"": false}, ""IdTrackedUnitType"": 1, ""ListOutputActuator"": {""33"": false}, ""DriverIdentification"": null, ""IdMainBatteryMeasureUnit"": 1, ""DistanceFromGeographicArea"": null, ""IdBackupBatteryMeasureUnit"": 2, ""TrackedUnitIntegrationCode"": null, ""PersonIntegrationCodeCenter"": """", ""PersonIntegrationCodeClient"": null}",2026-07-10 17:42:45.443 -0400,2026-07-16 23:23:11.803 -0400
UTP9G76,RastroSiga,1074800.0,UTP-9G76,-3.0910300000000004,-60.053826666666666,false,2026-07-16 22:48:28.000 -0400,2026-07-16 22:48:31.125 -0400,"9BWCH6CH2VP003528","2459","{""Plate"": ""UTP-9G76"", ""Driver"": null, ""Address"": ""Rua da Prosperidade, Nova Esperança, Manaus, AM, Brasil, 69000-000"", ""IdEvent"": 2, ""Ignition"": false, ""Latitude"": -3.0910300000000004, ""ValidGPS"": true, ""Available"": null, ""EventDate"": ""2026-07-17T02:48:28Z"", ""Longitude"": -60.053826666666666, ""IdPosition"": 279414901, ""UpdateDate"": ""2026-07-17T02:48:31.125Z"", ""ListTrailer"": null, ""TrackedUnit"": ""UTP-9G76"", ""TrackerSlot"": 1, ""IdTrackedUnit"": 2459, ""ListTelemetry"": {""2"": 15.0, ""6"": 0.0, ""7"": 12.3, ""8"": 80.0, ""15"": 1074800.0, ""17"": 0.0}, ""DocumentNumber"": null, ""ListInputSensor"": {""17"": false}, ""IdTrackedUnitType"": 1, ""ListOutputActuator"": {""33"": false}, ""DriverIdentification"": null, ""IdMainBatteryMeasureUnit"": 1, ""DistanceFromGeographicArea"": null, ""IdBackupBatteryMeasureUnit"": 2, ""TrackedUnitIntegrationCode"": null, ""PersonIntegrationCodeCenter"": """", ""PersonIntegrationCodeClient"": null}",2026-07-10 17:43:45.565 -0400,2026-07-16 23:23:11.804 -0400
UTT8H10,RastroSiga,444600.0,UTT-8H10,-3.0495200000000002,-59.950919999999996,false,2026-07-16 22:51:44.000 -0400,2026-07-16 22:51:47.894 -0400,"9BWBG6DF7TT431255","2463","{""Plate"": ""UTT-8H10"", ""Driver"": null, ""Address"": ""Rua Ibicaré, Novo Aleixo, Manaus, AM, Brasil, 69000-000"", ""IdEvent"": 2, ""Ignition"": false, ""Latitude"": -3.0495200000000002, ""ValidGPS"": true, ""Available"": null, ""EventDate"": ""2026-07-17T02:51:44Z"", ""Longitude"": -59.950919999999996, ""IdPosition"": 279415953, ""UpdateDate"": ""2026-07-17T02:51:47.894Z"", ""ListTrailer"": null, ""TrackedUnit"": ""UTT-8H10"", ""TrackerSlot"": 1, ""IdTrackedUnit"": 2463, ""ListTelemetry"": {""2"": 15.0, ""6"": 0.0, ""7"": 13.1, ""8"": 80.0, ""15"": 444600.0, ""17"": 0.0}, ""DocumentNumber"": null, ""ListInputSensor"": {""17"": false}, ""IdTrackedUnitType"": 1, ""ListOutputActuator"": {""33"": false}, ""DriverIdentification"": null, ""IdMainBatteryMeasureUnit"": 1, ""DistanceFromGeographicArea"": null, ""IdBackupBatteryMeasureUnit"": 2, ""TrackedUnitIntegrationCode"": null, ""PersonIntegrationCodeCenter"": """", ""PersonIntegrationCodeClient"": null}",2026-07-10 17:44:45.741 -0400,2026-07-16 23:23:11.807 -0400
UUB4E80,RastroSiga,228.0,UUB-4E80,-3.0606099999999996,-59.949417777777775,true,2026-07-16 23:22:40.000 -0400,2026-07-16 23:22:41.658 -0400,"9BWAG5R13TP055939","2473","{""Plate"": ""UUB-4E80"", ""Driver"": null, ""Address"": ""Avenida Autaz Mirim, São José Operário, Manaus, AM, Brasil, 69000-000"", ""IdEvent"": 2, ""Ignition"": true, ""Latitude"": -3.0606099999999996, ""ValidGPS"": true, ""Available"": null, ""EventDate"": ""2026-07-17T03:22:40Z"", ""Longitude"": -59.949417777777775, ""IdPosition"": 279425133, ""UpdateDate"": ""2026-07-17T03:22:41.658Z"", ""ListTrailer"": null, ""TrackedUnit"": ""UUB-4E80"", ""TrackerSlot"": 1, ""IdTrackedUnit"": 2473, ""ListTelemetry"": {""2"": 13.0, ""6"": 24.0, ""8"": 100.0, ""15"": 228.0, ""17"": 53.0}, ""DocumentNumber"": null, ""ListInputSensor"": {""17"": true}, ""IdTrackedUnitType"": 1, ""ListOutputActuator"": {}, ""DriverIdentification"": null, ""IdMainBatteryMeasureUnit"": 1, ""DistanceFromGeographicArea"": null, ""IdBackupBatteryMeasureUnit"": 2, ""TrackedUnitIntegrationCode"": null, ""PersonIntegrationCodeCenter"": """", ""PersonIntegrationCodeClient"": null}",2026-07-10 17:46:46.178 -0400,2026-07-16 23:23:11.810 -0400
UUB4F30,RastroSiga,8.0,UUB-4F30,-3.0708333333333333,-60.00510222222223,false,2026-07-16 09:21:37.000 -0400,2026-07-16 09:21:38.737 -0400,"9BWBG6DF1TT429131","2494","{""Plate"": ""UUB-4F30"", ""Driver"": null, ""Address"": ""Rua Alexandre Magno, Parque Dez de Novembro, Manaus, AM, Brasil, 69000-000"", ""IdEvent"": 2, ""Ignition"": false, ""Latitude"": -3.0708333333333333, ""ValidGPS"": true, ""Available"": null, ""EventDate"": ""2026-07-16T13:21:37Z"", ""Longitude"": -60.00510222222223, ""IdPosition"": 278947398, ""UpdateDate"": ""2026-07-16T13:21:38.737Z"", ""ListTrailer"": null, ""TrackedUnit"": ""UUB-4F30"", ""TrackerSlot"": 1, ""IdTrackedUnit"": 2494, ""ListTelemetry"": {""2"": 13.0, ""6"": 276.0, ""8"": 100.0, ""15"": 8.0, ""17"": 0.0}, ""DocumentNumber"": null, ""ListInputSensor"": {""17"": false}, ""IdTrackedUnitType"": 1, ""ListOutputActuator"": {}, ""DriverIdentification"": null, ""IdMainBatteryMeasureUnit"": 1, ""DistanceFromGeographicArea"": null, ""IdBackupBatteryMeasureUnit"": 2, ""TrackedUnitIntegrationCode"": null, ""PersonIntegrationCodeCenter"": """", ""PersonIntegrationCodeClient"": null}",2026-07-13 11:32:58.570 -0400,2026-07-16 11:14:45.534 -0400
UUC9C20,RastroSiga,634400.0,UUC-9C20,-3.0233866666666667,-59.99842222222222,false,2026-07-16 22:47:52.000 -0400,2026-07-16 22:47:54.696 -0400,"9BWBG6DF7TT431286","2467","{""Plate"": ""UUC-9C20"", ""Driver"": null, ""Address"": ""Rua Theogenes Beltão, Cidade Nova, Manaus, AM, Brasil, 69000-000"", ""IdEvent"": 2, ""Ignition"": false, ""Latitude"": -3.0233866666666667, ""ValidGPS"": true, ""Available"": null, ""EventDate"": ""2026-07-17T02:47:52Z"", ""Longitude"": -59.99842222222222, ""IdPosition"": 279414716, ""UpdateDate"": ""2026-07-17T02:47:54.696Z"", ""ListTrailer"": null, ""TrackedUnit"": ""UUC-9C20"", ""TrackerSlot"": 1, ""IdTrackedUnit"": 2467, ""ListTelemetry"": {""2"": 15.0, ""6"": 358.0, ""7"": 12.9, ""8"": 80.0, ""15"": 634400.0, ""17"": 0.0}, ""DocumentNumber"": null, ""ListInputSensor"": {""17"": false}, ""IdTrackedUnitType"": 1, ""ListOutputActuator"": {}, ""DriverIdentification"": null, ""IdMainBatteryMeasureUnit"": 1, ""DistanceFromGeographicArea"": null, ""IdBackupBatteryMeasureUnit"": 2, ""TrackedUnitIntegrationCode"": null, ""PersonIntegrationCodeCenter"": """", ""PersonIntegrationCodeClient"": null}",2026-07-10 17:49:46.481 -0400,2026-07-16 23:23:11.814 -0400
UUC9C90,RastroSiga,280400.0,UUC-9C90,-3.0643183333333335,-60.099222222222224,true,2026-07-16 23:22:30.000 -0400,2026-07-16 23:22:33.544 -0400,"3VVJM6B29TM062994","2465","{""Plate"": ""UUC-9C90"", ""Driver"": null, ""Address"": ""Rua Um, Ponta Negra, Manaus, AM, Brasil, 69000-000"", ""IdEvent"": 2, ""Ignition"": true, ""Latitude"": -3.0643183333333335, ""ValidGPS"": true, ""Available"": null, ""EventDate"": ""2026-07-17T03:22:30Z"", ""Longitude"": -60.099222222222224, ""IdPosition"": 279425096, ""UpdateDate"": ""2026-07-17T03:22:33.544Z"", ""ListTrailer"": null, ""TrackedUnit"": ""UUC-9C90"", ""TrackerSlot"": 1, ""IdTrackedUnit"": 2465, ""ListTelemetry"": {""2"": 0.0, ""6"": 0.0, ""7"": 12.7, ""8"": 80.0, ""15"": 280400.0, ""17"": 0.0}, ""DocumentNumber"": null, ""ListInputSensor"": {""17"": true}, ""IdTrackedUnitType"": 1, ""ListOutputActuator"": {}, ""DriverIdentification"": null, ""IdMainBatteryMeasureUnit"": 1, ""DistanceFromGeographicArea"": null, ""IdBackupBatteryMeasureUnit"": 2, ""TrackedUnitIntegrationCode"": null, ""PersonIntegrationCodeCenter"": """", ""PersonIntegrationCodeClient"": null}",2026-07-13 11:32:58.593 -0400,2026-07-16 23:23:11.816 -0400
UUD3A20,RastroSiga,563100.0,UUD-3A20,-3.0270900000000003,-59.94374666666667,false,2026-07-16 22:37:55.000 -0400,2026-07-16 22:37:57.189 -0400,"9BWBH6DF3TT404051","2417","{""Plate"": ""UUD-3A20"", ""Driver"": null, ""Address"": ""Avenida Ouro, Cidade de Deus, Manaus, AM, Brasil, 69000-000"", ""IdEvent"": 2, ""Ignition"": false, ""Latitude"": -3.0270900000000003, ""ValidGPS"": true, ""Available"": null, ""EventDate"": ""2026-07-17T02:37:55Z"", ""Longitude"": -59.94374666666667, ""IdPosition"": 279411475, ""UpdateDate"": ""2026-07-17T02:37:57.189Z"", ""ListTrailer"": null, ""TrackedUnit"": ""UUD-3A20"", ""TrackerSlot"": 1, ""IdTrackedUnit"": 2417, ""ListTelemetry"": {""2"": 15.0, ""6"": 94.0, ""7"": 12.6, ""8"": 80.0, ""15"": 563100.0, ""17"": 0.0}, ""DocumentNumber"": null, ""ListInputSensor"": {""17"": false}, ""IdTrackedUnitType"": 1, ""ListOutputActuator"": {""33"": false}, ""DriverIdentification"": null, ""IdMainBatteryMeasureUnit"": 1, ""DistanceFromGeographicArea"": null, ""IdBackupBatteryMeasureUnit"": 2, ""TrackedUnitIntegrationCode"": null, ""PersonIntegrationCodeCenter"": """", ""PersonIntegrationCodeClient"": null}",2026-07-10 17:50:46.732 -0400,2026-07-16 23:23:11.819 -0400
UUD3A30,RastroSiga,729600.0,UUD-3A30,-3.0882416666666668,-60.00776888888889,false,2026-07-16 22:49:38.000 -0400,2026-07-16 22:49:40.495 -0400,"9BWBH6DF3TT398459","2410","{""Plate"": ""UUD-3A30"", ""Driver"": null, ""Address"": ""Aleixo, Manaus, AM, Brasil, 69000-000"", ""IdEvent"": 2, ""Ignition"": false, ""Latitude"": -3.0882416666666668, ""ValidGPS"": true, ""Available"": null, ""EventDate"": ""2026-07-17T02:49:38Z"", ""Longitude"": -60.00776888888889, ""IdPosition"": 279415300, ""UpdateDate"": ""2026-07-17T02:49:40.495Z"", ""ListTrailer"": null, ""TrackedUnit"": ""UUD-3A30"", ""TrackerSlot"": 1, ""IdTrackedUnit"": 2410, ""ListTelemetry"": {""2"": 14.0, ""6"": 0.0, ""7"": 12.5, ""8"": 80.0, ""15"": 729600.0, ""17"": 0.0}, ""DocumentNumber"": null, ""ListInputSensor"": {""17"": false}, ""IdTrackedUnitType"": 1, ""ListOutputActuator"": {}, ""DriverIdentification"": null, ""IdMainBatteryMeasureUnit"": 1, ""DistanceFromGeographicArea"": null, ""IdBackupBatteryMeasureUnit"": 2, ""TrackedUnitIntegrationCode"": null, ""PersonIntegrationCodeCenter"": """", ""PersonIntegrationCodeClient"": null}",2026-07-10 17:51:47.246 -0400,2026-07-16 23:23:11.821 -0400
UUD4H30,RastroSiga,48600.0,UUD-4H30,-3.06429,-60.09905777777778,false,2026-07-16 22:50:33.000 -0400,2026-07-16 22:50:36.287 -0400,"9BWCH6CH0VP011935","2464","{""Plate"": ""UUD-4H30"", ""Driver"": null, ""Address"": ""Rua Um, Ponta Negra, Manaus, AM, Brasil, 69000-000"", ""IdEvent"": 2, ""Ignition"": false, ""Latitude"": -3.06429, ""ValidGPS"": true, ""Available"": null, ""EventDate"": ""2026-07-17T02:50:33Z"", ""Longitude"": -60.09905777777778, ""IdPosition"": 279415603, ""UpdateDate"": ""2026-07-17T02:50:36.287Z"", ""ListTrailer"": null, ""TrackedUnit"": ""UUD-4H30"", ""TrackerSlot"": 1, ""IdTrackedUnit"": 2464, ""ListTelemetry"": {""2"": 4.0, ""6"": 0.0, ""7"": 12.8, ""8"": 80.0, ""15"": 48600.0, ""17"": 0.0}, ""DocumentNumber"": null, ""ListInputSensor"": {""17"": false}, ""IdTrackedUnitType"": 1, ""ListOutputActuator"": {""33"": false}, ""DriverIdentification"": null, ""IdMainBatteryMeasureUnit"": 1, ""DistanceFromGeographicArea"": null, ""IdBackupBatteryMeasureUnit"": 2, ""TrackedUnitIntegrationCode"": null, ""PersonIntegrationCodeCenter"": """", ""PersonIntegrationCodeClient"": null}",2026-07-13 11:32:58.622 -0400,2026-07-16 23:23:11.824 -0400
UUE3E60,RastroSiga,9936.0,UUE-3E60,-3.1017133333333335,-60.06715111111111,false,2026-07-16 23:12:23.000 -0400,2026-07-16 23:12:26.258 -0400,"9BWBH6DFXTT427441","2431","{""Plate"": ""UUE-3E60"", ""Driver"": null, ""Address"": ""Rua 1, Santo Agostinho, Manaus, AM, Brasil, 69000-000"", ""IdEvent"": 2, ""Ignition"": false, ""Latitude"": -3.1017133333333335, ""ValidGPS"": true, ""Available"": null, ""EventDate"": ""2026-07-17T03:12:23Z"", ""Longitude"": -60.06715111111111, ""IdPosition"": 279421986, ""UpdateDate"": ""2026-07-17T03:12:26.258Z"", ""ListTrailer"": null, ""TrackedUnit"": ""UUE-3E60"", ""TrackerSlot"": 1, ""IdTrackedUnit"": 2431, ""ListTelemetry"": {""2"": 15.0, ""6"": 44.0, ""7"": 12.6, ""8"": 80.0, ""15"": 9936.0, ""17"": 0.0}, ""DocumentNumber"": null, ""ListInputSensor"": {""17"": false}, ""IdTrackedUnitType"": 1, ""ListOutputActuator"": {""33"": false}, ""DriverIdentification"": null, ""IdMainBatteryMeasureUnit"": 1, ""DistanceFromGeographicArea"": null, ""IdBackupBatteryMeasureUnit"": 2, ""TrackedUnitIntegrationCode"": null, ""PersonIntegrationCodeCenter"": """", ""PersonIntegrationCodeClient"": null}",2026-07-10 17:52:47.723 -0400,2026-07-16 23:23:11.829 -0400
UUE3E70,RastroSiga,829200.0,UUE-3E70,-3.0157749999999997,-60.016084444444445,false,2026-07-16 22:29:11.000 -0400,2026-07-16 22:29:14.355 -0400,"9BWAG5R14TP056162","2434","{""Plate"": ""UUE-3E70"", ""Driver"": null, ""Address"": ""Travessa Fernando de Noronha, Colonia Terra Nova, Manaus, AM, Brasil, 69000-000"", ""IdEvent"": 2, ""Ignition"": false, ""Latitude"": -3.0157749999999997, ""ValidGPS"": true, ""Available"": null, ""EventDate"": ""2026-07-17T02:29:11Z"", ""Longitude"": -60.016084444444445, ""IdPosition"": 279408249, ""UpdateDate"": ""2026-07-17T02:29:14.355Z"", ""ListTrailer"": null, ""TrackedUnit"": ""UUE-3E70"", ""TrackerSlot"": 1, ""IdTrackedUnit"": 2434, ""ListTelemetry"": {""2"": 10.0, ""6"": 0.0, ""7"": 12.8, ""8"": 80.0, ""15"": 829200.0, ""17"": 0.0}, ""DocumentNumber"": null, ""ListInputSensor"": {""17"": false}, ""IdTrackedUnitType"": 1, ""ListOutputActuator"": {}, ""DriverIdentification"": null, ""IdMainBatteryMeasureUnit"": 1, ""DistanceFromGeographicArea"": null, ""IdBackupBatteryMeasureUnit"": 2, ""TrackedUnitIntegrationCode"": null, ""PersonIntegrationCodeCenter"": """", ""PersonIntegrationCodeClient"": null}",2026-07-10 17:53:48.128 -0400,2026-07-16 23:23:11.830 -0400
UUE3E80,RastroSiga,885200.0,UUE-3E80,-3.06404,-60.09936888888889,false,2026-07-16 22:45:00.000 -0400,2026-07-16 22:45:03.072 -0400,"9BWDH6BZXT4032773","2432","{""Plate"": ""UUE-3E80"", ""Driver"": null, ""Address"": ""Rua Um, Ponta Negra, Manaus, AM, Brasil, 69000-000"", ""IdEvent"": 2, ""Ignition"": false, ""Latitude"": -3.06404, ""ValidGPS"": true, ""Available"": null, ""EventDate"": ""2026-07-17T02:45:00Z"", ""Longitude"": -60.09936888888889, ""IdPosition"": 279413628, ""UpdateDate"": ""2026-07-17T02:45:03.072Z"", ""ListTrailer"": null, ""TrackedUnit"": ""UUE-3E80"", ""TrackerSlot"": 1, ""IdTrackedUnit"": 2432, ""ListTelemetry"": {""2"": 0.0, ""6"": 0.0, ""7"": 12.7, ""8"": 80.0, ""15"": 885200.0, ""17"": 0.0}, ""DocumentNumber"": null, ""ListInputSensor"": {""17"": false}, ""IdTrackedUnitType"": 1, ""ListOutputActuator"": {""33"": false}, ""DriverIdentification"": null, ""IdMainBatteryMeasureUnit"": 1, ""DistanceFromGeographicArea"": null, ""IdBackupBatteryMeasureUnit"": 2, ""TrackedUnitIntegrationCode"": null, ""PersonIntegrationCodeCenter"": """", ""PersonIntegrationCodeClient"": null}",2026-07-10 17:54:48.534 -0400,2026-07-16 23:23:11.832 -0400
QZP2H59,Vai,30550.0,QZP2H59,,,,2026-07-16 22:34:21.876 -0400,,"9BWKL45UXPP073208","191110672","{""plate"": ""QZP2H59"", ""chassis"": ""9BWKL45UXPP073208"", ""codigoVai"": ""191110672"", ""ecuChassis"": ""9BWKL45UXPP073208"", ""lastReview"": ""2026-06-17"", ""reviewStatus"": 0, ""currentMileage"": 30279.563000000013, ""initialMileage"": 19108, ""lastConnection"": ""2026-07-17T02:34:21.876492+00:00"", ""dailyMileageAvg"": 36.8771186440678, ""mileageOnReview"": 28952.088000000007, ""odometerMileage"": 30550.0, ""reviewDateEstimated"": ""2027-03-09""}",2026-07-10 16:53:42.773 -0400,2026-07-16 23:23:11.582 -0400
QZR7G40,Vai,28970.0,QZR7G40,,,,2026-07-16 22:40:34.854 -0400,,"9BWJL45U0RP019074","210901115","{""plate"": ""QZR7G40"", ""chassis"": ""9BWJL45U0RP019074"", ""codigoVai"": ""210901115"", ""ecuChassis"": ""9BWJL45U0RP019074"", ""lastReview"": ""2025-08-11"", ""reviewStatus"": 1, ""currentMileage"": 29088.17599999998, ""initialMileage"": 892, ""lastConnection"": ""2026-07-17T02:40:34.854098+00:00"", ""dailyMileageAvg"": 41.86015325670498, ""mileageOnReview"": 19421.668000000078, ""odometerMileage"": 28970.0, ""reviewDateEstimated"": ""2026-07-24""}",2026-07-10 16:53:42.543 -0400,2026-07-16 23:23:11.588 -0400
QZR7G50,Vai,39290.0,QZR7G50,,,,2026-07-16 22:16:32.752 -0400,,"9BWJL45U2RP019030","210901746","{""plate"": ""QZR7G50"", ""chassis"": ""9BWJL45U2RP019030"", ""codigoVai"": ""210901746"", ""ecuChassis"": ""9BWJL45U2RP019030"", ""lastReview"": ""2025-12-21"", ""reviewStatus"": 0, ""currentMileage"": 39333.829000000005, ""initialMileage"": 1095, ""lastConnection"": ""2026-07-17T02:16:32.752589+00:00"", ""dailyMileageAvg"": 74.04668304668304, ""mileageOnReview"": 32298.87700000001, ""odometerMileage"": 39290.0, ""reviewDateEstimated"": ""2026-08-26""}",2026-07-10 16:53:42.528 -0400,2026-07-16 23:23:11.591 -0400
QZR7G80,Vai,15570.0,QZR7G80,,,,2026-07-16 22:18:17.985 -0400,,"9BWJL45U2RP019321","210901103","{""plate"": ""QZR7G80"", ""chassis"": ""9BWJL45U2RP019321"", ""codigoVai"": ""210901103"", ""ecuChassis"": ""9BWJL45U2RP019321"", ""lastReview"": ""2026-03-29"", ""reviewStatus"": 0, ""currentMileage"": 15608.125000000004, ""initialMileage"": 2309, ""lastConnection"": ""2026-07-17T02:18:17.985892+00:00"", ""dailyMileageAvg"": 27.471052631578946, ""mileageOnReview"": 12209.651591313539, ""odometerMileage"": 15570.0, ""reviewDateEstimated"": ""2027-03-14""}",2026-07-10 16:53:42.533 -0400,2026-07-16 23:23:11.595 -0400
TAC2B60,Vai,16695.0,TAC2B60,,,,2026-07-16 22:34:03.524 -0400,,"9BWBH6BF6S4033558","240301030","{""plate"": ""TAC2B60"", ""chassis"": ""9BWBH6BF6S4033558"", ""codigoVai"": ""240301030"", ""ecuChassis"": ""9BWBH6BF6S4033558"", ""lastReview"": ""2026-04-15"", ""reviewStatus"": 0, ""currentMileage"": 16221.626000000022, ""initialMileage"": 16, ""lastConnection"": ""2026-07-17T02:34:03.524258+00:00"", ""dailyMileageAvg"": 45.18867924528302, ""mileageOnReview"": 15842.517, ""odometerMileage"": 16695.0, ""reviewDateEstimated"": ""2027-02-14""}",2026-07-10 16:53:42.562 -0400,2026-07-16 23:23:11.622 -0400
TAB1H82,Sem Rastreador,,,,,,,,"8AWBJ6B22RA829319",,"",2026-07-10 17:04:28.730 -0400,2026-07-16 23:23:11.615 -0400
TRY9I35,RastroSiga,36374.0,TRY-9I35,-3.0707883333333332,-60.00510222222223,false,2026-07-14 14:51:14.000 -0400,2026-07-14 14:51:16.205 -0400,"9BWAG5R15ST085448","2448","{""Plate"": ""TRY-9I35"", ""Driver"": null, ""Address"": ""Rua Alexandre Magno, Parque Dez de Novembro, Manaus, AM, Brasil, 69000-000"", ""IdEvent"": 2, ""Ignition"": false, ""Latitude"": -3.0707883333333332, ""ValidGPS"": true, ""Available"": null, ""EventDate"": ""2026-07-14T18:51:14Z"", ""Longitude"": -60.00510222222223, ""IdPosition"": 277811426, ""UpdateDate"": ""2026-07-14T18:51:16.205Z"", ""ListTrailer"": null, ""TrackedUnit"": ""TRY-9I35"", ""TrackerSlot"": 1, ""IdTrackedUnit"": 2448, ""ListTelemetry"": {""2"": 14.0, ""6"": 315.0, ""8"": 100.0, ""15"": 36374.0, ""17"": 0.0}, ""DocumentNumber"": null, ""ListInputSensor"": {""17"": false}, ""IdTrackedUnitType"": 1, ""ListOutputActuator"": {}, ""DriverIdentification"": null, ""IdMainBatteryMeasureUnit"": 1, ""DistanceFromGeographicArea"": null, ""IdBackupBatteryMeasureUnit"": 2, ""TrackedUnitIntegrationCode"": null, ""PersonIntegrationCodeCenter"": """", ""PersonIntegrationCodeClient"": null}",2026-07-10 17:16:33.291 -0400,2026-07-14 23:24:14.831 -0400
TSI9A37,Sem Rastreador,,,,,,,,"8AWBJ6B29SA809798",,"",2026-07-10 17:34:42.284 -0400,2026-07-16 23:23:11.731 -0400
TSO3G20,Vai,0.0,TSO3G20,,,,2026-07-16 22:25:12.050 -0400,,"9BWAG5R13TP042849","230301809","{""plate"": ""TSO3G20"", ""chassis"": ""9BWAG5R13TP042849"", ""codigoVai"": ""230301809"", ""ecuChassis"": ""9BWAG5R13TP042849"", ""lastReview"": ""2026-04-17"", ""reviewStatus"": 0, ""currentMileage"": 1300.4019999999998, ""initialMileage"": 12, ""lastConnection"": ""2026-07-17T02:25:12.050389+00:00"", ""dailyMileageAvg"": 19.557377049180328, ""mileageOnReview"": 0.0, ""odometerMileage"": 0.0, ""reviewDateEstimated"": ""2027-04-17""}",2026-07-10 16:53:43.080 -0400,2026-07-16 23:23:11.783 -0400
UUD4H70,RastroSiga,19.0,UUD-4H70,-3.106891666666667,-60.011853333333335,false,2026-07-14 17:02:08.000 -0400,2026-07-14 17:02:09.373 -0400,"9BWAG5R11TP056328","2493","{""Plate"": ""UUD-4H70"", ""Driver"": null, ""Address"": ""Rua Belo Horizonte, Adrianópolis, Manaus, AM, Brasil, 69000-000"", ""IdEvent"": 2, ""Ignition"": false, ""Latitude"": -3.106891666666667, ""ValidGPS"": true, ""Available"": null, ""EventDate"": ""2026-07-14T21:02:08Z"", ""Longitude"": -60.011853333333335, ""IdPosition"": 277902688, ""UpdateDate"": ""2026-07-14T21:02:09.373Z"", ""ListTrailer"": null, ""TrackedUnit"": ""UUD-4H70"", ""TrackerSlot"": 1, ""IdTrackedUnit"": 2493, ""ListTelemetry"": {""2"": 9.0, ""6"": 87.0, ""8"": 100.0, ""15"": 19.0, ""17"": 0.0}, ""DocumentNumber"": null, ""ListInputSensor"": {""17"": false}, ""IdTrackedUnitType"": 1, ""ListOutputActuator"": {}, ""DriverIdentification"": null, ""IdMainBatteryMeasureUnit"": 1, ""DistanceFromGeographicArea"": null, ""IdBackupBatteryMeasureUnit"": 2, ""TrackedUnitIntegrationCode"": null, ""PersonIntegrationCodeCenter"": """", ""PersonIntegrationCodeClient"": null}",2026-07-13 11:32:58.639 -0400,2026-07-14 23:24:15.241 -0400
UUD4I20,RastroSiga,34.0,UUD-4I20,-3.0837483333333333,-60.005875555555555,false,2026-07-16 22:10:19.000 -0400,2026-07-16 22:10:20.446 -0400,"9BWBG6DF5TT430959","2497","{""Plate"": ""UUD-4I20"", ""Driver"": null, ""Address"": ""Rua Iracy Albuquerque, Parque Dez de Novembro, Manaus, AM, Brasil, 69000-000"", ""IdEvent"": 2, ""Ignition"": false, ""Latitude"": -3.0837483333333333, ""ValidGPS"": true, ""Available"": null, ""EventDate"": ""2026-07-17T02:10:19Z"", ""Longitude"": -60.005875555555555, ""IdPosition"": 279400608, ""UpdateDate"": ""2026-07-17T02:10:20.446Z"", ""ListTrailer"": null, ""TrackedUnit"": ""UUD-4I20"", ""TrackerSlot"": 1, ""IdTrackedUnit"": 2497, ""ListTelemetry"": {""2"": 10.0, ""6"": 160.0, ""8"": 100.0, ""15"": 34.0, ""17"": 0.0}, ""DocumentNumber"": null, ""ListInputSensor"": {""17"": false}, ""IdTrackedUnitType"": 1, ""ListOutputActuator"": {}, ""DriverIdentification"": null, ""IdMainBatteryMeasureUnit"": 1, ""DistanceFromGeographicArea"": null, ""IdBackupBatteryMeasureUnit"": 2, ""TrackedUnitIntegrationCode"": null, ""PersonIntegrationCodeCenter"": """", ""PersonIntegrationCodeClient"": null}",2026-07-13 16:24:02.790 -0400,2026-07-16 23:23:11.825 -0400
UUE3G10,RastroSiga,238.0,UUE-3G10,-3.0732066666666666,-59.95263111111111,true,2026-07-16 23:22:46.000 -0400,2026-07-16 23:22:48.249 -0400,"9BWAG5R18TP056164","2474","{""Plate"": ""UUE-3G10"", ""Driver"": null, ""Address"": ""Rua Olinto Lima, São José Operário, Manaus, AM, Brasil, 69000-000"", ""IdEvent"": 2, ""Ignition"": true, ""Latitude"": -3.0732066666666666, ""ValidGPS"": true, ""Available"": null, ""EventDate"": ""2026-07-17T03:22:46Z"", ""Longitude"": -59.95263111111111, ""IdPosition"": 279425157, ""UpdateDate"": ""2026-07-17T03:22:48.249Z"", ""ListTrailer"": null, ""TrackedUnit"": ""UUE-3G10"", ""TrackerSlot"": 1, ""IdTrackedUnit"": 2474, ""ListTelemetry"": {""2"": 13.0, ""6"": 298.0, ""8"": 100.0, ""15"": 238.0, ""17"": 18.0}, ""DocumentNumber"": null, ""ListInputSensor"": {""17"": true}, ""IdTrackedUnitType"": 1, ""ListOutputActuator"": {}, ""DriverIdentification"": null, ""IdMainBatteryMeasureUnit"": 1, ""DistanceFromGeographicArea"": null, ""IdBackupBatteryMeasureUnit"": 2, ""TrackedUnitIntegrationCode"": null, ""PersonIntegrationCodeCenter"": """", ""PersonIntegrationCodeClient"": null}",2026-07-10 17:56:49.115 -0400,2026-07-16 23:23:11.835 -0400
UUE3G20,RastroSiga,564200.0,UUE-3G20,-3.1279483333333333,-60.00195111111111,false,2026-07-16 22:44:44.000 -0400,2026-07-16 22:44:47.020 -0400,"9BWBG6DF0TT429525","2462","{""Plate"": ""UUE-3G20"", ""Driver"": null, ""Address"": ""Avenida Urucará, 605, Cachoeirinha, Manaus, AM, Brasil, 69065-180"", ""IdEvent"": 2, ""Ignition"": false, ""Latitude"": -3.1279483333333333, ""ValidGPS"": true, ""Available"": null, ""EventDate"": ""2026-07-17T02:44:44Z"", ""Longitude"": -60.00195111111111, ""IdPosition"": 279413535, ""UpdateDate"": ""2026-07-17T02:44:47.02Z"", ""ListTrailer"": null, ""TrackedUnit"": ""UUE-3G20"", ""TrackerSlot"": 1, ""IdTrackedUnit"": 2462, ""ListTelemetry"": {""2"": 15.0, ""6"": 168.0, ""7"": 12.9, ""8"": 80.0, ""15"": 564200.0, ""17"": 0.0}, ""DocumentNumber"": null, ""ListInputSensor"": {""17"": false}, ""IdTrackedUnitType"": 1, ""ListOutputActuator"": {""33"": false}, ""DriverIdentification"": null, ""IdMainBatteryMeasureUnit"": 1, ""DistanceFromGeographicArea"": null, ""IdBackupBatteryMeasureUnit"": 2, ""TrackedUnitIntegrationCode"": null, ""PersonIntegrationCodeCenter"": """", ""PersonIntegrationCodeClient"": null}",2026-07-10 17:57:49.481 -0400,2026-07-16 23:23:11.836 -0400
